scenario_id,method,family,scenario_scenario_id,scenario_method,scenario_anchor_count,scenario_tag_count,scenario_update_rate_hz,scenario_width_m,scenario_length_m,scenario_height_m,scenario_frame_duration_s,scenario_guard_duration_s,scenario_hardware_profile,scenario_oscillator_profile,scenario_calibration_profile,scenario_anchor_layout,scenario_anchor_altitude_spread_m,scenario_path,scenario_speed_m_s,scenario_timing_uncertainty_m,scenario_clock_quality_ppm,scenario_synchronization_interval_s,scenario_reply_delay_s,scenario_bandwidth_hz,scenario_center_freq_hz,scenario_snr_db,scenario_nlos_probability,scenario_nlos_bias_m,scenario_additional_measurement_uncertainty_m,scenario_packet_loss_probability,scenario_tx_power_dbm,scenario_scheduling_model,acc_n_success,acc_x_bias_m,acc_y_bias_m,acc_z_bias_m,acc_x_mae_m,acc_y_mae_m,acc_z_mae_m,acc_x_rmse_m,acc_y_rmse_m,acc_z_rmse_m,acc_x_std_m,acc_y_std_m,acc_z_std_m,acc_horizontal_mae_m,acc_horizontal_rmse_m,acc_horizontal_p50_m,acc_horizontal_p68_m,acc_horizontal_p90_m,acc_horizontal_p95_m,acc_horizontal_p99_m,acc_horizontal_max_m,acc_cep50_m,acc_cep95_m,acc_vertical_mae_m,acc_vertical_rmse_m,acc_vertical_p50_m,acc_vertical_p68_m,acc_vertical_p90_m,acc_vertical_p95_m,acc_vertical_p99_m,acc_vertical_max_m,acc_error_3d_mae_m,acc_error_3d_rmse_m,acc_error_3d_std_m,acc_error_3d_p50_m,acc_error_3d_p68_m,acc_error_3d_p75_m,acc_error_3d_p90_m,acc_error_3d_p95_m,acc_error_3d_p99_m,acc_error_3d_max_m,acc_sep50_m,acc_sep95_m,acc_error_ellipsoid_volume_m3,rel_attempted_fixes,rel_valid_fixes,rel_invalid_fixes,rel_valid_fix_rate,rel_dropout_rate,rel_solver_failure_rate,rel_outlier_rate,rel_severe_outlier_rate,rel_continuity,rel_longest_outage_fixes,rel_reacquisition_time_s,rel_availability_by_threshold,rel_los_availability,rel_nlos_availability,scale_method,scale_anchor_count,scale_tag_count,scale_requested_update_rate_hz,scale_frames_per_fix,scale_frame_duration_s,scale_guard_duration_s,scale_scheduling_model,scale_frames_per_second_offered,scale_airtime_fraction,scale_scheduled_occupancy,scale_overloaded,scale_collision_probability,scale_packet_delivery_probability,scale_requested_fixes_per_second,scale_achievable_fixes_per_second,scale_achieved_per_tag_update_rate_hz,scale_max_supported_tags,scale_energy_per_valid_fix_j,pathm_path_id,pathm_path_type,pathm_sample_count,pathm_path_3d_length_m,pathm_horizontal_path_length_m,pathm_vertical_travel_m,pathm_duration_s,pathm_mean_speed_m_s,pathm_max_speed_m_s,pathm_vertical_speed_m_s,pathm_horizontal_rmse_m,pathm_vertical_rmse_m,pathm_error_3d_rmse_m,pathm_error_3d_p95_m,pathm_cross_track_rmse_m,pathm_along_track_rmse_m,pathm_dropouts,pathm_longest_outage,latency_sequential_fix_s,geom_geometry_valid_fraction,geom_jacobian_rank,geom_geometry_valid,geom_failure_reason,geom_redundant,geom_reference_count,geom_condition_number,geom_hull_contains_tag,crlb_crlb_x_m,crlb_crlb_y_m,crlb_crlb_z_m,evidence_evidence_type,evidence_source_name,evidence_source_url,evidence_source_scope,evidence_retrieved_date,evidence_confidence,evidence_caveats,feas_scenario_id,feas_applicable,feas_geometry_valid,feas_overloaded,feas_failed_requirements,feas_unknown_requirements,feas_feasible,feas_infeasibility_reason,pareto_index,pareto_feasible,pareto_pareto_optimal,pareto_pareto_front_index,pareto_dominated_by,pareto_normalized_score,pareto_weighted_score,hw_manufacturer,hw_module_family,hw_exact_model,hw_hardware_revision,hw_claimed_radio_ic,hw_verified_radio_ic,hw_claimed_ranging_support,hw_verified_ranging_support,hw_operating_band,hw_bandwidth_options_khz,hw_max_tx_power_dbm,hw_rx_sensitivity_dbm,hw_oscillator_type,hw_oscillator_tolerance_ppm,hw_pa_present,hw_lna_present,hw_tx_current_ma,hw_rx_current_ma,hw_sleep_current_ua,hw_calibration_requirement,hw_firmware_identity,hw_driver_or_software_identity,hw_evidence_evidence_type,hw_evidence_source_name,hw_evidence_source_url,hw_evidence_source_scope,hw_evidence_retrieved_date,hw_evidence_confidence,hw_evidence_caveats,hw_provenance_conflict_flag,hw_provenance_conflict_note
scenario-000000,UWB_SS_TWR,LOCAL_RADIO,scenario-000000,UWB_SS_TWR,4,1,1.0,20.0,20.0,6.0,0.001,0.0002,,,,,,,,0.15,,,,,,,0.1,0.5,,,,scheduled,100,0.005008042591321034,-0.002003826600697396,0.18786144157992457,0.10586775611449431,0.10894361822980583,0.4479512283118963,0.1393046803333196,0.1429493753130873,0.5652962862202283,0.13921463095584413,0.14293533006697895,0.5331678628554941,0.17030519214944523,0.19960039545344155,0.14403032767470342,0.22002874108245166,0.30267711138241443,0.37165763879658326,0.45332996782877966,0.45565170830118484,0.14403032767470342,0.37165763879658326,0.4479512283118963,0.5652962862202283,0.35030916735727624,0.5126290987636243,0.829132127977065,1.103156896007801,1.6164229418839295,1.8412694966360812,0.500717973777142,0.5994999658711855,0.3296691065539293,0.4183225210707866,0.5675374113588275,0.6493207336017326,0.872368823938899,1.1050515210268181,1.6445044853337545,1.8782985539181154,0.4183225210707866,1.1050515210268181,0.04467183669815267,100,100,0,1.0,0.0,0.0,,,1.0,0,,0.1:0.0|0.25:0.21|0.5:0.61|1.0:0.93|2.0:1.0,,,SS_TWR,4,1,1.0,8,0.001,0.0002,scheduled,8.0,0.009600000000000001,0.009600000000000001,False,,,1.0,1.0,1.0,104,,scenario-000000-default-path,STRAIGHT_LINE,5,17.06575518399347,16.97056274847714,1.7999999999999998,5.0,3.413151036798694,3.413151036798694,0.35999999999999993,0.19960039545344155,0.5652962862202283,0.5994999658711855,1.1050515210268181,0.5812896458707403,0.14663750094372857,0,0,0.009600000000000001,0.0,3,False,COPLANAR_WEAK_VERTICAL,False,4,4.546234028149045,,0.15926591250660804,0.15926591250660802,0.6217531824986616,SIMULATED_MONTE_CARLO,Configured Gaussian/NLOS-bias range-error model,,"Synthetic model: N(0, 0.1500 m) range noise, plus a 0.500 m bias applied to a randomly selected 10% of attempts. Parameters come directly from this scenario's configuration, not from a measurement or a hardware-calibrated fit.",,,,scenario-000000,True,False,False,,,False,GEOMETRY_INVALID,0,False,False,,,,,,,,,,,,,,,,,,,,,,,,,,,,,,,,,,,
scenario-000001,UWB_SS_TWR,LOCAL_RADIO,scenario-000001,UWB_SS_TWR,4,1,5.0,20.0,20.0,6.0,0.001,0.0002,,,,,,,,0.15,,,,,,,0.1,0.5,,,,scheduled,100,0.005008042591321034,-0.002003826600697396,0.18786144157992457,0.10586775611449431,0.10894361822980583,0.4479512283118963,0.1393046803333196,0.1429493753130873,0.5652962862202283,0.13921463095584413,0.14293533006697895,0.5331678628554941,0.17030519214944523,0.19960039545344155,0.14403032767470342,0.22002874108245166,0.30267711138241443,0.37165763879658326,0.45332996782877966,0.45565170830118484,0.14403032767470342,0.37165763879658326,0.4479512283118963,0.5652962862202283,0.35030916735727624,0.5126290987636243,0.829132127977065,1.103156896007801,1.6164229418839295,1.8412694966360812,0.500717973777142,0.5994999658711855,0.3296691065539293,0.4183225210707866,0.5675374113588275,0.6493207336017326,0.872368823938899,1.1050515210268181,1.6445044853337545,1.8782985539181154,0.4183225210707866,1.1050515210268181,0.04467183669815267,100,100,0,1.0,0.0,0.0,,,1.0,0,,0.1:0.0|0.25:0.21|0.5:0.61|1.0:0.93|2.0:1.0,,,SS_TWR,4,1,5.0,8,0.001,0.0002,scheduled,40.0,0.048,0.048,False,,,5.0,5.0,5.0,20,,scenario-000001-default-path,STRAIGHT_LINE,5,17.06575518399347,16.97056274847714,1.7999999999999998,5.0,3.413151036798694,3.413151036798694,0.35999999999999993,0.19960039545344155,0.5652962862202283,0.5994999658711855,1.1050515210268181,0.5812896458707403,0.14663750094372857,0,0,0.009600000000000001,0.0,3,False,COPLANAR_WEAK_VERTICAL,False,4,4.546234028149045,,0.15926591250660804,0.15926591250660802,0.6217531824986616,SIMULATED_MONTE_CARLO,Configured Gaussian/NLOS-bias range-error model,,"Synthetic model: N(0, 0.1500 m) range noise, plus a 0.500 m bias applied to a randomly selected 10% of attempts. Parameters come directly from this scenario's configuration, not from a measurement or a hardware-calibrated fit.",,,,scenario-000001,True,False,False,,,False,GEOMETRY_INVALID,1,False,False,,,,,,,,,,,,,,,,,,,,,,,,,,,,,,,,,,,
scenario-000002,UWB_SS_TWR,LOCAL_RADIO,scenario-000002,UWB_SS_TWR,4,10,1.0,20.0,20.0,6.0,0.001,0.0002,,,,,,,,0.15,,,,,,,0.1,0.5,,,,scheduled,100,0.005008042591321034,-0.002003826600697396,0.18786144157992457,0.10586775611449431,0.10894361822980583,0.4479512283118963,0.1393046803333196,0.1429493753130873,0.5652962862202283,0.13921463095584413,0.14293533006697895,0.5331678628554941,0.17030519214944523,0.19960039545344155,0.14403032767470342,0.22002874108245166,0.30267711138241443,0.37165763879658326,0.45332996782877966,0.45565170830118484,0.14403032767470342,0.37165763879658326,0.4479512283118963,0.5652962862202283,0.35030916735727624,0.5126290987636243,0.829132127977065,1.103156896007801,1.6164229418839295,1.8412694966360812,0.500717973777142,0.5994999658711855,0.3296691065539293,0.4183225210707866,0.5675374113588275,0.6493207336017326,0.872368823938899,1.1050515210268181,1.6445044853337545,1.8782985539181154,0.4183225210707866,1.1050515210268181,0.04467183669815267,100,100,0,1.0,0.0,0.0,,,1.0,0,,0.1:0.0|0.25:0.21|0.5:0.61|1.0:0.93|2.0:1.0,,,SS_TWR,4,10,1.0,8,0.001,0.0002,scheduled,80.0,0.096,0.096,False,,,10.0,10.0,1.0,104,,scenario-000002-default-path,STRAIGHT_LINE,5,17.06575518399347,16.97056274847714,1.7999999999999998,5.0,3.413151036798694,3.413151036798694,0.35999999999999993,0.19960039545344155,0.5652962862202283,0.5994999658711855,1.1050515210268181,0.5812896458707403,0.14663750094372857,0,0,0.009600000000000001,0.0,3,False,COPLANAR_WEAK_VERTICAL,False,4,4.546234028149045,,0.15926591250660804,0.15926591250660802,0.6217531824986616,SIMULATED_MONTE_CARLO,Configured Gaussian/NLOS-bias range-error model,,"Synthetic model: N(0, 0.1500 m) range noise, plus a 0.500 m bias applied to a randomly selected 10% of attempts. Parameters come directly from this scenario's configuration, not from a measurement or a hardware-calibrated fit.",,,,scenario-000002,True,False,False,,,False,GEOMETRY_INVALID,2,False,False,,,,,,,,,,,,,,,,,,,,,,,,,,,,,,,,,,,
scenario-000003,UWB_SS_TWR,LOCAL_RADIO,scenario-000003,UWB_SS_TWR,4,10,5.0,20.0,20.0,6.0,0.001,0.0002,,,,,,,,0.15,,,,,,,0.1,0.5,,,,scheduled,100,0.005008042591321034,-0.002003826600697396,0.18786144157992457,0.10586775611449431,0.10894361822980583,0.4479512283118963,0.1393046803333196,0.1429493753130873,0.5652962862202283,0.13921463095584413,0.14293533006697895,0.5331678628554941,0.17030519214944523,0.19960039545344155,0.14403032767470342,0.22002874108245166,0.30267711138241443,0.37165763879658326,0.45332996782877966,0.45565170830118484,0.14403032767470342,0.37165763879658326,0.4479512283118963,0.5652962862202283,0.35030916735727624,0.5126290987636243,0.829132127977065,1.103156896007801,1.6164229418839295,1.8412694966360812,0.500717973777142,0.5994999658711855,0.3296691065539293,0.4183225210707866,0.5675374113588275,0.6493207336017326,0.872368823938899,1.1050515210268181,1.6445044853337545,1.8782985539181154,0.4183225210707866,1.1050515210268181,0.04467183669815267,100,100,0,1.0,0.0,0.0,,,1.0,0,,0.1:0.0|0.25:0.21|0.5:0.61|1.0:0.93|2.0:1.0,,,SS_TWR,4,10,5.0,8,0.001,0.0002,scheduled,400.0,0.48000000000000004,0.48000000000000004,False,,,50.0,50.0,5.0,20,,scenario-000003-default-path,STRAIGHT_LINE,5,17.06575518399347,16.97056274847714,1.7999999999999998,5.0,3.413151036798694,3.413151036798694,0.35999999999999993,0.19960039545344155,0.5652962862202283,0.5994999658711855,1.1050515210268181,0.5812896458707403,0.14663750094372857,0,0,0.009600000000000001,0.0,3,False,COPLANAR_WEAK_VERTICAL,False,4,4.546234028149045,,0.15926591250660804,0.15926591250660802,0.6217531824986616,SIMULATED_MONTE_CARLO,Configured Gaussian/NLOS-bias range-error model,,"Synthetic model: N(0, 0.1500 m) range noise, plus a 0.500 m bias applied to a randomly selected 10% of attempts. Parameters come directly from this scenario's configuration, not from a measurement or a hardware-calibrated fit.",,,,scenario-000003,True,False,False,,,False,GEOMETRY_INVALID,3,False,False,,,,,,,,,,,,,,,,,,,,,,,,,,,,,,,,,,,
scenario-000004,UWB_DS_TWR,LOCAL_RADIO,scenario-000004,UWB_DS_TWR,4,1,1.0,20.0,20.0,6.0,0.001,0.0002,,,,,,,,0.15,,,,,,,0.1,0.5,,,,scheduled,100,0.005008042591321034,-0.002003826600697396,0.18786144157992457,0.10586775611449431,0.10894361822980583,0.4479512283118963,0.1393046803333196,0.1429493753130873,0.5652962862202283,0.13921463095584413,0.14293533006697895,0.5331678628554941,0.17030519214944523,0.19960039545344155,0.14403032767470342,0.22002874108245166,0.30267711138241443,0.37165763879658326,0.45332996782877966,0.45565170830118484,0.14403032767470342,0.37165763879658326,0.4479512283118963,0.5652962862202283,0.35030916735727624,0.5126290987636243,0.829132127977065,1.103156896007801,1.6164229418839295,1.8412694966360812,0.500717973777142,0.5994999658711855,0.3296691065539293,0.4183225210707866,0.5675374113588275,0.6493207336017326,0.872368823938899,1.1050515210268181,1.6445044853337545,1.8782985539181154,0.4183225210707866,1.1050515210268181,0.04467183669815267,100,100,0,1.0,0.0,0.0,,,1.0,0,,0.1:0.0|0.25:0.21|0.5:0.61|1.0:0.93|2.0:1.0,,,DS_TWR,4,1,1.0,12,0.001,0.0002,scheduled,12.0,0.014400000000000001,0.014400000000000001,False,,,1.0,1.0,1.0,69,,scenario-000004-default-path,STRAIGHT_LINE,5,17.06575518399347,16.97056274847714,1.7999999999999998,5.0,3.413151036798694,3.413151036798694,0.35999999999999993,0.19960039545344155,0.5652962862202283,0.5994999658711855,1.1050515210268181,0.5812896458707403,0.14663750094372857,0,0,0.014400000000000001,0.0,3,False,COPLANAR_WEAK_VERTICAL,False,4,4.546234028149045,,0.15926591250660804,0.15926591250660802,0.6217531824986616,SIMULATED_MONTE_CARLO,Configured Gaussian/NLOS-bias range-error model,,"Synthetic model: N(0, 0.1500 m) range noise, plus a 0.500 m bias applied to a randomly selected 10% of attempts. Parameters come directly from this scenario's configuration, not from a measurement or a hardware-calibrated fit.",,,,scenario-000004,True,False,False,,,False,GEOMETRY_INVALID,4,False,False,,,,,,,,,,,,,,,,,,,,,,,,,,,,,,,,,,,
scenario-000005,UWB_DS_TWR,LOCAL_RADIO,scenario-000005,UWB_DS_TWR,4,1,5.0,20.0,20.0,6.0,0.001,0.0002,,,,,,,,0.15,,,,,,,0.1,0.5,,,,scheduled,100,0.005008042591321034,-0.002003826600697396,0.18786144157992457,0.10586775611449431,0.10894361822980583,0.4479512283118963,0.1393046803333196,0.1429493753130873,0.5652962862202283,0.13921463095584413,0.14293533006697895,0.5331678628554941,0.17030519214944523,0.19960039545344155,0.14403032767470342,0.22002874108245166,0.30267711138241443,0.37165763879658326,0.45332996782877966,0.45565170830118484,0.14403032767470342,0.37165763879658326,0.4479512283118963,0.5652962862202283,0.35030916735727624,0.5126290987636243,0.829132127977065,1.103156896007801,1.6164229418839295,1.8412694966360812,0.500717973777142,0.5994999658711855,0.3296691065539293,0.4183225210707866,0.5675374113588275,0.6493207336017326,0.872368823938899,1.1050515210268181,1.6445044853337545,1.8782985539181154,0.4183225210707866,1.1050515210268181,0.04467183669815267,100,100,0,1.0,0.0,0.0,,,1.0,0,,0.1:0.0|0.25:0.21|0.5:0.61|1.0:0.93|2.0:1.0,,,DS_TWR,4,1,5.0,12,0.001,0.0002,scheduled,60.0,0.07200000000000001,0.07200000000000001,False,,,5.0,5.0,5.0,13,,scenario-000005-default-path,STRAIGHT_LINE,5,17.06575518399347,16.97056274847714,1.7999999999999998,5.0,3.413151036798694,3.413151036798694,0.35999999999999993,0.19960039545344155,0.5652962862202283,0.5994999658711855,1.1050515210268181,0.5812896458707403,0.14663750094372857,0,0,0.014400000000000001,0.0,3,False,COPLANAR_WEAK_VERTICAL,False,4,4.546234028149045,,0.15926591250660804,0.15926591250660802,0.6217531824986616,SIMULATED_MONTE_CARLO,Configured Gaussian/NLOS-bias range-error model,,"Synthetic model: N(0, 0.1500 m) range noise, plus a 0.500 m bias applied to a randomly selected 10% of attempts. Parameters come directly from this scenario's configuration, not from a measurement or a hardware-calibrated fit.",,,,scenario-000005,True,False,False,,,False,GEOMETRY_INVALID,5,False,False,,,,,,,,,,,,,,,,,,,,,,,,,,,,,,,,,,,
scenario-000006,UWB_DS_TWR,LOCAL_RADIO,scenario-000006,UWB_DS_TWR,4,10,1.0,20.0,20.0,6.0,0.001,0.0002,,,,,,,,0.15,,,,,,,0.1,0.5,,,,scheduled,100,0.005008042591321034,-0.002003826600697396,0.18786144157992457,0.10586775611449431,0.10894361822980583,0.4479512283118963,0.1393046803333196,0.1429493753130873,0.5652962862202283,0.13921463095584413,0.14293533006697895,0.5331678628554941,0.17030519214944523,0.19960039545344155,0.14403032767470342,0.22002874108245166,0.30267711138241443,0.37165763879658326,0.45332996782877966,0.45565170830118484,0.14403032767470342,0.37165763879658326,0.4479512283118963,0.5652962862202283,0.35030916735727624,0.5126290987636243,0.829132127977065,1.103156896007801,1.6164229418839295,1.8412694966360812,0.500717973777142,0.5994999658711855,0.3296691065539293,0.4183225210707866,0.5675374113588275,0.6493207336017326,0.872368823938899,1.1050515210268181,1.6445044853337545,1.8782985539181154,0.4183225210707866,1.1050515210268181,0.04467183669815267,100,100,0,1.0,0.0,0.0,,,1.0,0,,0.1:0.0|0.25:0.21|0.5:0.61|1.0:0.93|2.0:1.0,,,DS_TWR,4,10,1.0,12,0.001,0.0002,scheduled,120.0,0.14400000000000002,0.14400000000000002,False,,,10.0,10.0,1.0,69,,scenario-000006-default-path,STRAIGHT_LINE,5,17.06575518399347,16.97056274847714,1.7999999999999998,5.0,3.413151036798694,3.413151036798694,0.35999999999999993,0.19960039545344155,0.5652962862202283,0.5994999658711855,1.1050515210268181,0.5812896458707403,0.14663750094372857,0,0,0.014400000000000001,0.0,3,False,COPLANAR_WEAK_VERTICAL,False,4,4.546234028149045,,0.15926591250660804,0.15926591250660802,0.6217531824986616,SIMULATED_MONTE_CARLO,Configured Gaussian/NLOS-bias range-error model,,"Synthetic model: N(0, 0.1500 m) range noise, plus a 0.500 m bias applied to a randomly selected 10% of attempts. Parameters come directly from this scenario's configuration, not from a measurement or a hardware-calibrated fit.",,,,scenario-000006,True,False,False,,,False,GEOMETRY_INVALID,6,False,False,,,,,,,,,,,,,,,,,,,,,,,,,,,,,,,,,,,
scenario-000007,UWB_DS_TWR,LOCAL_RADIO,scenario-000007,UWB_DS_TWR,4,10,5.0,20.0,20.0,6.0,0.001,0.0002,,,,,,,,0.15,,,,,,,0.1,0.5,,,,scheduled,100,0.005008042591321034,-0.002003826600697396,0.18786144157992457,0.10586775611449431,0.10894361822980583,0.4479512283118963,0.1393046803333196,0.1429493753130873,0.5652962862202283,0.13921463095584413,0.14293533006697895,0.5331678628554941,0.17030519214944523,0.19960039545344155,0.14403032767470342,0.22002874108245166,0.30267711138241443,0.37165763879658326,0.45332996782877966,0.45565170830118484,0.14403032767470342,0.37165763879658326,0.4479512283118963,0.5652962862202283,0.35030916735727624,0.5126290987636243,0.829132127977065,1.103156896007801,1.6164229418839295,1.8412694966360812,0.500717973777142,0.5994999658711855,0.3296691065539293,0.4183225210707866,0.5675374113588275,0.6493207336017326,0.872368823938899,1.1050515210268181,1.6445044853337545,1.8782985539181154,0.4183225210707866,1.1050515210268181,0.04467183669815267,100,100,0,1.0,0.0,0.0,,,1.0,0,,0.1:0.0|0.25:0.21|0.5:0.61|1.0:0.93|2.0:1.0,,,DS_TWR,4,10,5.0,12,0.001,0.0002,scheduled,600.0,0.7200000000000001,0.7200000000000001,False,,,50.0,50.0,5.0,13,,scenario-000007-default-path,STRAIGHT_LINE,5,17.06575518399347,16.97056274847714,1.7999999999999998,5.0,3.413151036798694,3.413151036798694,0.35999999999999993,0.19960039545344155,0.5652962862202283,0.5994999658711855,1.1050515210268181,0.5812896458707403,0.14663750094372857,0,0,0.014400000000000001,0.0,3,False,COPLANAR_WEAK_VERTICAL,False,4,4.546234028149045,,0.15926591250660804,0.15926591250660802,0.6217531824986616,SIMULATED_MONTE_CARLO,Configured Gaussian/NLOS-bias range-error model,,"Synthetic model: N(0, 0.1500 m) range noise, plus a 0.500 m bias applied to a randomly selected 10% of attempts. Parameters come directly from this scenario's configuration, not from a measurement or a hardware-calibrated fit.",,,,scenario-000007,True,False,False,,,False,GEOMETRY_INVALID,7,False,False,,,,,,,,,,,,,,,,,,,,,,,,,,,,,,,,,,,
scenario-000008,TDOA,LOCAL_RADIO,scenario-000008,TDOA,4,1,1.0,20.0,20.0,6.0,0.001,0.0002,,,,,,,,0.15,,,,,,,0.1,0.5,,,,scheduled,100,8.109917733289326,-24.381861024630748,-990.0566208511885,15.788825717523856,32.64150638663592,4169.173836580205,52.84721036354997,124.18642583650488,15028.470108103029,52.221230142237964,121.76942643792539,14995.822807623963,38.620232684773846,134.96331355318392,0.5396174388125923,1.905212404720505,86.76638027170358,248.54442102412122,605.2565923982971,947.2046992625122,0.5396174388125923,248.54442102412122,4169.173836580205,15028.470108103029,5.804268307078265,11.423713612069312,11074.714980968562,21185.25761322684,59535.04542699307,105903.7234645345,4169.5757728462395,15029.076115521922,14439.105469545031,5.8205936127849425,11.576716680141436,20.242913463611377,11075.172667129207,21185.388532684374,59538.08328933905,105904.00914885639,5.8205936127849425,21185.388532684374,275821632.4896029,100,100,0,1.0,0.0,0.0,,,1.0,0,,0.1:0.01|0.25:0.01|0.5:0.02|1.0:0.04|2.0:0.16,,,TDOA,4,1,1.0,1,0.001,0.0002,scheduled,1.0,0.0012000000000000001,0.0012000000000000001,False,,,1.0,1.0,1.0,833,,scenario-000008-default-path,STRAIGHT_LINE,5,17.06575518399347,16.97056274847714,1.7999999999999998,5.0,3.413151036798694,3.413151036798694,0.35999999999999993,134.96331355318392,15028.470108103029,15029.076115521922,21185.388532684374,14947.670967490332,1562.1336478669568,0,0,0.0012000000000000001,0.0,3,False,COPLANAR_WEAK_VERTICAL,False,4,112.23865528306885,,0.7469556987515527,0.7469556987515525,8.528057929532968,SIMULATED_MONTE_CARLO,Configured Gaussian/NLOS-bias range-error model,,"Synthetic model: N(0, 0.1500 m) range noise, plus a 0.500 m bias applied to a randomly selected 10% of attempts. Parameters come directly from this scenario's configuration, not from a measurement or a hardware-calibrated fit.",,,,scenario-000008,True,False,False,,,False,GEOMETRY_INVALID,8,False,False,,,,,,,,,,,,,,,,,,,,,,,,,,,,,,,,,,,
scenario-000009,TDOA,LOCAL_RADIO,scenario-000009,TDOA,4,1,5.0,20.0,20.0,6.0,0.001,0.0002,,,,,,,,0.15,,,,,,,0.1,0.5,,,,scheduled,100,8.109917733289326,-24.381861024630748,-990.0566208511885,15.788825717523856,32.64150638663592,4169.173836580205,52.84721036354997,124.18642583650488,15028.470108103029,52.221230142237964,121.76942643792539,14995.822807623963,38.620232684773846,134.96331355318392,0.5396174388125923,1.905212404720505,86.76638027170358,248.54442102412122,605.2565923982971,947.2046992625122,0.5396174388125923,248.54442102412122,4169.173836580205,15028.470108103029,5.804268307078265,11.423713612069312,11074.714980968562,21185.25761322684,59535.04542699307,105903.7234645345,4169.5757728462395,15029.076115521922,14439.105469545031,5.8205936127849425,11.576716680141436,20.242913463611377,11075.172667129207,21185.388532684374,59538.08328933905,105904.00914885639,5.8205936127849425,21185.388532684374,275821632.4896029,100,100,0,1.0,0.0,0.0,,,1.0,0,,0.1:0.01|0.25:0.01|0.5:0.02|1.0:0.04|2.0:0.16,,,TDOA,4,1,5.0,1,0.001,0.0002,scheduled,5.0,0.006,0.006,False,,,5.0,5.0,5.0,166,,scenario-000009-default-path,STRAIGHT_LINE,5,17.06575518399347,16.97056274847714,1.7999999999999998,5.0,3.413151036798694,3.413151036798694,0.35999999999999993,134.96331355318392,15028.470108103029,15029.076115521922,21185.388532684374,14947.670967490332,1562.1336478669568,0,0,0.0012000000000000001,0.0,3,False,COPLANAR_WEAK_VERTICAL,False,4,112.23865528306885,,0.7469556987515527,0.7469556987515525,8.528057929532968,SIMULATED_MONTE_CARLO,Configured Gaussian/NLOS-bias range-error model,,"Synthetic model: N(0, 0.1500 m) range noise, plus a 0.500 m bias applied to a randomly selected 10% of attempts. Parameters come directly from this scenario's configuration, not from a measurement or a hardware-calibrated fit.",,,,scenario-000009,True,False,False,,,False,GEOMETRY_INVALID,9,False,False,,,,,,,,,,,,,,,,,,,,,,,,,,,,,,,,,,,
scenario-000010,TDOA,LOCAL_RADIO,scenario-000010,TDOA,4,10,1.0,20.0,20.0,6.0,0.001,0.0002,,,,,,,,0.15,,,,,,,0.1,0.5,,,,scheduled,100,8.109917733289326,-24.381861024630748,-990.0566208511885,15.788825717523856,32.64150638663592,4169.173836580205,52.84721036354997,124.18642583650488,15028.470108103029,52.221230142237964,121.76942643792539,14995.822807623963,38.620232684773846,134.96331355318392,0.5396174388125923,1.905212404720505,86.76638027170358,248.54442102412122,605.2565923982971,947.2046992625122,0.5396174388125923,248.54442102412122,4169.173836580205,15028.470108103029,5.804268307078265,11.423713612069312,11074.714980968562,21185.25761322684,59535.04542699307,105903.7234645345,4169.5757728462395,15029.076115521922,14439.105469545031,5.8205936127849425,11.576716680141436,20.242913463611377,11075.172667129207,21185.388532684374,59538.08328933905,105904.00914885639,5.8205936127849425,21185.388532684374,275821632.4896029,100,100,0,1.0,0.0,0.0,,,1.0,0,,0.1:0.01|0.25:0.01|0.5:0.02|1.0:0.04|2.0:0.16,,,TDOA,4,10,1.0,1,0.001,0.0002,scheduled,10.0,0.012,0.012,False,,,10.0,10.0,1.0,833,,scenario-000010-default-path,STRAIGHT_LINE,5,17.06575518399347,16.97056274847714,1.7999999999999998,5.0,3.413151036798694,3.413151036798694,0.35999999999999993,134.96331355318392,15028.470108103029,15029.076115521922,21185.388532684374,14947.670967490332,1562.1336478669568,0,0,0.0012000000000000001,0.0,3,False,COPLANAR_WEAK_VERTICAL,False,4,112.23865528306885,,0.7469556987515527,0.7469556987515525,8.528057929532968,SIMULATED_MONTE_CARLO,Configured Gaussian/NLOS-bias range-error model,,"Synthetic model: N(0, 0.1500 m) range noise, plus a 0.500 m bias applied to a randomly selected 10% of attempts. Parameters come directly from this scenario's configuration, not from a measurement or a hardware-calibrated fit.",,,,scenario-000010,True,False,False,,,False,GEOMETRY_INVALID,10,False,False,,,,,,,,,,,,,,,,,,,,,,,,,,,,,,,,,,,
scenario-000011,TDOA,LOCAL_RADIO,scenario-000011,TDOA,4,10,5.0,20.0,20.0,6.0,0.001,0.0002,,,,,,,,0.15,,,,,,,0.1,0.5,,,,scheduled,100,8.109917733289326,-24.381861024630748,-990.0566208511885,15.788825717523856,32.64150638663592,4169.173836580205,52.84721036354997,124.18642583650488,15028.470108103029,52.221230142237964,121.76942643792539,14995.822807623963,38.620232684773846,134.96331355318392,0.5396174388125923,1.905212404720505,86.76638027170358,248.54442102412122,605.2565923982971,947.2046992625122,0.5396174388125923,248.54442102412122,4169.173836580205,15028.470108103029,5.804268307078265,11.423713612069312,11074.714980968562,21185.25761322684,59535.04542699307,105903.7234645345,4169.5757728462395,15029.076115521922,14439.105469545031,5.8205936127849425,11.576716680141436,20.242913463611377,11075.172667129207,21185.388532684374,59538.08328933905,105904.00914885639,5.8205936127849425,21185.388532684374,275821632.4896029,100,100,0,1.0,0.0,0.0,,,1.0,0,,0.1:0.01|0.25:0.01|0.5:0.02|1.0:0.04|2.0:0.16,,,TDOA,4,10,5.0,1,0.001,0.0002,scheduled,50.0,0.060000000000000005,0.060000000000000005,False,,,50.0,50.0,5.0,166,,scenario-000011-default-path,STRAIGHT_LINE,5,17.06575518399347,16.97056274847714,1.7999999999999998,5.0,3.413151036798694,3.413151036798694,0.35999999999999993,134.96331355318392,15028.470108103029,15029.076115521922,21185.388532684374,14947.670967490332,1562.1336478669568,0,0,0.0012000000000000001,0.0,3,False,COPLANAR_WEAK_VERTICAL,False,4,112.23865528306885,,0.7469556987515527,0.7469556987515525,8.528057929532968,SIMULATED_MONTE_CARLO,Configured Gaussian/NLOS-bias range-error model,,"Synthetic model: N(0, 0.1500 m) range noise, plus a 0.500 m bias applied to a randomly selected 10% of attempts. Parameters come directly from this scenario's configuration, not from a measurement or a hardware-calibrated fit.",,,,scenario-000011,True,False,False,,,False,GEOMETRY_INVALID,11,False,False,,,,,,,,,,,,,,,,,,,,,,,,,,,,,,,,,,,
scenario-000012,SX1280_RANGING,LOCAL_RADIO,scenario-000012,SX1280_RANGING,4,1,1.0,20.0,20.0,6.0,0.001,0.0002,,,,,,,,0.15,,,,,,,0.1,0.5,,,,scheduled,100,0.005008042591321034,-0.002003826600697396,0.18786144157992457,0.10586775611449431,0.10894361822980583,0.4479512283118963,0.1393046803333196,0.1429493753130873,0.5652962862202283,0.13921463095584413,0.14293533006697895,0.5331678628554941,0.17030519214944523,0.19960039545344155,0.14403032767470342,0.22002874108245166,0.30267711138241443,0.37165763879658326,0.45332996782877966,0.45565170830118484,0.14403032767470342,0.37165763879658326,0.4479512283118963,0.5652962862202283,0.35030916735727624,0.5126290987636243,0.829132127977065,1.103156896007801,1.6164229418839295,1.8412694966360812,0.500717973777142,0.5994999658711855,0.3296691065539293,0.4183225210707866,0.5675374113588275,0.6493207336017326,0.872368823938899,1.1050515210268181,1.6445044853337545,1.8782985539181154,0.4183225210707866,1.1050515210268181,0.04467183669815267,100,100,0,1.0,0.0,0.0,,,1.0,0,,0.1:0.0|0.25:0.21|0.5:0.61|1.0:0.93|2.0:1.0,,,SS_TWR,4,1,1.0,8,0.001,0.0002,scheduled,8.0,0.009600000000000001,0.009600000000000001,False,,,1.0,1.0,1.0,104,,scenario-000012-default-path,STRAIGHT_LINE,5,17.06575518399347,16.97056274847714,1.7999999999999998,5.0,3.413151036798694,3.413151036798694,0.35999999999999993,0.19960039545344155,0.5652962862202283,0.5994999658711855,1.1050515210268181,0.5812896458707403,0.14663750094372857,0,0,0.009600000000000001,0.0,3,False,COPLANAR_WEAK_VERTICAL,False,4,4.546234028149045,,0.15926591250660804,0.15926591250660802,0.6217531824986616,SIMULATED_MONTE_CARLO,Configured Gaussian/NLOS-bias range-error model,,"Synthetic model: N(0, 0.1500 m) range noise, plus a 0.500 m bias applied to a randomly selected 10% of attempts. Parameters come directly from this scenario's configuration, not from a measurement or a hardware-calibrated fit.",,,,scenario-000012,True,False,False,,,False,GEOMETRY_INVALID,12,False,False,,,,,,,,,,,,,,,,,,,,,,,,,,,,,,,,,,,
scenario-000013,SX1280_RANGING,LOCAL_RADIO,scenario-000013,SX1280_RANGING,4,1,5.0,20.0,20.0,6.0,0.001,0.0002,,,,,,,,0.15,,,,,,,0.1,0.5,,,,scheduled,100,0.005008042591321034,-0.002003826600697396,0.18786144157992457,0.10586775611449431,0.10894361822980583,0.4479512283118963,0.1393046803333196,0.1429493753130873,0.5652962862202283,0.13921463095584413,0.14293533006697895,0.5331678628554941,0.17030519214944523,0.19960039545344155,0.14403032767470342,0.22002874108245166,0.30267711138241443,0.37165763879658326,0.45332996782877966,0.45565170830118484,0.14403032767470342,0.37165763879658326,0.4479512283118963,0.5652962862202283,0.35030916735727624,0.5126290987636243,0.829132127977065,1.103156896007801,1.6164229418839295,1.8412694966360812,0.500717973777142,0.5994999658711855,0.3296691065539293,0.4183225210707866,0.5675374113588275,0.6493207336017326,0.872368823938899,1.1050515210268181,1.6445044853337545,1.8782985539181154,0.4183225210707866,1.1050515210268181,0.04467183669815267,100,100,0,1.0,0.0,0.0,,,1.0,0,,0.1:0.0|0.25:0.21|0.5:0.61|1.0:0.93|2.0:1.0,,,SS_TWR,4,1,5.0,8,0.001,0.0002,scheduled,40.0,0.048,0.048,False,,,5.0,5.0,5.0,20,,scenario-000013-default-path,STRAIGHT_LINE,5,17.06575518399347,16.97056274847714,1.7999999999999998,5.0,3.413151036798694,3.413151036798694,0.35999999999999993,0.19960039545344155,0.5652962862202283,0.5994999658711855,1.1050515210268181,0.5812896458707403,0.14663750094372857,0,0,0.009600000000000001,0.0,3,False,COPLANAR_WEAK_VERTICAL,False,4,4.546234028149045,,0.15926591250660804,0.15926591250660802,0.6217531824986616,SIMULATED_MONTE_CARLO,Configured Gaussian/NLOS-bias range-error model,,"Synthetic model: N(0, 0.1500 m) range noise, plus a 0.500 m bias applied to a randomly selected 10% of attempts. Parameters come directly from this scenario's configuration, not from a measurement or a hardware-calibrated fit.",,,,scenario-000013,True,False,False,,,False,GEOMETRY_INVALID,13,False,False,,,,,,,,,,,,,,,,,,,,,,,,,,,,,,,,,,,
scenario-000014,SX1280_RANGING,LOCAL_RADIO,scenario-000014,SX1280_RANGING,4,10,1.0,20.0,20.0,6.0,0.001,0.0002,,,,,,,,0.15,,,,,,,0.1,0.5,,,,scheduled,100,0.005008042591321034,-0.002003826600697396,0.18786144157992457,0.10586775611449431,0.10894361822980583,0.4479512283118963,0.1393046803333196,0.1429493753130873,0.5652962862202283,0.13921463095584413,0.14293533006697895,0.5331678628554941,0.17030519214944523,0.19960039545344155,0.14403032767470342,0.22002874108245166,0.30267711138241443,0.37165763879658326,0.45332996782877966,0.45565170830118484,0.14403032767470342,0.37165763879658326,0.4479512283118963,0.5652962862202283,0.35030916735727624,0.5126290987636243,0.829132127977065,1.103156896007801,1.6164229418839295,1.8412694966360812,0.500717973777142,0.5994999658711855,0.3296691065539293,0.4183225210707866,0.5675374113588275,0.6493207336017326,0.872368823938899,1.1050515210268181,1.6445044853337545,1.8782985539181154,0.4183225210707866,1.1050515210268181,0.04467183669815267,100,100,0,1.0,0.0,0.0,,,1.0,0,,0.1:0.0|0.25:0.21|0.5:0.61|1.0:0.93|2.0:1.0,,,SS_TWR,4,10,1.0,8,0.001,0.0002,scheduled,80.0,0.096,0.096,False,,,10.0,10.0,1.0,104,,scenario-000014-default-path,STRAIGHT_LINE,5,17.06575518399347,16.97056274847714,1.7999999999999998,5.0,3.413151036798694,3.413151036798694,0.35999999999999993,0.19960039545344155,0.5652962862202283,0.5994999658711855,1.1050515210268181,0.5812896458707403,0.14663750094372857,0,0,0.009600000000000001,0.0,3,False,COPLANAR_WEAK_VERTICAL,False,4,4.546234028149045,,0.15926591250660804,0.15926591250660802,0.6217531824986616,SIMULATED_MONTE_CARLO,Configured Gaussian/NLOS-bias range-error model,,"Synthetic model: N(0, 0.1500 m) range noise, plus a 0.500 m bias applied to a randomly selected 10% of attempts. Parameters come directly from this scenario's configuration, not from a measurement or a hardware-calibrated fit.",,,,scenario-000014,True,False,False,,,False,GEOMETRY_INVALID,14,False,False,,,,,,,,,,,,,,,,,,,,,,,,,,,,,,,,,,,
scenario-000015,SX1280_RANGING,LOCAL_RADIO,scenario-000015,SX1280_RANGING,4,10,5.0,20.0,20.0,6.0,0.001,0.0002,,,,,,,,0.15,,,,,,,0.1,0.5,,,,scheduled,100,0.005008042591321034,-0.002003826600697396,0.18786144157992457,0.10586775611449431,0.10894361822980583,0.4479512283118963,0.1393046803333196,0.1429493753130873,0.5652962862202283,0.13921463095584413,0.14293533006697895,0.5331678628554941,0.17030519214944523,0.19960039545344155,0.14403032767470342,0.22002874108245166,0.30267711138241443,0.37165763879658326,0.45332996782877966,0.45565170830118484,0.14403032767470342,0.37165763879658326,0.4479512283118963,0.5652962862202283,0.35030916735727624,0.5126290987636243,0.829132127977065,1.103156896007801,1.6164229418839295,1.8412694966360812,0.500717973777142,0.5994999658711855,0.3296691065539293,0.4183225210707866,0.5675374113588275,0.6493207336017326,0.872368823938899,1.1050515210268181,1.6445044853337545,1.8782985539181154,0.4183225210707866,1.1050515210268181,0.04467183669815267,100,100,0,1.0,0.0,0.0,,,1.0,0,,0.1:0.0|0.25:0.21|0.5:0.61|1.0:0.93|2.0:1.0,,,SS_TWR,4,10,5.0,8,0.001,0.0002,scheduled,400.0,0.48000000000000004,0.48000000000000004,False,,,50.0,50.0,5.0,20,,scenario-000015-default-path,STRAIGHT_LINE,5,17.06575518399347,16.97056274847714,1.7999999999999998,5.0,3.413151036798694,3.413151036798694,0.35999999999999993,0.19960039545344155,0.5652962862202283,0.5994999658711855,1.1050515210268181,0.5812896458707403,0.14663750094372857,0,0,0.009600000000000001,0.0,3,False,COPLANAR_WEAK_VERTICAL,False,4,4.546234028149045,,0.15926591250660804,0.15926591250660802,0.6217531824986616,SIMULATED_MONTE_CARLO,Configured Gaussian/NLOS-bias range-error model,,"Synthetic model: N(0, 0.1500 m) range noise, plus a 0.500 m bias applied to a randomly selected 10% of attempts. Parameters come directly from this scenario's configuration, not from a measurement or a hardware-calibrated fit.",,,,scenario-000015,True,False,False,,,False,GEOMETRY_INVALID,15,False,False,,,,,,,,,,,,,,,,,,,,,,,,,,,,,,,,,,,
scenario-000016,UWB_SS_TWR,LOCAL_RADIO,scenario-000016,UWB_SS_TWR,4,1,1.0,20.0,20.0,6.0,0.001,0.0002,Semtech SX1280,,,,,,,0.15,,,,,,,0.1,0.5,,,,scheduled,100,-0.2778235164734087,0.00818441006512689,5.32955173417675,2.0212906276978044,2.3599351263440003,5.658782267100022,2.477958956990103,3.050077132605036,6.191292536515107,2.462335209962654,3.050066151786227,3.15086997279184,3.4554210184028364,3.9297902116229615,3.4707494608188574,4.277593648145089,5.80771069106109,6.781455352242631,8.222722798203058,8.665195893333918,3.4707494608188574,6.781455352242631,5.658782267100022,6.191292536515107,5.860552662550191,7.080479389931184,8.802248813089333,9.335388755774865,10.330426003606325,10.443794694120204,7.001699467558024,7.333168099810294,2.1798070891877113,7.07172509822583,7.9559930176316795,8.793088987165168,10.17218035497216,10.483313551943858,11.204017534855272,11.384100429466084,7.07172509822583,10.483313551943858,98.54021656013535,100,100,0,1.0,0.0,0.0,,,1.0,0,,0.1:0.0|0.25:0.0|0.5:0.0|1.0:0.0|2.0:0.01,,,SS_TWR,4,1,1.0,8,0.001,0.0002,scheduled,8.0,0.009600000000000001,0.009600000000000001,False,,,1.0,1.0,1.0,104,,scenario-000016-default-path,STRAIGHT_LINE,5,17.06575518399347,16.97056274847714,1.7999999999999998,5.0,3.413151036798694,3.413151036798694,0.35999999999999993,3.9297902116229615,6.191292536515107,7.333168099810294,10.483313551943858,6.754135392165185,2.8560478785162116,0,0,0.009600000000000001,0.0,3,False,COPLANAR_WEAK_VERTICAL,False,4,4.546234028149045,,2.222249370734652,2.222249370734652,8.67536936695472,HARDWARE_CALIBRATED_MODEL,Bootstrap resample of Stuart Robinson SX1280 short-range errors,https://stuartsprojects.github.io/2019/04/26/Semtech-SX1280-2-4Ghz-LoRa-ranging-tranceivers.html,"Resampling model built from Stuart Robinson's six published short-range SX1280 ranging observations (0-250 m, one hardware/environment configuration). The model draws errors with replacement from those six values; it does not condition on range, bandwidth, spreading factor, center frequency, LOS/NLOS state, temperature, oscillator, orientation or hardware, because six unrepeated points cannot support fitting any of those dependencies. Treat this as a rough, small-sample stand-in for a real conditional error model, not a validated one. It must not be used to claim SX1280 accuracy at ranges outside 0-250 m.",,,,scenario-000016,True,False,False,,,False,GEOMETRY_INVALID,16,False,False,,,,,Semtech,SX1280/SX1281 family,SX1280,,SX1280,SX1280,True,True,2400-2483.5 MHz ISM,203.125|406.25|812.5|1625.0,,,"TCXO or crystal, per application design",,,,,,,Ranging distance offset calibration recommended per module/antenna combination; see Semtech ranging FAQ P40.,,,OFFICIAL_SPECIFICATION,Semtech SX1280 product page,https://www.semtech.com/products/wireless-rf/lora-connect/sx1280,Manufacturer datasheet and product-page claims for the bare radio IC. Not a project measurement. Numeric fields left as None were not confirmed against a freshly fetched datasheet in this session (network egress to manufacturer/distributor sites was blocked in the build environment); verify before relying on them.,,,,False,
scenario-000017,UWB_SS_TWR,LOCAL_RADIO,scenario-000017,UWB_SS_TWR,4,1,5.0,20.0,20.0,6.0,0.001,0.0002,Semtech SX1280,,,,,,,0.15,,,,,,,0.1,0.5,,,,scheduled,100,-0.2778235164734087,0.00818441006512689,5.32955173417675,2.0212906276978044,2.3599351263440003,5.658782267100022,2.477958956990103,3.050077132605036,6.191292536515107,2.462335209962654,3.050066151786227,3.15086997279184,3.4554210184028364,3.9297902116229615,3.4707494608188574,4.277593648145089,5.80771069106109,6.781455352242631,8.222722798203058,8.665195893333918,3.4707494608188574,6.781455352242631,5.658782267100022,6.191292536515107,5.860552662550191,7.080479389931184,8.802248813089333,9.335388755774865,10.330426003606325,10.443794694120204,7.001699467558024,7.333168099810294,2.1798070891877113,7.07172509822583,7.9559930176316795,8.793088987165168,10.17218035497216,10.483313551943858,11.204017534855272,11.384100429466084,7.07172509822583,10.483313551943858,98.54021656013535,100,100,0,1.0,0.0,0.0,,,1.0,0,,0.1:0.0|0.25:0.0|0.5:0.0|1.0:0.0|2.0:0.01,,,SS_TWR,4,1,5.0,8,0.001,0.0002,scheduled,40.0,0.048,0.048,False,,,5.0,5.0,5.0,20,,scenario-000017-default-path,STRAIGHT_LINE,5,17.06575518399347,16.97056274847714,1.7999999999999998,5.0,3.413151036798694,3.413151036798694,0.35999999999999993,3.9297902116229615,6.191292536515107,7.333168099810294,10.483313551943858,6.754135392165185,2.8560478785162116,0,0,0.009600000000000001,0.0,3,False,COPLANAR_WEAK_VERTICAL,False,4,4.546234028149045,,2.222249370734652,2.222249370734652,8.67536936695472,HARDWARE_CALIBRATED_MODEL,Bootstrap resample of Stuart Robinson SX1280 short-range errors,https://stuartsprojects.github.io/2019/04/26/Semtech-SX1280-2-4Ghz-LoRa-ranging-tranceivers.html,"Resampling model built from Stuart Robinson's six published short-range SX1280 ranging observations (0-250 m, one hardware/environment configuration). The model draws errors with replacement from those six values; it does not condition on range, bandwidth, spreading factor, center frequency, LOS/NLOS state, temperature, oscillator, orientation or hardware, because six unrepeated points cannot support fitting any of those dependencies. Treat this as a rough, small-sample stand-in for a real conditional error model, not a validated one. It must not be used to claim SX1280 accuracy at ranges outside 0-250 m.",,,,scenario-000017,True,False,False,,,False,GEOMETRY_INVALID,17,False,False,,,,,Semtech,SX1280/SX1281 family,SX1280,,SX1280,SX1280,True,True,2400-2483.5 MHz ISM,203.125|406.25|812.5|1625.0,,,"TCXO or crystal, per application design",,,,,,,Ranging distance offset calibration recommended per module/antenna combination; see Semtech ranging FAQ P40.,,,OFFICIAL_SPECIFICATION,Semtech SX1280 product page,https://www.semtech.com/products/wireless-rf/lora-connect/sx1280,Manufacturer datasheet and product-page claims for the bare radio IC. Not a project measurement. Numeric fields left as None were not confirmed against a freshly fetched datasheet in this session (network egress to manufacturer/distributor sites was blocked in the build environment); verify before relying on them.,,,,False,
scenario-000018,UWB_SS_TWR,LOCAL_RADIO,scenario-000018,UWB_SS_TWR,4,10,1.0,20.0,20.0,6.0,0.001,0.0002,Semtech SX1280,,,,,,,0.15,,,,,,,0.1,0.5,,,,scheduled,100,-0.2778235164734087,0.00818441006512689,5.32955173417675,2.0212906276978044,2.3599351263440003,5.658782267100022,2.477958956990103,3.050077132605036,6.191292536515107,2.462335209962654,3.050066151786227,3.15086997279184,3.4554210184028364,3.9297902116229615,3.4707494608188574,4.277593648145089,5.80771069106109,6.781455352242631,8.222722798203058,8.665195893333918,3.4707494608188574,6.781455352242631,5.658782267100022,6.191292536515107,5.860552662550191,7.080479389931184,8.802248813089333,9.335388755774865,10.330426003606325,10.443794694120204,7.001699467558024,7.333168099810294,2.1798070891877113,7.07172509822583,7.9559930176316795,8.793088987165168,10.17218035497216,10.483313551943858,11.204017534855272,11.384100429466084,7.07172509822583,10.483313551943858,98.54021656013535,100,100,0,1.0,0.0,0.0,,,1.0,0,,0.1:0.0|0.25:0.0|0.5:0.0|1.0:0.0|2.0:0.01,,,SS_TWR,4,10,1.0,8,0.001,0.0002,scheduled,80.0,0.096,0.096,False,,,10.0,10.0,1.0,104,,scenario-000018-default-path,STRAIGHT_LINE,5,17.06575518399347,16.97056274847714,1.7999999999999998,5.0,3.413151036798694,3.413151036798694,0.35999999999999993,3.9297902116229615,6.191292536515107,7.333168099810294,10.483313551943858,6.754135392165185,2.8560478785162116,0,0,0.009600000000000001,0.0,3,False,COPLANAR_WEAK_VERTICAL,False,4,4.546234028149045,,2.222249370734652,2.222249370734652,8.67536936695472,HARDWARE_CALIBRATED_MODEL,Bootstrap resample of Stuart Robinson SX1280 short-range errors,https://stuartsprojects.github.io/2019/04/26/Semtech-SX1280-2-4Ghz-LoRa-ranging-tranceivers.html,"Resampling model built from Stuart Robinson's six published short-range SX1280 ranging observations (0-250 m, one hardware/environment configuration). The model draws errors with replacement from those six values; it does not condition on range, bandwidth, spreading factor, center frequency, LOS/NLOS state, temperature, oscillator, orientation or hardware, because six unrepeated points cannot support fitting any of those dependencies. Treat this as a rough, small-sample stand-in for a real conditional error model, not a validated one. It must not be used to claim SX1280 accuracy at ranges outside 0-250 m.",,,,scenario-000018,True,False,False,,,False,GEOMETRY_INVALID,18,False,False,,,,,Semtech,SX1280/SX1281 family,SX1280,,SX1280,SX1280,True,True,2400-2483.5 MHz ISM,203.125|406.25|812.5|1625.0,,,"TCXO or crystal, per application design",,,,,,,Ranging distance offset calibration recommended per module/antenna combination; see Semtech ranging FAQ P40.,,,OFFICIAL_SPECIFICATION,Semtech SX1280 product page,https://www.semtech.com/products/wireless-rf/lora-connect/sx1280,Manufacturer datasheet and product-page claims for the bare radio IC. Not a project measurement. Numeric fields left as None were not confirmed against a freshly fetched datasheet in this session (network egress to manufacturer/distributor sites was blocked in the build environment); verify before relying on them.,,,,False,
scenario-000019,UWB_SS_TWR,LOCAL_RADIO,scenario-000019,UWB_SS_TWR,4,10,5.0,20.0,20.0,6.0,0.001,0.0002,Semtech SX1280,,,,,,,0.15,,,,,,,0.1,0.5,,,,scheduled,100,-0.2778235164734087,0.00818441006512689,5.32955173417675,2.0212906276978044,2.3599351263440003,5.658782267100022,2.477958956990103,3.050077132605036,6.191292536515107,2.462335209962654,3.050066151786227,3.15086997279184,3.4554210184028364,3.9297902116229615,3.4707494608188574,4.277593648145089,5.80771069106109,6.781455352242631,8.222722798203058,8.665195893333918,3.4707494608188574,6.781455352242631,5.658782267100022,6.191292536515107,5.860552662550191,7.080479389931184,8.802248813089333,9.335388755774865,10.330426003606325,10.443794694120204,7.001699467558024,7.333168099810294,2.1798070891877113,7.07172509822583,7.9559930176316795,8.793088987165168,10.17218035497216,10.483313551943858,11.204017534855272,11.384100429466084,7.07172509822583,10.483313551943858,98.54021656013535,100,100,0,1.0,0.0,0.0,,,1.0,0,,0.1:0.0|0.25:0.0|0.5:0.0|1.0:0.0|2.0:0.01,,,SS_TWR,4,10,5.0,8,0.001,0.0002,scheduled,400.0,0.48000000000000004,0.48000000000000004,False,,,50.0,50.0,5.0,20,,scenario-000019-default-path,STRAIGHT_LINE,5,17.06575518399347,16.97056274847714,1.7999999999999998,5.0,3.413151036798694,3.413151036798694,0.35999999999999993,3.9297902116229615,6.191292536515107,7.333168099810294,10.483313551943858,6.754135392165185,2.8560478785162116,0,0,0.009600000000000001,0.0,3,False,COPLANAR_WEAK_VERTICAL,False,4,4.546234028149045,,2.222249370734652,2.222249370734652,8.67536936695472,HARDWARE_CALIBRATED_MODEL,Bootstrap resample of Stuart Robinson SX1280 short-range errors,https://stuartsprojects.github.io/2019/04/26/Semtech-SX1280-2-4Ghz-LoRa-ranging-tranceivers.html,"Resampling model built from Stuart Robinson's six published short-range SX1280 ranging observations (0-250 m, one hardware/environment configuration). The model draws errors with replacement from those six values; it does not condition on range, bandwidth, spreading factor, center frequency, LOS/NLOS state, temperature, oscillator, orientation or hardware, because six unrepeated points cannot support fitting any of those dependencies. Treat this as a rough, small-sample stand-in for a real conditional error model, not a validated one. It must not be used to claim SX1280 accuracy at ranges outside 0-250 m.",,,,scenario-000019,True,False,False,,,False,GEOMETRY_INVALID,19,False,False,,,,,Semtech,SX1280/SX1281 family,SX1280,,SX1280,SX1280,True,True,2400-2483.5 MHz ISM,203.125|406.25|812.5|1625.0,,,"TCXO or crystal, per application design",,,,,,,Ranging distance offset calibration recommended per module/antenna combination; see Semtech ranging FAQ P40.,,,OFFICIAL_SPECIFICATION,Semtech SX1280 product page,https://www.semtech.com/products/wireless-rf/lora-connect/sx1280,Manufacturer datasheet and product-page claims for the bare radio IC. Not a project measurement. Numeric fields left as None were not confirmed against a freshly fetched datasheet in this session (network egress to manufacturer/distributor sites was blocked in the build environment); verify before relying on them.,,,,False,
scenario-000020,UWB_DS_TWR,LOCAL_RADIO,scenario-000020,UWB_DS_TWR,4,1,1.0,20.0,20.0,6.0,0.001,0.0002,Semtech SX1280,,,,,,,0.15,,,,,,,0.1,0.5,,,,scheduled,100,-0.2778235164734087,0.00818441006512689,5.32955173417675,2.0212906276978044,2.3599351263440003,5.658782267100022,2.477958956990103,3.050077132605036,6.191292536515107,2.462335209962654,3.050066151786227,3.15086997279184,3.4554210184028364,3.9297902116229615,3.4707494608188574,4.277593648145089,5.80771069106109,6.781455352242631,8.222722798203058,8.665195893333918,3.4707494608188574,6.781455352242631,5.658782267100022,6.191292536515107,5.860552662550191,7.080479389931184,8.802248813089333,9.335388755774865,10.330426003606325,10.443794694120204,7.001699467558024,7.333168099810294,2.1798070891877113,7.07172509822583,7.9559930176316795,8.793088987165168,10.17218035497216,10.483313551943858,11.204017534855272,11.384100429466084,7.07172509822583,10.483313551943858,98.54021656013535,100,100,0,1.0,0.0,0.0,,,1.0,0,,0.1:0.0|0.25:0.0|0.5:0.0|1.0:0.0|2.0:0.01,,,DS_TWR,4,1,1.0,12,0.001,0.0002,scheduled,12.0,0.014400000000000001,0.014400000000000001,False,,,1.0,1.0,1.0,69,,scenario-000020-default-path,STRAIGHT_LINE,5,17.06575518399347,16.97056274847714,1.7999999999999998,5.0,3.413151036798694,3.413151036798694,0.35999999999999993,3.9297902116229615,6.191292536515107,7.333168099810294,10.483313551943858,6.754135392165185,2.8560478785162116,0,0,0.014400000000000001,0.0,3,False,COPLANAR_WEAK_VERTICAL,False,4,4.546234028149045,,2.222249370734652,2.222249370734652,8.67536936695472,HARDWARE_CALIBRATED_MODEL,Bootstrap resample of Stuart Robinson SX1280 short-range errors,https://stuartsprojects.github.io/2019/04/26/Semtech-SX1280-2-4Ghz-LoRa-ranging-tranceivers.html,"Resampling model built from Stuart Robinson's six published short-range SX1280 ranging observations (0-250 m, one hardware/environment configuration). The model draws errors with replacement from those six values; it does not condition on range, bandwidth, spreading factor, center frequency, LOS/NLOS state, temperature, oscillator, orientation or hardware, because six unrepeated points cannot support fitting any of those dependencies. Treat this as a rough, small-sample stand-in for a real conditional error model, not a validated one. It must not be used to claim SX1280 accuracy at ranges outside 0-250 m.",,,,scenario-000020,True,False,False,,,False,GEOMETRY_INVALID,20,False,False,,,,,Semtech,SX1280/SX1281 family,SX1280,,SX1280,SX1280,True,True,2400-2483.5 MHz ISM,203.125|406.25|812.5|1625.0,,,"TCXO or crystal, per application design",,,,,,,Ranging distance offset calibration recommended per module/antenna combination; see Semtech ranging FAQ P40.,,,OFFICIAL_SPECIFICATION,Semtech SX1280 product page,https://www.semtech.com/products/wireless-rf/lora-connect/sx1280,Manufacturer datasheet and product-page claims for the bare radio IC. Not a project measurement. Numeric fields left as None were not confirmed against a freshly fetched datasheet in this session (network egress to manufacturer/distributor sites was blocked in the build environment); verify before relying on them.,,,,False,
scenario-000021,UWB_DS_TWR,LOCAL_RADIO,scenario-000021,UWB_DS_TWR,4,1,5.0,20.0,20.0,6.0,0.001,0.0002,Semtech SX1280,,,,,,,0.15,,,,,,,0.1,0.5,,,,scheduled,100,-0.2778235164734087,0.00818441006512689,5.32955173417675,2.0212906276978044,2.3599351263440003,5.658782267100022,2.477958956990103,3.050077132605036,6.191292536515107,2.462335209962654,3.050066151786227,3.15086997279184,3.4554210184028364,3.9297902116229615,3.4707494608188574,4.277593648145089,5.80771069106109,6.781455352242631,8.222722798203058,8.665195893333918,3.4707494608188574,6.781455352242631,5.658782267100022,6.191292536515107,5.860552662550191,7.080479389931184,8.802248813089333,9.335388755774865,10.330426003606325,10.443794694120204,7.001699467558024,7.333168099810294,2.1798070891877113,7.07172509822583,7.9559930176316795,8.793088987165168,10.17218035497216,10.483313551943858,11.204017534855272,11.384100429466084,7.07172509822583,10.483313551943858,98.54021656013535,100,100,0,1.0,0.0,0.0,,,1.0,0,,0.1:0.0|0.25:0.0|0.5:0.0|1.0:0.0|2.0:0.01,,,DS_TWR,4,1,5.0,12,0.001,0.0002,scheduled,60.0,0.07200000000000001,0.07200000000000001,False,,,5.0,5.0,5.0,13,,scenario-000021-default-path,STRAIGHT_LINE,5,17.06575518399347,16.97056274847714,1.7999999999999998,5.0,3.413151036798694,3.413151036798694,0.35999999999999993,3.9297902116229615,6.191292536515107,7.333168099810294,10.483313551943858,6.754135392165185,2.8560478785162116,0,0,0.014400000000000001,0.0,3,False,COPLANAR_WEAK_VERTICAL,False,4,4.546234028149045,,2.222249370734652,2.222249370734652,8.67536936695472,HARDWARE_CALIBRATED_MODEL,Bootstrap resample of Stuart Robinson SX1280 short-range errors,https://stuartsprojects.github.io/2019/04/26/Semtech-SX1280-2-4Ghz-LoRa-ranging-tranceivers.html,"Resampling model built from Stuart Robinson's six published short-range SX1280 ranging observations (0-250 m, one hardware/environment configuration). The model draws errors with replacement from those six values; it does not condition on range, bandwidth, spreading factor, center frequency, LOS/NLOS state, temperature, oscillator, orientation or hardware, because six unrepeated points cannot support fitting any of those dependencies. Treat this as a rough, small-sample stand-in for a real conditional error model, not a validated one. It must not be used to claim SX1280 accuracy at ranges outside 0-250 m.",,,,scenario-000021,True,False,False,,,False,GEOMETRY_INVALID,21,False,False,,,,,Semtech,SX1280/SX1281 family,SX1280,,SX1280,SX1280,True,True,2400-2483.5 MHz ISM,203.125|406.25|812.5|1625.0,,,"TCXO or crystal, per application design",,,,,,,Ranging distance offset calibration recommended per module/antenna combination; see Semtech ranging FAQ P40.,,,OFFICIAL_SPECIFICATION,Semtech SX1280 product page,https://www.semtech.com/products/wireless-rf/lora-connect/sx1280,Manufacturer datasheet and product-page claims for the bare radio IC. Not a project measurement. Numeric fields left as None were not confirmed against a freshly fetched datasheet in this session (network egress to manufacturer/distributor sites was blocked in the build environment); verify before relying on them.,,,,False,
scenario-000022,UWB_DS_TWR,LOCAL_RADIO,scenario-000022,UWB_DS_TWR,4,10,1.0,20.0,20.0,6.0,0.001,0.0002,Semtech SX1280,,,,,,,0.15,,,,,,,0.1,0.5,,,,scheduled,100,-0.2778235164734087,0.00818441006512689,5.32955173417675,2.0212906276978044,2.3599351263440003,5.658782267100022,2.477958956990103,3.050077132605036,6.191292536515107,2.462335209962654,3.050066151786227,3.15086997279184,3.4554210184028364,3.9297902116229615,3.4707494608188574,4.277593648145089,5.80771069106109,6.781455352242631,8.222722798203058,8.665195893333918,3.4707494608188574,6.781455352242631,5.658782267100022,6.191292536515107,5.860552662550191,7.080479389931184,8.802248813089333,9.335388755774865,10.330426003606325,10.443794694120204,7.001699467558024,7.333168099810294,2.1798070891877113,7.07172509822583,7.9559930176316795,8.793088987165168,10.17218035497216,10.483313551943858,11.204017534855272,11.384100429466084,7.07172509822583,10.483313551943858,98.54021656013535,100,100,0,1.0,0.0,0.0,,,1.0,0,,0.1:0.0|0.25:0.0|0.5:0.0|1.0:0.0|2.0:0.01,,,DS_TWR,4,10,1.0,12,0.001,0.0002,scheduled,120.0,0.14400000000000002,0.14400000000000002,False,,,10.0,10.0,1.0,69,,scenario-000022-default-path,STRAIGHT_LINE,5,17.06575518399347,16.97056274847714,1.7999999999999998,5.0,3.413151036798694,3.413151036798694,0.35999999999999993,3.9297902116229615,6.191292536515107,7.333168099810294,10.483313551943858,6.754135392165185,2.8560478785162116,0,0,0.014400000000000001,0.0,3,False,COPLANAR_WEAK_VERTICAL,False,4,4.546234028149045,,2.222249370734652,2.222249370734652,8.67536936695472,HARDWARE_CALIBRATED_MODEL,Bootstrap resample of Stuart Robinson SX1280 short-range errors,https://stuartsprojects.github.io/2019/04/26/Semtech-SX1280-2-4Ghz-LoRa-ranging-tranceivers.html,"Resampling model built from Stuart Robinson's six published short-range SX1280 ranging observations (0-250 m, one hardware/environment configuration). The model draws errors with replacement from those six values; it does not condition on range, bandwidth, spreading factor, center frequency, LOS/NLOS state, temperature, oscillator, orientation or hardware, because six unrepeated points cannot support fitting any of those dependencies. Treat this as a rough, small-sample stand-in for a real conditional error model, not a validated one. It must not be used to claim SX1280 accuracy at ranges outside 0-250 m.",,,,scenario-000022,True,False,False,,,False,GEOMETRY_INVALID,22,False,False,,,,,Semtech,SX1280/SX1281 family,SX1280,,SX1280,SX1280,True,True,2400-2483.5 MHz ISM,203.125|406.25|812.5|1625.0,,,"TCXO or crystal, per application design",,,,,,,Ranging distance offset calibration recommended per module/antenna combination; see Semtech ranging FAQ P40.,,,OFFICIAL_SPECIFICATION,Semtech SX1280 product page,https://www.semtech.com/products/wireless-rf/lora-connect/sx1280,Manufacturer datasheet and product-page claims for the bare radio IC. Not a project measurement. Numeric fields left as None were not confirmed against a freshly fetched datasheet in this session (network egress to manufacturer/distributor sites was blocked in the build environment); verify before relying on them.,,,,False,
scenario-000023,UWB_DS_TWR,LOCAL_RADIO,scenario-000023,UWB_DS_TWR,4,10,5.0,20.0,20.0,6.0,0.001,0.0002,Semtech SX1280,,,,,,,0.15,,,,,,,0.1,0.5,,,,scheduled,100,-0.2778235164734087,0.00818441006512689,5.32955173417675,2.0212906276978044,2.3599351263440003,5.658782267100022,2.477958956990103,3.050077132605036,6.191292536515107,2.462335209962654,3.050066151786227,3.15086997279184,3.4554210184028364,3.9297902116229615,3.4707494608188574,4.277593648145089,5.80771069106109,6.781455352242631,8.222722798203058,8.665195893333918,3.4707494608188574,6.781455352242631,5.658782267100022,6.191292536515107,5.860552662550191,7.080479389931184,8.802248813089333,9.335388755774865,10.330426003606325,10.443794694120204,7.001699467558024,7.333168099810294,2.1798070891877113,7.07172509822583,7.9559930176316795,8.793088987165168,10.17218035497216,10.483313551943858,11.204017534855272,11.384100429466084,7.07172509822583,10.483313551943858,98.54021656013535,100,100,0,1.0,0.0,0.0,,,1.0,0,,0.1:0.0|0.25:0.0|0.5:0.0|1.0:0.0|2.0:0.01,,,DS_TWR,4,10,5.0,12,0.001,0.0002,scheduled,600.0,0.7200000000000001,0.7200000000000001,False,,,50.0,50.0,5.0,13,,scenario-000023-default-path,STRAIGHT_LINE,5,17.06575518399347,16.97056274847714,1.7999999999999998,5.0,3.413151036798694,3.413151036798694,0.35999999999999993,3.9297902116229615,6.191292536515107,7.333168099810294,10.483313551943858,6.754135392165185,2.8560478785162116,0,0,0.014400000000000001,0.0,3,False,COPLANAR_WEAK_VERTICAL,False,4,4.546234028149045,,2.222249370734652,2.222249370734652,8.67536936695472,HARDWARE_CALIBRATED_MODEL,Bootstrap resample of Stuart Robinson SX1280 short-range errors,https://stuartsprojects.github.io/2019/04/26/Semtech-SX1280-2-4Ghz-LoRa-ranging-tranceivers.html,"Resampling model built from Stuart Robinson's six published short-range SX1280 ranging observations (0-250 m, one hardware/environment configuration). The model draws errors with replacement from those six values; it does not condition on range, bandwidth, spreading factor, center frequency, LOS/NLOS state, temperature, oscillator, orientation or hardware, because six unrepeated points cannot support fitting any of those dependencies. Treat this as a rough, small-sample stand-in for a real conditional error model, not a validated one. It must not be used to claim SX1280 accuracy at ranges outside 0-250 m.",,,,scenario-000023,True,False,False,,,False,GEOMETRY_INVALID,23,False,False,,,,,Semtech,SX1280/SX1281 family,SX1280,,SX1280,SX1280,True,True,2400-2483.5 MHz ISM,203.125|406.25|812.5|1625.0,,,"TCXO or crystal, per application design",,,,,,,Ranging distance offset calibration recommended per module/antenna combination; see Semtech ranging FAQ P40.,,,OFFICIAL_SPECIFICATION,Semtech SX1280 product page,https://www.semtech.com/products/wireless-rf/lora-connect/sx1280,Manufacturer datasheet and product-page claims for the bare radio IC. Not a project measurement. Numeric fields left as None were not confirmed against a freshly fetched datasheet in this session (network egress to manufacturer/distributor sites was blocked in the build environment); verify before relying on them.,,,,False,
scenario-000024,TDOA,LOCAL_RADIO,scenario-000024,TDOA,4,1,1.0,20.0,20.0,6.0,0.001,0.0002,Semtech SX1280,,,,,,,0.15,,,,,,,0.1,0.5,,,,scheduled,100,2020.4634359831505,3403.6079430420136,44778.74220770298,6334.921474187552,6493.468993686909,91267.022331295,15063.09039482485,15194.576472664327,333262.26962903974,14926.969543297118,14808.464037627455,330240.2225722887,9614.832910987048,21395.603436835074,19.287510199656047,4268.7351834454075,33922.63701742712,42514.12723066113,84235.91417103646,99230.59352071056,19.287510199656047,42514.12723066113,91267.022331295,333262.26962903974,24.338188722320737,39520.29595570184,106995.40037961047,213560.85536575678,1529572.887098147,2251323.242552689,93823.02537778206,333948.3675730802,320497.663195358,34.72953692897387,43527.82783174013,49365.62193099274,110594.2447998486,237748.72459521133,1529572.9005897266,2251323.2723913183,34.72953692897387,237748.72459521133,208245785352220.5,100,100,0,1.0,0.0,0.0,,,1.0,0,,0.1:0.03|0.25:0.03|0.5:0.03|1.0:0.03|2.0:0.05,,,TDOA,4,1,1.0,1,0.001,0.0002,scheduled,1.0,0.0012000000000000001,0.0012000000000000001,False,,,1.0,1.0,1.0,833,,scenario-000024-default-path,STRAIGHT_LINE,5,17.06575518399347,16.97056274847714,1.7999999999999998,5.0,3.413151036798694,3.413151036798694,0.35999999999999993,21395.603436835074,333262.26962903974,333948.3675730802,237748.72459521133,331661.9871552037,39010.74827514286,0,0,0.0012000000000000001,0.0,3,False,COPLANAR_WEAK_VERTICAL,False,4,112.23865528306885,,10.422329583227247,10.422329583227247,118.99263985133688,HARDWARE_CALIBRATED_MODEL,Bootstrap resample of Stuart Robinson SX1280 short-range errors,https://stuartsprojects.github.io/2019/04/26/Semtech-SX1280-2-4Ghz-LoRa-ranging-tranceivers.html,"Resampling model built from Stuart Robinson's six published short-range SX1280 ranging observations (0-250 m, one hardware/environment configuration). The model draws errors with replacement from those six values; it does not condition on range, bandwidth, spreading factor, center frequency, LOS/NLOS state, temperature, oscillator, orientation or hardware, because six unrepeated points cannot support fitting any of those dependencies. Treat this as a rough, small-sample stand-in for a real conditional error model, not a validated one. It must not be used to claim SX1280 accuracy at ranges outside 0-250 m.",,,,scenario-000024,True,False,False,,,False,GEOMETRY_INVALID,24,False,False,,,,,Semtech,SX1280/SX1281 family,SX1280,,SX1280,SX1280,True,True,2400-2483.5 MHz ISM,203.125|406.25|812.5|1625.0,,,"TCXO or crystal, per application design",,,,,,,Ranging distance offset calibration recommended per module/antenna combination; see Semtech ranging FAQ P40.,,,OFFICIAL_SPECIFICATION,Semtech SX1280 product page,https://www.semtech.com/products/wireless-rf/lora-connect/sx1280,Manufacturer datasheet and product-page claims for the bare radio IC. Not a project measurement. Numeric fields left as None were not confirmed against a freshly fetched datasheet in this session (network egress to manufacturer/distributor sites was blocked in the build environment); verify before relying on them.,,,,False,
scenario-000025,TDOA,LOCAL_RADIO,scenario-000025,TDOA,4,1,5.0,20.0,20.0,6.0,0.001,0.0002,Semtech SX1280,,,,,,,0.15,,,,,,,0.1,0.5,,,,scheduled,100,2020.4634359831505,3403.6079430420136,44778.74220770298,6334.921474187552,6493.468993686909,91267.022331295,15063.09039482485,15194.576472664327,333262.26962903974,14926.969543297118,14808.464037627455,330240.2225722887,9614.832910987048,21395.603436835074,19.287510199656047,4268.7351834454075,33922.63701742712,42514.12723066113,84235.91417103646,99230.59352071056,19.287510199656047,42514.12723066113,91267.022331295,333262.26962903974,24.338188722320737,39520.29595570184,106995.40037961047,213560.85536575678,1529572.887098147,2251323.242552689,93823.02537778206,333948.3675730802,320497.663195358,34.72953692897387,43527.82783174013,49365.62193099274,110594.2447998486,237748.72459521133,1529572.9005897266,2251323.2723913183,34.72953692897387,237748.72459521133,208245785352220.5,100,100,0,1.0,0.0,0.0,,,1.0,0,,0.1:0.03|0.25:0.03|0.5:0.03|1.0:0.03|2.0:0.05,,,TDOA,4,1,5.0,1,0.001,0.0002,scheduled,5.0,0.006,0.006,False,,,5.0,5.0,5.0,166,,scenario-000025-default-path,STRAIGHT_LINE,5,17.06575518399347,16.97056274847714,1.7999999999999998,5.0,3.413151036798694,3.413151036798694,0.35999999999999993,21395.603436835074,333262.26962903974,333948.3675730802,237748.72459521133,331661.9871552037,39010.74827514286,0,0,0.0012000000000000001,0.0,3,False,COPLANAR_WEAK_VERTICAL,False,4,112.23865528306885,,10.422329583227247,10.422329583227247,118.99263985133688,HARDWARE_CALIBRATED_MODEL,Bootstrap resample of Stuart Robinson SX1280 short-range errors,https://stuartsprojects.github.io/2019/04/26/Semtech-SX1280-2-4Ghz-LoRa-ranging-tranceivers.html,"Resampling model built from Stuart Robinson's six published short-range SX1280 ranging observations (0-250 m, one hardware/environment configuration). The model draws errors with replacement from those six values; it does not condition on range, bandwidth, spreading factor, center frequency, LOS/NLOS state, temperature, oscillator, orientation or hardware, because six unrepeated points cannot support fitting any of those dependencies. Treat this as a rough, small-sample stand-in for a real conditional error model, not a validated one. It must not be used to claim SX1280 accuracy at ranges outside 0-250 m.",,,,scenario-000025,True,False,False,,,False,GEOMETRY_INVALID,25,False,False,,,,,Semtech,SX1280/SX1281 family,SX1280,,SX1280,SX1280,True,True,2400-2483.5 MHz ISM,203.125|406.25|812.5|1625.0,,,"TCXO or crystal, per application design",,,,,,,Ranging distance offset calibration recommended per module/antenna combination; see Semtech ranging FAQ P40.,,,OFFICIAL_SPECIFICATION,Semtech SX1280 product page,https://www.semtech.com/products/wireless-rf/lora-connect/sx1280,Manufacturer datasheet and product-page claims for the bare radio IC. Not a project measurement. Numeric fields left as None were not confirmed against a freshly fetched datasheet in this session (network egress to manufacturer/distributor sites was blocked in the build environment); verify before relying on them.,,,,False,
scenario-000026,TDOA,LOCAL_RADIO,scenario-000026,TDOA,4,10,1.0,20.0,20.0,6.0,0.001,0.0002,Semtech SX1280,,,,,,,0.15,,,,,,,0.1,0.5,,,,scheduled,100,2020.4634359831505,3403.6079430420136,44778.74220770298,6334.921474187552,6493.468993686909,91267.022331295,15063.09039482485,15194.576472664327,333262.26962903974,14926.969543297118,14808.464037627455,330240.2225722887,9614.832910987048,21395.603436835074,19.287510199656047,4268.7351834454075,33922.63701742712,42514.12723066113,84235.91417103646,99230.59352071056,19.287510199656047,42514.12723066113,91267.022331295,333262.26962903974,24.338188722320737,39520.29595570184,106995.40037961047,213560.85536575678,1529572.887098147,2251323.242552689,93823.02537778206,333948.3675730802,320497.663195358,34.72953692897387,43527.82783174013,49365.62193099274,110594.2447998486,237748.72459521133,1529572.9005897266,2251323.2723913183,34.72953692897387,237748.72459521133,208245785352220.5,100,100,0,1.0,0.0,0.0,,,1.0,0,,0.1:0.03|0.25:0.03|0.5:0.03|1.0:0.03|2.0:0.05,,,TDOA,4,10,1.0,1,0.001,0.0002,scheduled,10.0,0.012,0.012,False,,,10.0,10.0,1.0,833,,scenario-000026-default-path,STRAIGHT_LINE,5,17.06575518399347,16.97056274847714,1.7999999999999998,5.0,3.413151036798694,3.413151036798694,0.35999999999999993,21395.603436835074,333262.26962903974,333948.3675730802,237748.72459521133,331661.9871552037,39010.74827514286,0,0,0.0012000000000000001,0.0,3,False,COPLANAR_WEAK_VERTICAL,False,4,112.23865528306885,,10.422329583227247,10.422329583227247,118.99263985133688,HARDWARE_CALIBRATED_MODEL,Bootstrap resample of Stuart Robinson SX1280 short-range errors,https://stuartsprojects.github.io/2019/04/26/Semtech-SX1280-2-4Ghz-LoRa-ranging-tranceivers.html,"Resampling model built from Stuart Robinson's six published short-range SX1280 ranging observations (0-250 m, one hardware/environment configuration). The model draws errors with replacement from those six values; it does not condition on range, bandwidth, spreading factor, center frequency, LOS/NLOS state, temperature, oscillator, orientation or hardware, because six unrepeated points cannot support fitting any of those dependencies. Treat this as a rough, small-sample stand-in for a real conditional error model, not a validated one. It must not be used to claim SX1280 accuracy at ranges outside 0-250 m.",,,,scenario-000026,True,False,False,,,False,GEOMETRY_INVALID,26,False,False,,,,,Semtech,SX1280/SX1281 family,SX1280,,SX1280,SX1280,True,True,2400-2483.5 MHz ISM,203.125|406.25|812.5|1625.0,,,"TCXO or crystal, per application design",,,,,,,Ranging distance offset calibration recommended per module/antenna combination; see Semtech ranging FAQ P40.,,,OFFICIAL_SPECIFICATION,Semtech SX1280 product page,https://www.semtech.com/products/wireless-rf/lora-connect/sx1280,Manufacturer datasheet and product-page claims for the bare radio IC. Not a project measurement. Numeric fields left as None were not confirmed against a freshly fetched datasheet in this session (network egress to manufacturer/distributor sites was blocked in the build environment); verify before relying on them.,,,,False,
scenario-000027,TDOA,LOCAL_RADIO,scenario-000027,TDOA,4,10,5.0,20.0,20.0,6.0,0.001,0.0002,Semtech SX1280,,,,,,,0.15,,,,,,,0.1,0.5,,,,scheduled,100,2020.4634359831505,3403.6079430420136,44778.74220770298,6334.921474187552,6493.468993686909,91267.022331295,15063.09039482485,15194.576472664327,333262.26962903974,14926.969543297118,14808.464037627455,330240.2225722887,9614.832910987048,21395.603436835074,19.287510199656047,4268.7351834454075,33922.63701742712,42514.12723066113,84235.91417103646,99230.59352071056,19.287510199656047,42514.12723066113,91267.022331295,333262.26962903974,24.338188722320737,39520.29595570184,106995.40037961047,213560.85536575678,1529572.887098147,2251323.242552689,93823.02537778206,333948.3675730802,320497.663195358,34.72953692897387,43527.82783174013,49365.62193099274,110594.2447998486,237748.72459521133,1529572.9005897266,2251323.2723913183,34.72953692897387,237748.72459521133,208245785352220.5,100,100,0,1.0,0.0,0.0,,,1.0,0,,0.1:0.03|0.25:0.03|0.5:0.03|1.0:0.03|2.0:0.05,,,TDOA,4,10,5.0,1,0.001,0.0002,scheduled,50.0,0.060000000000000005,0.060000000000000005,False,,,50.0,50.0,5.0,166,,scenario-000027-default-path,STRAIGHT_LINE,5,17.06575518399347,16.97056274847714,1.7999999999999998,5.0,3.413151036798694,3.413151036798694,0.35999999999999993,21395.603436835074,333262.26962903974,333948.3675730802,237748.72459521133,331661.9871552037,39010.74827514286,0,0,0.0012000000000000001,0.0,3,False,COPLANAR_WEAK_VERTICAL,False,4,112.23865528306885,,10.422329583227247,10.422329583227247,118.99263985133688,HARDWARE_CALIBRATED_MODEL,Bootstrap resample of Stuart Robinson SX1280 short-range errors,https://stuartsprojects.github.io/2019/04/26/Semtech-SX1280-2-4Ghz-LoRa-ranging-tranceivers.html,"Resampling model built from Stuart Robinson's six published short-range SX1280 ranging observations (0-250 m, one hardware/environment configuration). The model draws errors with replacement from those six values; it does not condition on range, bandwidth, spreading factor, center frequency, LOS/NLOS state, temperature, oscillator, orientation or hardware, because six unrepeated points cannot support fitting any of those dependencies. Treat this as a rough, small-sample stand-in for a real conditional error model, not a validated one. It must not be used to claim SX1280 accuracy at ranges outside 0-250 m.",,,,scenario-000027,True,False,False,,,False,GEOMETRY_INVALID,27,False,False,,,,,Semtech,SX1280/SX1281 family,SX1280,,SX1280,SX1280,True,True,2400-2483.5 MHz ISM,203.125|406.25|812.5|1625.0,,,"TCXO or crystal, per application design",,,,,,,Ranging distance offset calibration recommended per module/antenna combination; see Semtech ranging FAQ P40.,,,OFFICIAL_SPECIFICATION,Semtech SX1280 product page,https://www.semtech.com/products/wireless-rf/lora-connect/sx1280,Manufacturer datasheet and product-page claims for the bare radio IC. Not a project measurement. Numeric fields left as None were not confirmed against a freshly fetched datasheet in this session (network egress to manufacturer/distributor sites was blocked in the build environment); verify before relying on them.,,,,False,
scenario-000028,SX1280_RANGING,LOCAL_RADIO,scenario-000028,SX1280_RANGING,4,1,1.0,20.0,20.0,6.0,0.001,0.0002,Semtech SX1280,,,,,,,0.15,,,,,,,0.1,0.5,,,,scheduled,100,-0.2778235164734087,0.00818441006512689,5.32955173417675,2.0212906276978044,2.3599351263440003,5.658782267100022,2.477958956990103,3.050077132605036,6.191292536515107,2.462335209962654,3.050066151786227,3.15086997279184,3.4554210184028364,3.9297902116229615,3.4707494608188574,4.277593648145089,5.80771069106109,6.781455352242631,8.222722798203058,8.665195893333918,3.4707494608188574,6.781455352242631,5.658782267100022,6.191292536515107,5.860552662550191,7.080479389931184,8.802248813089333,9.335388755774865,10.330426003606325,10.443794694120204,7.001699467558024,7.333168099810294,2.1798070891877113,7.07172509822583,7.9559930176316795,8.793088987165168,10.17218035497216,10.483313551943858,11.204017534855272,11.384100429466084,7.07172509822583,10.483313551943858,98.54021656013535,100,100,0,1.0,0.0,0.0,,,1.0,0,,0.1:0.0|0.25:0.0|0.5:0.0|1.0:0.0|2.0:0.01,,,SS_TWR,4,1,1.0,8,0.001,0.0002,scheduled,8.0,0.009600000000000001,0.009600000000000001,False,,,1.0,1.0,1.0,104,,scenario-000028-default-path,STRAIGHT_LINE,5,17.06575518399347,16.97056274847714,1.7999999999999998,5.0,3.413151036798694,3.413151036798694,0.35999999999999993,3.9297902116229615,6.191292536515107,7.333168099810294,10.483313551943858,6.754135392165185,2.8560478785162116,0,0,0.009600000000000001,0.0,3,False,COPLANAR_WEAK_VERTICAL,False,4,4.546234028149045,,2.222249370734652,2.222249370734652,8.67536936695472,HARDWARE_CALIBRATED_MODEL,Bootstrap resample of Stuart Robinson SX1280 short-range errors,https://stuartsprojects.github.io/2019/04/26/Semtech-SX1280-2-4Ghz-LoRa-ranging-tranceivers.html,"Resampling model built from Stuart Robinson's six published short-range SX1280 ranging observations (0-250 m, one hardware/environment configuration). The model draws errors with replacement from those six values; it does not condition on range, bandwidth, spreading factor, center frequency, LOS/NLOS state, temperature, oscillator, orientation or hardware, because six unrepeated points cannot support fitting any of those dependencies. Treat this as a rough, small-sample stand-in for a real conditional error model, not a validated one. It must not be used to claim SX1280 accuracy at ranges outside 0-250 m.",,,,scenario-000028,True,False,False,,,False,GEOMETRY_INVALID,28,False,False,,,,,Semtech,SX1280/SX1281 family,SX1280,,SX1280,SX1280,True,True,2400-2483.5 MHz ISM,203.125|406.25|812.5|1625.0,,,"TCXO or crystal, per application design",,,,,,,Ranging distance offset calibration recommended per module/antenna combination; see Semtech ranging FAQ P40.,,,OFFICIAL_SPECIFICATION,Semtech SX1280 product page,https://www.semtech.com/products/wireless-rf/lora-connect/sx1280,Manufacturer datasheet and product-page claims for the bare radio IC. Not a project measurement. Numeric fields left as None were not confirmed against a freshly fetched datasheet in this session (network egress to manufacturer/distributor sites was blocked in the build environment); verify before relying on them.,,,,False,
scenario-000029,SX1280_RANGING,LOCAL_RADIO,scenario-000029,SX1280_RANGING,4,1,5.0,20.0,20.0,6.0,0.001,0.0002,Semtech SX1280,,,,,,,0.15,,,,,,,0.1,0.5,,,,scheduled,100,-0.2778235164734087,0.00818441006512689,5.32955173417675,2.0212906276978044,2.3599351263440003,5.658782267100022,2.477958956990103,3.050077132605036,6.191292536515107,2.462335209962654,3.050066151786227,3.15086997279184,3.4554210184028364,3.9297902116229615,3.4707494608188574,4.277593648145089,5.80771069106109,6.781455352242631,8.222722798203058,8.665195893333918,3.4707494608188574,6.781455352242631,5.658782267100022,6.191292536515107,5.860552662550191,7.080479389931184,8.802248813089333,9.335388755774865,10.330426003606325,10.443794694120204,7.001699467558024,7.333168099810294,2.1798070891877113,7.07172509822583,7.9559930176316795,8.793088987165168,10.17218035497216,10.483313551943858,11.204017534855272,11.384100429466084,7.07172509822583,10.483313551943858,98.54021656013535,100,100,0,1.0,0.0,0.0,,,1.0,0,,0.1:0.0|0.25:0.0|0.5:0.0|1.0:0.0|2.0:0.01,,,SS_TWR,4,1,5.0,8,0.001,0.0002,scheduled,40.0,0.048,0.048,False,,,5.0,5.0,5.0,20,,scenario-000029-default-path,STRAIGHT_LINE,5,17.06575518399347,16.97056274847714,1.7999999999999998,5.0,3.413151036798694,3.413151036798694,0.35999999999999993,3.9297902116229615,6.191292536515107,7.333168099810294,10.483313551943858,6.754135392165185,2.8560478785162116,0,0,0.009600000000000001,0.0,3,False,COPLANAR_WEAK_VERTICAL,False,4,4.546234028149045,,2.222249370734652,2.222249370734652,8.67536936695472,HARDWARE_CALIBRATED_MODEL,Bootstrap resample of Stuart Robinson SX1280 short-range errors,https://stuartsprojects.github.io/2019/04/26/Semtech-SX1280-2-4Ghz-LoRa-ranging-tranceivers.html,"Resampling model built from Stuart Robinson's six published short-range SX1280 ranging observations (0-250 m, one hardware/environment configuration). The model draws errors with replacement from those six values; it does not condition on range, bandwidth, spreading factor, center frequency, LOS/NLOS state, temperature, oscillator, orientation or hardware, because six unrepeated points cannot support fitting any of those dependencies. Treat this as a rough, small-sample stand-in for a real conditional error model, not a validated one. It must not be used to claim SX1280 accuracy at ranges outside 0-250 m.",,,,scenario-000029,True,False,False,,,False,GEOMETRY_INVALID,29,False,False,,,,,Semtech,SX1280/SX1281 family,SX1280,,SX1280,SX1280,True,True,2400-2483.5 MHz ISM,203.125|406.25|812.5|1625.0,,,"TCXO or crystal, per application design",,,,,,,Ranging distance offset calibration recommended per module/antenna combination; see Semtech ranging FAQ P40.,,,OFFICIAL_SPECIFICATION,Semtech SX1280 product page,https://www.semtech.com/products/wireless-rf/lora-connect/sx1280,Manufacturer datasheet and product-page claims for the bare radio IC. Not a project measurement. Numeric fields left as None were not confirmed against a freshly fetched datasheet in this session (network egress to manufacturer/distributor sites was blocked in the build environment); verify before relying on them.,,,,False,
scenario-000030,SX1280_RANGING,LOCAL_RADIO,scenario-000030,SX1280_RANGING,4,10,1.0,20.0,20.0,6.0,0.001,0.0002,Semtech SX1280,,,,,,,0.15,,,,,,,0.1,0.5,,,,scheduled,100,-0.2778235164734087,0.00818441006512689,5.32955173417675,2.0212906276978044,2.3599351263440003,5.658782267100022,2.477958956990103,3.050077132605036,6.191292536515107,2.462335209962654,3.050066151786227,3.15086997279184,3.4554210184028364,3.9297902116229615,3.4707494608188574,4.277593648145089,5.80771069106109,6.781455352242631,8.222722798203058,8.665195893333918,3.4707494608188574,6.781455352242631,5.658782267100022,6.191292536515107,5.860552662550191,7.080479389931184,8.802248813089333,9.335388755774865,10.330426003606325,10.443794694120204,7.001699467558024,7.333168099810294,2.1798070891877113,7.07172509822583,7.9559930176316795,8.793088987165168,10.17218035497216,10.483313551943858,11.204017534855272,11.384100429466084,7.07172509822583,10.483313551943858,98.54021656013535,100,100,0,1.0,0.0,0.0,,,1.0,0,,0.1:0.0|0.25:0.0|0.5:0.0|1.0:0.0|2.0:0.01,,,SS_TWR,4,10,1.0,8,0.001,0.0002,scheduled,80.0,0.096,0.096,False,,,10.0,10.0,1.0,104,,scenario-000030-default-path,STRAIGHT_LINE,5,17.06575518399347,16.97056274847714,1.7999999999999998,5.0,3.413151036798694,3.413151036798694,0.35999999999999993,3.9297902116229615,6.191292536515107,7.333168099810294,10.483313551943858,6.754135392165185,2.8560478785162116,0,0,0.009600000000000001,0.0,3,False,COPLANAR_WEAK_VERTICAL,False,4,4.546234028149045,,2.222249370734652,2.222249370734652,8.67536936695472,HARDWARE_CALIBRATED_MODEL,Bootstrap resample of Stuart Robinson SX1280 short-range errors,https://stuartsprojects.github.io/2019/04/26/Semtech-SX1280-2-4Ghz-LoRa-ranging-tranceivers.html,"Resampling model built from Stuart Robinson's six published short-range SX1280 ranging observations (0-250 m, one hardware/environment configuration). The model draws errors with replacement from those six values; it does not condition on range, bandwidth, spreading factor, center frequency, LOS/NLOS state, temperature, oscillator, orientation or hardware, because six unrepeated points cannot support fitting any of those dependencies. Treat this as a rough, small-sample stand-in for a real conditional error model, not a validated one. It must not be used to claim SX1280 accuracy at ranges outside 0-250 m.",,,,scenario-000030,True,False,False,,,False,GEOMETRY_INVALID,30,False,False,,,,,Semtech,SX1280/SX1281 family,SX1280,,SX1280,SX1280,True,True,2400-2483.5 MHz ISM,203.125|406.25|812.5|1625.0,,,"TCXO or crystal, per application design",,,,,,,Ranging distance offset calibration recommended per module/antenna combination; see Semtech ranging FAQ P40.,,,OFFICIAL_SPECIFICATION,Semtech SX1280 product page,https://www.semtech.com/products/wireless-rf/lora-connect/sx1280,Manufacturer datasheet and product-page claims for the bare radio IC. Not a project measurement. Numeric fields left as None were not confirmed against a freshly fetched datasheet in this session (network egress to manufacturer/distributor sites was blocked in the build environment); verify before relying on them.,,,,False,
scenario-000031,SX1280_RANGING,LOCAL_RADIO,scenario-000031,SX1280_RANGING,4,10,5.0,20.0,20.0,6.0,0.001,0.0002,Semtech SX1280,,,,,,,0.15,,,,,,,0.1,0.5,,,,scheduled,100,-0.2778235164734087,0.00818441006512689,5.32955173417675,2.0212906276978044,2.3599351263440003,5.658782267100022,2.477958956990103,3.050077132605036,6.191292536515107,2.462335209962654,3.050066151786227,3.15086997279184,3.4554210184028364,3.9297902116229615,3.4707494608188574,4.277593648145089,5.80771069106109,6.781455352242631,8.222722798203058,8.665195893333918,3.4707494608188574,6.781455352242631,5.658782267100022,6.191292536515107,5.860552662550191,7.080479389931184,8.802248813089333,9.335388755774865,10.330426003606325,10.443794694120204,7.001699467558024,7.333168099810294,2.1798070891877113,7.07172509822583,7.9559930176316795,8.793088987165168,10.17218035497216,10.483313551943858,11.204017534855272,11.384100429466084,7.07172509822583,10.483313551943858,98.54021656013535,100,100,0,1.0,0.0,0.0,,,1.0,0,,0.1:0.0|0.25:0.0|0.5:0.0|1.0:0.0|2.0:0.01,,,SS_TWR,4,10,5.0,8,0.001,0.0002,scheduled,400.0,0.48000000000000004,0.48000000000000004,False,,,50.0,50.0,5.0,20,,scenario-000031-default-path,STRAIGHT_LINE,5,17.06575518399347,16.97056274847714,1.7999999999999998,5.0,3.413151036798694,3.413151036798694,0.35999999999999993,3.9297902116229615,6.191292536515107,7.333168099810294,10.483313551943858,6.754135392165185,2.8560478785162116,0,0,0.009600000000000001,0.0,3,False,COPLANAR_WEAK_VERTICAL,False,4,4.546234028149045,,2.222249370734652,2.222249370734652,8.67536936695472,HARDWARE_CALIBRATED_MODEL,Bootstrap resample of Stuart Robinson SX1280 short-range errors,https://stuartsprojects.github.io/2019/04/26/Semtech-SX1280-2-4Ghz-LoRa-ranging-tranceivers.html,"Resampling model built from Stuart Robinson's six published short-range SX1280 ranging observations (0-250 m, one hardware/environment configuration). The model draws errors with replacement from those six values; it does not condition on range, bandwidth, spreading factor, center frequency, LOS/NLOS state, temperature, oscillator, orientation or hardware, because six unrepeated points cannot support fitting any of those dependencies. Treat this as a rough, small-sample stand-in for a real conditional error model, not a validated one. It must not be used to claim SX1280 accuracy at ranges outside 0-250 m.",,,,scenario-000031,True,False,False,,,False,GEOMETRY_INVALID,31,False,False,,,,,Semtech,SX1280/SX1281 family,SX1280,,SX1280,SX1280,True,True,2400-2483.5 MHz ISM,203.125|406.25|812.5|1625.0,,,"TCXO or crystal, per application design",,,,,,,Ranging distance offset calibration recommended per module/antenna combination; see Semtech ranging FAQ P40.,,,OFFICIAL_SPECIFICATION,Semtech SX1280 product page,https://www.semtech.com/products/wireless-rf/lora-connect/sx1280,Manufacturer datasheet and product-page claims for the bare radio IC. Not a project measurement. Numeric fields left as None were not confirmed against a freshly fetched datasheet in this session (network egress to manufacturer/distributor sites was blocked in the build environment); verify before relying on them.,,,,False,
scenario-000032,UWB_SS_TWR,LOCAL_RADIO,scenario-000032,UWB_SS_TWR,5,1,1.0,20.0,20.0,6.0,0.001,0.0002,,,,,,,,0.15,,,,,,,0.1,0.5,,,,scheduled,100,-0.005658156671529837,-0.011697896552691343,0.1292014937832899,0.11379080443969941,0.12731522777703325,0.29523957911433935,0.15004761128940988,0.16255861340034072,0.3874939302325674,0.1499408914097094,0.162137170343151,0.36531975031641567,0.18998301005371612,0.22122293833212522,0.16924978366268784,0.21771865245150337,0.3396618930015329,0.3946684169825126,0.5029288295362302,0.5480564728509072,0.16924978366268784,0.3946684169825126,0.29523957911433935,0.3874939302325674,0.19805592516611337,0.37549362834355254,0.6124291331335704,0.8199196888640071,1.0206874817354727,1.0869401261639071,0.3749745192546687,0.4461962958288438,0.24183722691329204,0.2857444402964991,0.4511998727515072,0.5523816098805315,0.7264215259117636,0.8798701903591429,1.0337250820235593,1.1265016620314847,0.2857444402964991,0.8798701903591429,0.036751214021324585,100,100,0,1.0,0.0,0.0,,,1.0,0,,0.1:0.05|0.25:0.41|0.5:0.69|1.0:0.98|2.0:1.0,,,SS_TWR,5,1,1.0,10,0.001,0.0002,scheduled,10.0,0.012,0.012,False,,,1.0,1.0,1.0,83,,scenario-000032-default-path,STRAIGHT_LINE,5,17.06575518399347,16.97056274847714,1.7999999999999998,5.0,3.413151036798694,3.413151036798694,0.35999999999999993,0.22122293833212522,0.3874939302325674,0.4461962958288438,0.8798701903591429,0.4226190519805344,0.14312327314051823,0,0,0.012,1.0,3,True,,True,5,3.743972556046877,True,0.15789707716491053,0.1578970771649105,0.43349782119445224,SIMULATED_MONTE_CARLO,Configured Gaussian/NLOS-bias range-error model,,"Synthetic model: N(0, 0.1500 m) range noise, plus a 0.500 m bias applied to a randomly selected 10% of attempts. Parameters come directly from this scenario's configuration, not from a measurement or a hardware-calibrated fit.",,,,scenario-000032,True,True,False,,,True,,32,True,False,5.0,33|34|35|37|38|39|45|46|47|64|65|66|67|68|69|70|72|73|74|75|76|77|78|79,,,,,,,,,,,,,,,,,,,,,,,,,,,,,,,,,
scenario-000033,UWB_SS_TWR,LOCAL_RADIO,scenario-000033,UWB_SS_TWR,5,1,5.0,20.0,20.0,6.0,0.001,0.0002,,,,,,,,0.15,,,,,,,0.1,0.5,,,,scheduled,100,-0.005658156671529837,-0.011697896552691343,0.1292014937832899,0.11379080443969941,0.12731522777703325,0.29523957911433935,0.15004761128940988,0.16255861340034072,0.3874939302325674,0.1499408914097094,0.162137170343151,0.36531975031641567,0.18998301005371612,0.22122293833212522,0.16924978366268784,0.21771865245150337,0.3396618930015329,0.3946684169825126,0.5029288295362302,0.5480564728509072,0.16924978366268784,0.3946684169825126,0.29523957911433935,0.3874939302325674,0.19805592516611337,0.37549362834355254,0.6124291331335704,0.8199196888640071,1.0206874817354727,1.0869401261639071,0.3749745192546687,0.4461962958288438,0.24183722691329204,0.2857444402964991,0.4511998727515072,0.5523816098805315,0.7264215259117636,0.8798701903591429,1.0337250820235593,1.1265016620314847,0.2857444402964991,0.8798701903591429,0.036751214021324585,100,100,0,1.0,0.0,0.0,,,1.0,0,,0.1:0.05|0.25:0.41|0.5:0.69|1.0:0.98|2.0:1.0,,,SS_TWR,5,1,5.0,10,0.001,0.0002,scheduled,50.0,0.060000000000000005,0.060000000000000005,False,,,5.0,5.0,5.0,16,,scenario-000033-default-path,STRAIGHT_LINE,5,17.06575518399347,16.97056274847714,1.7999999999999998,5.0,3.413151036798694,3.413151036798694,0.35999999999999993,0.22122293833212522,0.3874939302325674,0.4461962958288438,0.8798701903591429,0.4226190519805344,0.14312327314051823,0,0,0.012,1.0,3,True,,True,5,3.743972556046877,True,0.15789707716491053,0.1578970771649105,0.43349782119445224,SIMULATED_MONTE_CARLO,Configured Gaussian/NLOS-bias range-error model,,"Synthetic model: N(0, 0.1500 m) range noise, plus a 0.500 m bias applied to a randomly selected 10% of attempts. Parameters come directly from this scenario's configuration, not from a measurement or a hardware-calibrated fit.",,,,scenario-000033,True,True,False,,,True,,33,True,False,4.0,34|35|38|39|46|47|65|66|67|69|70|73|74|75|77|78|79,,,,,,,,,,,,,,,,,,,,,,,,,,,,,,,,,
scenario-000034,UWB_SS_TWR,LOCAL_RADIO,scenario-000034,UWB_SS_TWR,5,10,1.0,20.0,20.0,6.0,0.001,0.0002,,,,,,,,0.15,,,,,,,0.1,0.5,,,,scheduled,100,-0.005658156671529837,-0.011697896552691343,0.1292014937832899,0.11379080443969941,0.12731522777703325,0.29523957911433935,0.15004761128940988,0.16255861340034072,0.3874939302325674,0.1499408914097094,0.162137170343151,0.36531975031641567,0.18998301005371612,0.22122293833212522,0.16924978366268784,0.21771865245150337,0.3396618930015329,0.3946684169825126,0.5029288295362302,0.5480564728509072,0.16924978366268784,0.3946684169825126,0.29523957911433935,0.3874939302325674,0.19805592516611337,0.37549362834355254,0.6124291331335704,0.8199196888640071,1.0206874817354727,1.0869401261639071,0.3749745192546687,0.4461962958288438,0.24183722691329204,0.2857444402964991,0.4511998727515072,0.5523816098805315,0.7264215259117636,0.8798701903591429,1.0337250820235593,1.1265016620314847,0.2857444402964991,0.8798701903591429,0.036751214021324585,100,100,0,1.0,0.0,0.0,,,1.0,0,,0.1:0.05|0.25:0.41|0.5:0.69|1.0:0.98|2.0:1.0,,,SS_TWR,5,10,1.0,10,0.001,0.0002,scheduled,100.0,0.12000000000000001,0.12000000000000001,False,,,10.0,10.0,1.0,83,,scenario-000034-default-path,STRAIGHT_LINE,5,17.06575518399347,16.97056274847714,1.7999999999999998,5.0,3.413151036798694,3.413151036798694,0.35999999999999993,0.22122293833212522,0.3874939302325674,0.4461962958288438,0.8798701903591429,0.4226190519805344,0.14312327314051823,0,0,0.012,1.0,3,True,,True,5,3.743972556046877,True,0.15789707716491053,0.1578970771649105,0.43349782119445224,SIMULATED_MONTE_CARLO,Configured Gaussian/NLOS-bias range-error model,,"Synthetic model: N(0, 0.1500 m) range noise, plus a 0.500 m bias applied to a randomly selected 10% of attempts. Parameters come directly from this scenario's configuration, not from a measurement or a hardware-calibrated fit.",,,,scenario-000034,True,True,False,,,True,,34,True,False,3.0,35|39|47|66|67|70|74|75|78|79,,,,,,,,,,,,,,,,,,,,,,,,,,,,,,,,,
scenario-000035,UWB_SS_TWR,LOCAL_RADIO,scenario-000035,UWB_SS_TWR,5,10,5.0,20.0,20.0,6.0,0.001,0.0002,,,,,,,,0.15,,,,,,,0.1,0.5,,,,scheduled,100,-0.005658156671529837,-0.011697896552691343,0.1292014937832899,0.11379080443969941,0.12731522777703325,0.29523957911433935,0.15004761128940988,0.16255861340034072,0.3874939302325674,0.1499408914097094,0.162137170343151,0.36531975031641567,0.18998301005371612,0.22122293833212522,0.16924978366268784,0.21771865245150337,0.3396618930015329,0.3946684169825126,0.5029288295362302,0.5480564728509072,0.16924978366268784,0.3946684169825126,0.29523957911433935,0.3874939302325674,0.19805592516611337,0.37549362834355254,0.6124291331335704,0.8199196888640071,1.0206874817354727,1.0869401261639071,0.3749745192546687,0.4461962958288438,0.24183722691329204,0.2857444402964991,0.4511998727515072,0.5523816098805315,0.7264215259117636,0.8798701903591429,1.0337250820235593,1.1265016620314847,0.2857444402964991,0.8798701903591429,0.036751214021324585,100,100,0,1.0,0.0,0.0,,,1.0,0,,0.1:0.05|0.25:0.41|0.5:0.69|1.0:0.98|2.0:1.0,,,SS_TWR,5,10,5.0,10,0.001,0.0002,scheduled,500.0,0.6000000000000001,0.6000000000000001,False,,,50.0,50.0,5.0,16,,scenario-000035-default-path,STRAIGHT_LINE,5,17.06575518399347,16.97056274847714,1.7999999999999998,5.0,3.413151036798694,3.413151036798694,0.35999999999999993,0.22122293833212522,0.3874939302325674,0.4461962958288438,0.8798701903591429,0.4226190519805344,0.14312327314051823,0,0,0.012,1.0,3,True,,True,5,3.743972556046877,True,0.15789707716491053,0.1578970771649105,0.43349782119445224,SIMULATED_MONTE_CARLO,Configured Gaussian/NLOS-bias range-error model,,"Synthetic model: N(0, 0.1500 m) range noise, plus a 0.500 m bias applied to a randomly selected 10% of attempts. Parameters come directly from this scenario's configuration, not from a measurement or a hardware-calibrated fit.",,,,scenario-000035,True,True,False,,,True,,35,True,False,2.0,67|75|79,,,,,,,,,,,,,,,,,,,,,,,,,,,,,,,,,
scenario-000036,UWB_DS_TWR,LOCAL_RADIO,scenario-000036,UWB_DS_TWR,5,1,1.0,20.0,20.0,6.0,0.001,0.0002,,,,,,,,0.15,,,,,,,0.1,0.5,,,,scheduled,100,-0.005658156671529837,-0.011697896552691343,0.1292014937832899,0.11379080443969941,0.12731522777703325,0.29523957911433935,0.15004761128940988,0.16255861340034072,0.3874939302325674,0.1499408914097094,0.162137170343151,0.36531975031641567,0.18998301005371612,0.22122293833212522,0.16924978366268784,0.21771865245150337,0.3396618930015329,0.3946684169825126,0.5029288295362302,0.5480564728509072,0.16924978366268784,0.3946684169825126,0.29523957911433935,0.3874939302325674,0.19805592516611337,0.37549362834355254,0.6124291331335704,0.8199196888640071,1.0206874817354727,1.0869401261639071,0.3749745192546687,0.4461962958288438,0.24183722691329204,0.2857444402964991,0.4511998727515072,0.5523816098805315,0.7264215259117636,0.8798701903591429,1.0337250820235593,1.1265016620314847,0.2857444402964991,0.8798701903591429,0.036751214021324585,100,100,0,1.0,0.0,0.0,,,1.0,0,,0.1:0.05|0.25:0.41|0.5:0.69|1.0:0.98|2.0:1.0,,,DS_TWR,5,1,1.0,15,0.001,0.0002,scheduled,15.0,0.018000000000000002,0.018000000000000002,False,,,1.0,1.0,1.0,55,,scenario-000036-default-path,STRAIGHT_LINE,5,17.06575518399347,16.97056274847714,1.7999999999999998,5.0,3.413151036798694,3.413151036798694,0.35999999999999993,0.22122293833212522,0.3874939302325674,0.4461962958288438,0.8798701903591429,0.4226190519805344,0.14312327314051823,0,0,0.018000000000000002,1.0,3,True,,True,5,3.743972556046877,True,0.15789707716491053,0.1578970771649105,0.43349782119445224,SIMULATED_MONTE_CARLO,Configured Gaussian/NLOS-bias range-error model,,"Synthetic model: N(0, 0.1500 m) range noise, plus a 0.500 m bias applied to a randomly selected 10% of attempts. Parameters come directly from this scenario's configuration, not from a measurement or a hardware-calibrated fit.",,,,scenario-000036,True,True,False,,,True,,36,True,False,5.0,33|34|35|37|38|39|45|46|47|64|65|66|67|68|69|70|72|73|74|75|76|77|78|79,,,,,,,,,,,,,,,,,,,,,,,,,,,,,,,,,
scenario-000037,UWB_DS_TWR,LOCAL_RADIO,scenario-000037,UWB_DS_TWR,5,1,5.0,20.0,20.0,6.0,0.001,0.0002,,,,,,,,0.15,,,,,,,0.1,0.5,,,,scheduled,100,-0.005658156671529837,-0.011697896552691343,0.1292014937832899,0.11379080443969941,0.12731522777703325,0.29523957911433935,0.15004761128940988,0.16255861340034072,0.3874939302325674,0.1499408914097094,0.162137170343151,0.36531975031641567,0.18998301005371612,0.22122293833212522,0.16924978366268784,0.21771865245150337,0.3396618930015329,0.3946684169825126,0.5029288295362302,0.5480564728509072,0.16924978366268784,0.3946684169825126,0.29523957911433935,0.3874939302325674,0.19805592516611337,0.37549362834355254,0.6124291331335704,0.8199196888640071,1.0206874817354727,1.0869401261639071,0.3749745192546687,0.4461962958288438,0.24183722691329204,0.2857444402964991,0.4511998727515072,0.5523816098805315,0.7264215259117636,0.8798701903591429,1.0337250820235593,1.1265016620314847,0.2857444402964991,0.8798701903591429,0.036751214021324585,100,100,0,1.0,0.0,0.0,,,1.0,0,,0.1:0.05|0.25:0.41|0.5:0.69|1.0:0.98|2.0:1.0,,,DS_TWR,5,1,5.0,15,0.001,0.0002,scheduled,75.0,0.09000000000000001,0.09000000000000001,False,,,5.0,5.0,5.0,11,,scenario-000037-default-path,STRAIGHT_LINE,5,17.06575518399347,16.97056274847714,1.7999999999999998,5.0,3.413151036798694,3.413151036798694,0.35999999999999993,0.22122293833212522,0.3874939302325674,0.4461962958288438,0.8798701903591429,0.4226190519805344,0.14312327314051823,0,0,0.018000000000000002,1.0,3,True,,True,5,3.743972556046877,True,0.15789707716491053,0.1578970771649105,0.43349782119445224,SIMULATED_MONTE_CARLO,Configured Gaussian/NLOS-bias range-error model,,"Synthetic model: N(0, 0.1500 m) range noise, plus a 0.500 m bias applied to a randomly selected 10% of attempts. Parameters come directly from this scenario's configuration, not from a measurement or a hardware-calibrated fit.",,,,scenario-000037,True,True,False,,,True,,37,True,False,4.0,34|35|38|39|46|47|65|66|67|69|70|73|74|75|77|78|79,,,,,,,,,,,,,,,,,,,,,,,,,,,,,,,,,
scenario-000038,UWB_DS_TWR,LOCAL_RADIO,scenario-000038,UWB_DS_TWR,5,10,1.0,20.0,20.0,6.0,0.001,0.0002,,,,,,,,0.15,,,,,,,0.1,0.5,,,,scheduled,100,-0.005658156671529837,-0.011697896552691343,0.1292014937832899,0.11379080443969941,0.12731522777703325,0.29523957911433935,0.15004761128940988,0.16255861340034072,0.3874939302325674,0.1499408914097094,0.162137170343151,0.36531975031641567,0.18998301005371612,0.22122293833212522,0.16924978366268784,0.21771865245150337,0.3396618930015329,0.3946684169825126,0.5029288295362302,0.5480564728509072,0.16924978366268784,0.3946684169825126,0.29523957911433935,0.3874939302325674,0.19805592516611337,0.37549362834355254,0.6124291331335704,0.8199196888640071,1.0206874817354727,1.0869401261639071,0.3749745192546687,0.4461962958288438,0.24183722691329204,0.2857444402964991,0.4511998727515072,0.5523816098805315,0.7264215259117636,0.8798701903591429,1.0337250820235593,1.1265016620314847,0.2857444402964991,0.8798701903591429,0.036751214021324585,100,100,0,1.0,0.0,0.0,,,1.0,0,,0.1:0.05|0.25:0.41|0.5:0.69|1.0:0.98|2.0:1.0,,,DS_TWR,5,10,1.0,15,0.001,0.0002,scheduled,150.0,0.18000000000000002,0.18000000000000002,False,,,10.0,10.0,1.0,55,,scenario-000038-default-path,STRAIGHT_LINE,5,17.06575518399347,16.97056274847714,1.7999999999999998,5.0,3.413151036798694,3.413151036798694,0.35999999999999993,0.22122293833212522,0.3874939302325674,0.4461962958288438,0.8798701903591429,0.4226190519805344,0.14312327314051823,0,0,0.018000000000000002,1.0,3,True,,True,5,3.743972556046877,True,0.15789707716491053,0.1578970771649105,0.43349782119445224,SIMULATED_MONTE_CARLO,Configured Gaussian/NLOS-bias range-error model,,"Synthetic model: N(0, 0.1500 m) range noise, plus a 0.500 m bias applied to a randomly selected 10% of attempts. Parameters come directly from this scenario's configuration, not from a measurement or a hardware-calibrated fit.",,,,scenario-000038,True,True,False,,,True,,38,True,False,3.0,35|39|47|66|67|70|74|75|78|79,,,,,,,,,,,,,,,,,,,,,,,,,,,,,,,,,
scenario-000039,UWB_DS_TWR,LOCAL_RADIO,scenario-000039,UWB_DS_TWR,5,10,5.0,20.0,20.0,6.0,0.001,0.0002,,,,,,,,0.15,,,,,,,0.1,0.5,,,,scheduled,100,-0.005658156671529837,-0.011697896552691343,0.1292014937832899,0.11379080443969941,0.12731522777703325,0.29523957911433935,0.15004761128940988,0.16255861340034072,0.3874939302325674,0.1499408914097094,0.162137170343151,0.36531975031641567,0.18998301005371612,0.22122293833212522,0.16924978366268784,0.21771865245150337,0.3396618930015329,0.3946684169825126,0.5029288295362302,0.5480564728509072,0.16924978366268784,0.3946684169825126,0.29523957911433935,0.3874939302325674,0.19805592516611337,0.37549362834355254,0.6124291331335704,0.8199196888640071,1.0206874817354727,1.0869401261639071,0.3749745192546687,0.4461962958288438,0.24183722691329204,0.2857444402964991,0.4511998727515072,0.5523816098805315,0.7264215259117636,0.8798701903591429,1.0337250820235593,1.1265016620314847,0.2857444402964991,0.8798701903591429,0.036751214021324585,100,100,0,1.0,0.0,0.0,,,1.0,0,,0.1:0.05|0.25:0.41|0.5:0.69|1.0:0.98|2.0:1.0,,,DS_TWR,5,10,5.0,15,0.001,0.0002,scheduled,750.0,0.9000000000000001,0.9000000000000001,False,,,50.0,50.0,5.0,11,,scenario-000039-default-path,STRAIGHT_LINE,5,17.06575518399347,16.97056274847714,1.7999999999999998,5.0,3.413151036798694,3.413151036798694,0.35999999999999993,0.22122293833212522,0.3874939302325674,0.4461962958288438,0.8798701903591429,0.4226190519805344,0.14312327314051823,0,0,0.018000000000000002,1.0,3,True,,True,5,3.743972556046877,True,0.15789707716491053,0.1578970771649105,0.43349782119445224,SIMULATED_MONTE_CARLO,Configured Gaussian/NLOS-bias range-error model,,"Synthetic model: N(0, 0.1500 m) range noise, plus a 0.500 m bias applied to a randomly selected 10% of attempts. Parameters come directly from this scenario's configuration, not from a measurement or a hardware-calibrated fit.",,,,scenario-000039,True,True,False,,,True,,39,True,False,2.0,67|75|79,,,,,,,,,,,,,,,,,,,,,,,,,,,,,,,,,
scenario-000040,TDOA,LOCAL_RADIO,scenario-000040,TDOA,5,1,1.0,20.0,20.0,6.0,0.001,0.0002,,,,,,,,0.15,,,,,,,0.1,0.5,,,,scheduled,100,-0.006481500413499917,-0.012868615998080202,0.07160652730733176,0.14090995306399517,0.1556617443222613,0.34267077572672955,0.1802776794969541,0.21328059066964247,0.4847257791709513,0.1801611275419765,0.21289201271697705,0.4794075366948983,0.230455888799442,0.27926448410279114,0.2061100880387578,0.26070258097604704,0.39562958159840733,0.44591845028474236,0.5493815460495037,1.3157372543350694,0.2061100880387578,0.44591845028474236,0.34267077572672955,0.4847257791709513,0.2625021155024143,0.36460134549511797,0.6530550023948718,0.7309678718565243,1.927604014624966,2.416057861358361,0.4397134330349416,0.5594173156723734,0.3458320833623016,0.36179492630343096,0.4598782316859341,0.5400104679983715,0.721095373001594,0.8812108155062054,1.9862921296871712,2.751090713131198,0.36179492630343096,0.8812108155062054,0.0683294956927395,100,100,0,1.0,0.0,0.0,,,1.0,0,,0.1:0.0|0.25:0.24|0.5:0.71|1.0:0.97|2.0:0.99,,,TDOA,5,1,1.0,1,0.001,0.0002,scheduled,1.0,0.0012000000000000001,0.0012000000000000001,False,,,1.0,1.0,1.0,833,,scenario-000040-default-path,STRAIGHT_LINE,5,17.06575518399347,16.97056274847714,1.7999999999999998,5.0,3.413151036798694,3.413151036798694,0.35999999999999993,0.27926448410279114,0.4847257791709513,0.5594173156723734,0.8812108155062054,0.5007465345683876,0.24940056373599995,0,0,0.0012000000000000001,1.0,3,True,,True,5,8.159623589535645,,0.17658721756515408,0.1765872175651541,0.4931706942895472,SIMULATED_MONTE_CARLO,Configured Gaussian/NLOS-bias range-error model,,"Synthetic model: N(0, 0.1500 m) range noise, plus a 0.500 m bias applied to a randomly selected 10% of attempts. Parameters come directly from this scenario's configuration, not from a measurement or a hardware-calibrated fit.",,,,scenario-000040,True,True,False,,,True,,40,True,False,6.0,32|33|34|35|36|37|38|39|41|42|43|44|45|46|47|64|65|66|67|68|69|70|72|73|74|75|76|77|78|79,,,,,,,,,,,,,,,,,,,,,,,,,,,,,,,,,
scenario-000041,TDOA,LOCAL_RADIO,scenario-000041,TDOA,5,1,5.0,20.0,20.0,6.0,0.001,0.0002,,,,,,,,0.15,,,,,,,0.1,0.5,,,,scheduled,100,-0.006481500413499917,-0.012868615998080202,0.07160652730733176,0.14090995306399517,0.1556617443222613,0.34267077572672955,0.1802776794969541,0.21328059066964247,0.4847257791709513,0.1801611275419765,0.21289201271697705,0.4794075366948983,0.230455888799442,0.27926448410279114,0.2061100880387578,0.26070258097604704,0.39562958159840733,0.44591845028474236,0.5493815460495037,1.3157372543350694,0.2061100880387578,0.44591845028474236,0.34267077572672955,0.4847257791709513,0.2625021155024143,0.36460134549511797,0.6530550023948718,0.7309678718565243,1.927604014624966,2.416057861358361,0.4397134330349416,0.5594173156723734,0.3458320833623016,0.36179492630343096,0.4598782316859341,0.5400104679983715,0.721095373001594,0.8812108155062054,1.9862921296871712,2.751090713131198,0.36179492630343096,0.8812108155062054,0.0683294956927395,100,100,0,1.0,0.0,0.0,,,1.0,0,,0.1:0.0|0.25:0.24|0.5:0.71|1.0:0.97|2.0:0.99,,,TDOA,5,1,5.0,1,0.001,0.0002,scheduled,5.0,0.006,0.006,False,,,5.0,5.0,5.0,166,,scenario-000041-default-path,STRAIGHT_LINE,5,17.06575518399347,16.97056274847714,1.7999999999999998,5.0,3.413151036798694,3.413151036798694,0.35999999999999993,0.27926448410279114,0.4847257791709513,0.5594173156723734,0.8812108155062054,0.5007465345683876,0.24940056373599995,0,0,0.0012000000000000001,1.0,3,True,,True,5,8.159623589535645,,0.17658721756515408,0.1765872175651541,0.4931706942895472,SIMULATED_MONTE_CARLO,Configured Gaussian/NLOS-bias range-error model,,"Synthetic model: N(0, 0.1500 m) range noise, plus a 0.500 m bias applied to a randomly selected 10% of attempts. Parameters come directly from this scenario's configuration, not from a measurement or a hardware-calibrated fit.",,,,scenario-000041,True,True,False,,,True,,41,True,False,5.0,33|34|35|37|38|39|42|43|45|46|47|65|66|67|69|70|73|74|75|77|78|79,,,,,,,,,,,,,,,,,,,,,,,,,,,,,,,,,
scenario-000042,TDOA,LOCAL_RADIO,scenario-000042,TDOA,5,10,1.0,20.0,20.0,6.0,0.001,0.0002,,,,,,,,0.15,,,,,,,0.1,0.5,,,,scheduled,100,-0.006481500413499917,-0.012868615998080202,0.07160652730733176,0.14090995306399517,0.1556617443222613,0.34267077572672955,0.1802776794969541,0.21328059066964247,0.4847257791709513,0.1801611275419765,0.21289201271697705,0.4794075366948983,0.230455888799442,0.27926448410279114,0.2061100880387578,0.26070258097604704,0.39562958159840733,0.44591845028474236,0.5493815460495037,1.3157372543350694,0.2061100880387578,0.44591845028474236,0.34267077572672955,0.4847257791709513,0.2625021155024143,0.36460134549511797,0.6530550023948718,0.7309678718565243,1.927604014624966,2.416057861358361,0.4397134330349416,0.5594173156723734,0.3458320833623016,0.36179492630343096,0.4598782316859341,0.5400104679983715,0.721095373001594,0.8812108155062054,1.9862921296871712,2.751090713131198,0.36179492630343096,0.8812108155062054,0.0683294956927395,100,100,0,1.0,0.0,0.0,,,1.0,0,,0.1:0.0|0.25:0.24|0.5:0.71|1.0:0.97|2.0:0.99,,,TDOA,5,10,1.0,1,0.001,0.0002,scheduled,10.0,0.012,0.012,False,,,10.0,10.0,1.0,833,,scenario-000042-default-path,STRAIGHT_LINE,5,17.06575518399347,16.97056274847714,1.7999999999999998,5.0,3.413151036798694,3.413151036798694,0.35999999999999993,0.27926448410279114,0.4847257791709513,0.5594173156723734,0.8812108155062054,0.5007465345683876,0.24940056373599995,0,0,0.0012000000000000001,1.0,3,True,,True,5,8.159623589535645,,0.17658721756515408,0.1765872175651541,0.4931706942895472,SIMULATED_MONTE_CARLO,Configured Gaussian/NLOS-bias range-error model,,"Synthetic model: N(0, 0.1500 m) range noise, plus a 0.500 m bias applied to a randomly selected 10% of attempts. Parameters come directly from this scenario's configuration, not from a measurement or a hardware-calibrated fit.",,,,scenario-000042,True,True,False,,,True,,42,True,False,4.0,34|35|38|39|43|46|47|66|67|70|74|75|78|79,,,,,,,,,,,,,,,,,,,,,,,,,,,,,,,,,
scenario-000043,TDOA,LOCAL_RADIO,scenario-000043,TDOA,5,10,5.0,20.0,20.0,6.0,0.001,0.0002,,,,,,,,0.15,,,,,,,0.1,0.5,,,,scheduled,100,-0.006481500413499917,-0.012868615998080202,0.07160652730733176,0.14090995306399517,0.1556617443222613,0.34267077572672955,0.1802776794969541,0.21328059066964247,0.4847257791709513,0.1801611275419765,0.21289201271697705,0.4794075366948983,0.230455888799442,0.27926448410279114,0.2061100880387578,0.26070258097604704,0.39562958159840733,0.44591845028474236,0.5493815460495037,1.3157372543350694,0.2061100880387578,0.44591845028474236,0.34267077572672955,0.4847257791709513,0.2625021155024143,0.36460134549511797,0.6530550023948718,0.7309678718565243,1.927604014624966,2.416057861358361,0.4397134330349416,0.5594173156723734,0.3458320833623016,0.36179492630343096,0.4598782316859341,0.5400104679983715,0.721095373001594,0.8812108155062054,1.9862921296871712,2.751090713131198,0.36179492630343096,0.8812108155062054,0.0683294956927395,100,100,0,1.0,0.0,0.0,,,1.0,0,,0.1:0.0|0.25:0.24|0.5:0.71|1.0:0.97|2.0:0.99,,,TDOA,5,10,5.0,1,0.001,0.0002,scheduled,50.0,0.060000000000000005,0.060000000000000005,False,,,50.0,50.0,5.0,166,,scenario-000043-default-path,STRAIGHT_LINE,5,17.06575518399347,16.97056274847714,1.7999999999999998,5.0,3.413151036798694,3.413151036798694,0.35999999999999993,0.27926448410279114,0.4847257791709513,0.5594173156723734,0.8812108155062054,0.5007465345683876,0.24940056373599995,0,0,0.0012000000000000001,1.0,3,True,,True,5,8.159623589535645,,0.17658721756515408,0.1765872175651541,0.4931706942895472,SIMULATED_MONTE_CARLO,Configured Gaussian/NLOS-bias range-error model,,"Synthetic model: N(0, 0.1500 m) range noise, plus a 0.500 m bias applied to a randomly selected 10% of attempts. Parameters come directly from this scenario's configuration, not from a measurement or a hardware-calibrated fit.",,,,scenario-000043,True,True,False,,,True,,43,True,False,3.0,35|39|47|67|75|79,,,,,,,,,,,,,,,,,,,,,,,,,,,,,,,,,
scenario-000044,SX1280_RANGING,LOCAL_RADIO,scenario-000044,SX1280_RANGING,5,1,1.0,20.0,20.0,6.0,0.001,0.0002,,,,,,,,0.15,,,,,,,0.1,0.5,,,,scheduled,100,-0.005658156671529837,-0.011697896552691343,0.1292014937832899,0.11379080443969941,0.12731522777703325,0.29523957911433935,0.15004761128940988,0.16255861340034072,0.3874939302325674,0.1499408914097094,0.162137170343151,0.36531975031641567,0.18998301005371612,0.22122293833212522,0.16924978366268784,0.21771865245150337,0.3396618930015329,0.3946684169825126,0.5029288295362302,0.5480564728509072,0.16924978366268784,0.3946684169825126,0.29523957911433935,0.3874939302325674,0.19805592516611337,0.37549362834355254,0.6124291331335704,0.8199196888640071,1.0206874817354727,1.0869401261639071,0.3749745192546687,0.4461962958288438,0.24183722691329204,0.2857444402964991,0.4511998727515072,0.5523816098805315,0.7264215259117636,0.8798701903591429,1.0337250820235593,1.1265016620314847,0.2857444402964991,0.8798701903591429,0.036751214021324585,100,100,0,1.0,0.0,0.0,,,1.0,0,,0.1:0.05|0.25:0.41|0.5:0.69|1.0:0.98|2.0:1.0,,,SS_TWR,5,1,1.0,10,0.001,0.0002,scheduled,10.0,0.012,0.012,False,,,1.0,1.0,1.0,83,,scenario-000044-default-path,STRAIGHT_LINE,5,17.06575518399347,16.97056274847714,1.7999999999999998,5.0,3.413151036798694,3.413151036798694,0.35999999999999993,0.22122293833212522,0.3874939302325674,0.4461962958288438,0.8798701903591429,0.4226190519805344,0.14312327314051823,0,0,0.012,1.0,3,True,,True,5,3.743972556046877,True,0.15789707716491053,0.1578970771649105,0.43349782119445224,SIMULATED_MONTE_CARLO,Configured Gaussian/NLOS-bias range-error model,,"Synthetic model: N(0, 0.1500 m) range noise, plus a 0.500 m bias applied to a randomly selected 10% of attempts. Parameters come directly from this scenario's configuration, not from a measurement or a hardware-calibrated fit.",,,,scenario-000044,True,True,False,,,True,,44,True,False,5.0,33|34|35|37|38|39|45|46|47|64|65|66|67|68|69|70|72|73|74|75|76|77|78|79,,,,,,,,,,,,,,,,,,,,,,,,,,,,,,,,,
scenario-000045,SX1280_RANGING,LOCAL_RADIO,scenario-000045,SX1280_RANGING,5,1,5.0,20.0,20.0,6.0,0.001,0.0002,,,,,,,,0.15,,,,,,,0.1,0.5,,,,scheduled,100,-0.005658156671529837,-0.011697896552691343,0.1292014937832899,0.11379080443969941,0.12731522777703325,0.29523957911433935,0.15004761128940988,0.16255861340034072,0.3874939302325674,0.1499408914097094,0.162137170343151,0.36531975031641567,0.18998301005371612,0.22122293833212522,0.16924978366268784,0.21771865245150337,0.3396618930015329,0.3946684169825126,0.5029288295362302,0.5480564728509072,0.16924978366268784,0.3946684169825126,0.29523957911433935,0.3874939302325674,0.19805592516611337,0.37549362834355254,0.6124291331335704,0.8199196888640071,1.0206874817354727,1.0869401261639071,0.3749745192546687,0.4461962958288438,0.24183722691329204,0.2857444402964991,0.4511998727515072,0.5523816098805315,0.7264215259117636,0.8798701903591429,1.0337250820235593,1.1265016620314847,0.2857444402964991,0.8798701903591429,0.036751214021324585,100,100,0,1.0,0.0,0.0,,,1.0,0,,0.1:0.05|0.25:0.41|0.5:0.69|1.0:0.98|2.0:1.0,,,SS_TWR,5,1,5.0,10,0.001,0.0002,scheduled,50.0,0.060000000000000005,0.060000000000000005,False,,,5.0,5.0,5.0,16,,scenario-000045-default-path,STRAIGHT_LINE,5,17.06575518399347,16.97056274847714,1.7999999999999998,5.0,3.413151036798694,3.413151036798694,0.35999999999999993,0.22122293833212522,0.3874939302325674,0.4461962958288438,0.8798701903591429,0.4226190519805344,0.14312327314051823,0,0,0.012,1.0,3,True,,True,5,3.743972556046877,True,0.15789707716491053,0.1578970771649105,0.43349782119445224,SIMULATED_MONTE_CARLO,Configured Gaussian/NLOS-bias range-error model,,"Synthetic model: N(0, 0.1500 m) range noise, plus a 0.500 m bias applied to a randomly selected 10% of attempts. Parameters come directly from this scenario's configuration, not from a measurement or a hardware-calibrated fit.",,,,scenario-000045,True,True,False,,,True,,45,True,False,4.0,34|35|38|39|46|47|65|66|67|69|70|73|74|75|77|78|79,,,,,,,,,,,,,,,,,,,,,,,,,,,,,,,,,
scenario-000046,SX1280_RANGING,LOCAL_RADIO,scenario-000046,SX1280_RANGING,5,10,1.0,20.0,20.0,6.0,0.001,0.0002,,,,,,,,0.15,,,,,,,0.1,0.5,,,,scheduled,100,-0.005658156671529837,-0.011697896552691343,0.1292014937832899,0.11379080443969941,0.12731522777703325,0.29523957911433935,0.15004761128940988,0.16255861340034072,0.3874939302325674,0.1499408914097094,0.162137170343151,0.36531975031641567,0.18998301005371612,0.22122293833212522,0.16924978366268784,0.21771865245150337,0.3396618930015329,0.3946684169825126,0.5029288295362302,0.5480564728509072,0.16924978366268784,0.3946684169825126,0.29523957911433935,0.3874939302325674,0.19805592516611337,0.37549362834355254,0.6124291331335704,0.8199196888640071,1.0206874817354727,1.0869401261639071,0.3749745192546687,0.4461962958288438,0.24183722691329204,0.2857444402964991,0.4511998727515072,0.5523816098805315,0.7264215259117636,0.8798701903591429,1.0337250820235593,1.1265016620314847,0.2857444402964991,0.8798701903591429,0.036751214021324585,100,100,0,1.0,0.0,0.0,,,1.0,0,,0.1:0.05|0.25:0.41|0.5:0.69|1.0:0.98|2.0:1.0,,,SS_TWR,5,10,1.0,10,0.001,0.0002,scheduled,100.0,0.12000000000000001,0.12000000000000001,False,,,10.0,10.0,1.0,83,,scenario-000046-default-path,STRAIGHT_LINE,5,17.06575518399347,16.97056274847714,1.7999999999999998,5.0,3.413151036798694,3.413151036798694,0.35999999999999993,0.22122293833212522,0.3874939302325674,0.4461962958288438,0.8798701903591429,0.4226190519805344,0.14312327314051823,0,0,0.012,1.0,3,True,,True,5,3.743972556046877,True,0.15789707716491053,0.1578970771649105,0.43349782119445224,SIMULATED_MONTE_CARLO,Configured Gaussian/NLOS-bias range-error model,,"Synthetic model: N(0, 0.1500 m) range noise, plus a 0.500 m bias applied to a randomly selected 10% of attempts. Parameters come directly from this scenario's configuration, not from a measurement or a hardware-calibrated fit.",,,,scenario-000046,True,True,False,,,True,,46,True,False,3.0,35|39|47|66|67|70|74|75|78|79,,,,,,,,,,,,,,,,,,,,,,,,,,,,,,,,,
scenario-000047,SX1280_RANGING,LOCAL_RADIO,scenario-000047,SX1280_RANGING,5,10,5.0,20.0,20.0,6.0,0.001,0.0002,,,,,,,,0.15,,,,,,,0.1,0.5,,,,scheduled,100,-0.005658156671529837,-0.011697896552691343,0.1292014937832899,0.11379080443969941,0.12731522777703325,0.29523957911433935,0.15004761128940988,0.16255861340034072,0.3874939302325674,0.1499408914097094,0.162137170343151,0.36531975031641567,0.18998301005371612,0.22122293833212522,0.16924978366268784,0.21771865245150337,0.3396618930015329,0.3946684169825126,0.5029288295362302,0.5480564728509072,0.16924978366268784,0.3946684169825126,0.29523957911433935,0.3874939302325674,0.19805592516611337,0.37549362834355254,0.6124291331335704,0.8199196888640071,1.0206874817354727,1.0869401261639071,0.3749745192546687,0.4461962958288438,0.24183722691329204,0.2857444402964991,0.4511998727515072,0.5523816098805315,0.7264215259117636,0.8798701903591429,1.0337250820235593,1.1265016620314847,0.2857444402964991,0.8798701903591429,0.036751214021324585,100,100,0,1.0,0.0,0.0,,,1.0,0,,0.1:0.05|0.25:0.41|0.5:0.69|1.0:0.98|2.0:1.0,,,SS_TWR,5,10,5.0,10,0.001,0.0002,scheduled,500.0,0.6000000000000001,0.6000000000000001,False,,,50.0,50.0,5.0,16,,scenario-000047-default-path,STRAIGHT_LINE,5,17.06575518399347,16.97056274847714,1.7999999999999998,5.0,3.413151036798694,3.413151036798694,0.35999999999999993,0.22122293833212522,0.3874939302325674,0.4461962958288438,0.8798701903591429,0.4226190519805344,0.14312327314051823,0,0,0.012,1.0,3,True,,True,5,3.743972556046877,True,0.15789707716491053,0.1578970771649105,0.43349782119445224,SIMULATED_MONTE_CARLO,Configured Gaussian/NLOS-bias range-error model,,"Synthetic model: N(0, 0.1500 m) range noise, plus a 0.500 m bias applied to a randomly selected 10% of attempts. Parameters come directly from this scenario's configuration, not from a measurement or a hardware-calibrated fit.",,,,scenario-000047,True,True,False,,,True,,47,True,False,2.0,67|75|79,,,,,,,,,,,,,,,,,,,,,,,,,,,,,,,,,
scenario-000048,UWB_SS_TWR,LOCAL_RADIO,scenario-000048,UWB_SS_TWR,5,1,1.0,20.0,20.0,6.0,0.001,0.0002,Semtech SX1280,,,,,,,0.15,,,,,,,0.1,0.5,,,,scheduled,100,-0.11486517243664944,-0.39038982862650484,-0.9270869493586901,1.9524291345808904,1.8624986903735303,6.804492376216546,2.4799939182641912,2.3424254807656957,7.490731116883825,2.4773324013520015,2.309665108764768,7.433139474931194,2.9744293813448786,3.4113526595131995,2.829823948269036,3.555254794932524,5.330704573958108,6.095083248060618,7.128135853277279,7.171634165549121,2.829823948269036,6.095083248060618,6.804492376216546,7.490731116883825,7.176053846541276,8.052480171948947,10.694259767520872,11.468618740586843,14.128302508177496,15.02032314933906,7.761433996386038,8.230940385704379,2.740168234390442,7.711997931661081,8.504396923107176,8.872725258946772,11.171956112024514,12.482531032715762,14.499025784394153,15.175665760837433,7.711997931661081,12.482531032715762,179.8518022096063,100,100,0,1.0,0.0,0.0,,,1.0,0,,0.1:0.0|0.25:0.0|0.5:0.01|1.0:0.02|2.0:0.02,,,SS_TWR,5,1,1.0,10,0.001,0.0002,scheduled,10.0,0.012,0.012,False,,,1.0,1.0,1.0,83,,scenario-000048-default-path,STRAIGHT_LINE,5,17.06575518399347,16.97056274847714,1.7999999999999998,5.0,3.413151036798694,3.413151036798694,0.35999999999999993,3.4113526595131995,7.490731116883825,8.230940385704379,12.482531032715762,7.853196266691892,2.4648910786961578,0,0,0.012,1.0,3,True,,True,5,3.743972556046877,True,2.2031499072722465,2.2031499072722465,6.048628015892883,HARDWARE_CALIBRATED_MODEL,Bootstrap resample of Stuart Robinson SX1280 short-range errors,https://stuartsprojects.github.io/2019/04/26/Semtech-SX1280-2-4Ghz-LoRa-ranging-tranceivers.html,"Resampling model built from Stuart Robinson's six published short-range SX1280 ranging observations (0-250 m, one hardware/environment configuration). The model draws errors with replacement from those six values; it does not condition on range, bandwidth, spreading factor, center frequency, LOS/NLOS state, temperature, oscillator, orientation or hardware, because six unrepeated points cannot support fitting any of those dependencies. Treat this as a rough, small-sample stand-in for a real conditional error model, not a validated one. It must not be used to claim SX1280 accuracy at ranges outside 0-250 m.",,,,scenario-000048,True,True,False,max_3d_p95_m|max_horizontal_p95_m,,False,HARD_REQUIREMENT_FAILED,48,False,False,,,,,Semtech,SX1280/SX1281 family,SX1280,,SX1280,SX1280,True,True,2400-2483.5 MHz ISM,203.125|406.25|812.5|1625.0,,,"TCXO or crystal, per application design",,,,,,,Ranging distance offset calibration recommended per module/antenna combination; see Semtech ranging FAQ P40.,,,OFFICIAL_SPECIFICATION,Semtech SX1280 product page,https://www.semtech.com/products/wireless-rf/lora-connect/sx1280,Manufacturer datasheet and product-page claims for the bare radio IC. Not a project measurement. Numeric fields left as None were not confirmed against a freshly fetched datasheet in this session (network egress to manufacturer/distributor sites was blocked in the build environment); verify before relying on them.,,,,False,
scenario-000049,UWB_SS_TWR,LOCAL_RADIO,scenario-000049,UWB_SS_TWR,5,1,5.0,20.0,20.0,6.0,0.001,0.0002,Semtech SX1280,,,,,,,0.15,,,,,,,0.1,0.5,,,,scheduled,100,-0.11486517243664944,-0.39038982862650484,-0.9270869493586901,1.9524291345808904,1.8624986903735303,6.804492376216546,2.4799939182641912,2.3424254807656957,7.490731116883825,2.4773324013520015,2.309665108764768,7.433139474931194,2.9744293813448786,3.4113526595131995,2.829823948269036,3.555254794932524,5.330704573958108,6.095083248060618,7.128135853277279,7.171634165549121,2.829823948269036,6.095083248060618,6.804492376216546,7.490731116883825,7.176053846541276,8.052480171948947,10.694259767520872,11.468618740586843,14.128302508177496,15.02032314933906,7.761433996386038,8.230940385704379,2.740168234390442,7.711997931661081,8.504396923107176,8.872725258946772,11.171956112024514,12.482531032715762,14.499025784394153,15.175665760837433,7.711997931661081,12.482531032715762,179.8518022096063,100,100,0,1.0,0.0,0.0,,,1.0,0,,0.1:0.0|0.25:0.0|0.5:0.01|1.0:0.02|2.0:0.02,,,SS_TWR,5,1,5.0,10,0.001,0.0002,scheduled,50.0,0.060000000000000005,0.060000000000000005,False,,,5.0,5.0,5.0,16,,scenario-000049-default-path,STRAIGHT_LINE,5,17.06575518399347,16.97056274847714,1.7999999999999998,5.0,3.413151036798694,3.413151036798694,0.35999999999999993,3.4113526595131995,7.490731116883825,8.230940385704379,12.482531032715762,7.853196266691892,2.4648910786961578,0,0,0.012,1.0,3,True,,True,5,3.743972556046877,True,2.2031499072722465,2.2031499072722465,6.048628015892883,HARDWARE_CALIBRATED_MODEL,Bootstrap resample of Stuart Robinson SX1280 short-range errors,https://stuartsprojects.github.io/2019/04/26/Semtech-SX1280-2-4Ghz-LoRa-ranging-tranceivers.html,"Resampling model built from Stuart Robinson's six published short-range SX1280 ranging observations (0-250 m, one hardware/environment configuration). The model draws errors with replacement from those six values; it does not condition on range, bandwidth, spreading factor, center frequency, LOS/NLOS state, temperature, oscillator, orientation or hardware, because six unrepeated points cannot support fitting any of those dependencies. Treat this as a rough, small-sample stand-in for a real conditional error model, not a validated one. It must not be used to claim SX1280 accuracy at ranges outside 0-250 m.",,,,scenario-000049,True,True,False,max_3d_p95_m|max_horizontal_p95_m,,False,HARD_REQUIREMENT_FAILED,49,False,False,,,,,Semtech,SX1280/SX1281 family,SX1280,,SX1280,SX1280,True,True,2400-2483.5 MHz ISM,203.125|406.25|812.5|1625.0,,,"TCXO or crystal, per application design",,,,,,,Ranging distance offset calibration recommended per module/antenna combination; see Semtech ranging FAQ P40.,,,OFFICIAL_SPECIFICATION,Semtech SX1280 product page,https://www.semtech.com/products/wireless-rf/lora-connect/sx1280,Manufacturer datasheet and product-page claims for the bare radio IC. Not a project measurement. Numeric fields left as None were not confirmed against a freshly fetched datasheet in this session (network egress to manufacturer/distributor sites was blocked in the build environment); verify before relying on them.,,,,False,
scenario-000050,UWB_SS_TWR,LOCAL_RADIO,scenario-000050,UWB_SS_TWR,5,10,1.0,20.0,20.0,6.0,0.001,0.0002,Semtech SX1280,,,,,,,0.15,,,,,,,0.1,0.5,,,,scheduled,100,-0.11486517243664944,-0.39038982862650484,-0.9270869493586901,1.9524291345808904,1.8624986903735303,6.804492376216546,2.4799939182641912,2.3424254807656957,7.490731116883825,2.4773324013520015,2.309665108764768,7.433139474931194,2.9744293813448786,3.4113526595131995,2.829823948269036,3.555254794932524,5.330704573958108,6.095083248060618,7.128135853277279,7.171634165549121,2.829823948269036,6.095083248060618,6.804492376216546,7.490731116883825,7.176053846541276,8.052480171948947,10.694259767520872,11.468618740586843,14.128302508177496,15.02032314933906,7.761433996386038,8.230940385704379,2.740168234390442,7.711997931661081,8.504396923107176,8.872725258946772,11.171956112024514,12.482531032715762,14.499025784394153,15.175665760837433,7.711997931661081,12.482531032715762,179.8518022096063,100,100,0,1.0,0.0,0.0,,,1.0,0,,0.1:0.0|0.25:0.0|0.5:0.01|1.0:0.02|2.0:0.02,,,SS_TWR,5,10,1.0,10,0.001,0.0002,scheduled,100.0,0.12000000000000001,0.12000000000000001,False,,,10.0,10.0,1.0,83,,scenario-000050-default-path,STRAIGHT_LINE,5,17.06575518399347,16.97056274847714,1.7999999999999998,5.0,3.413151036798694,3.413151036798694,0.35999999999999993,3.4113526595131995,7.490731116883825,8.230940385704379,12.482531032715762,7.853196266691892,2.4648910786961578,0,0,0.012,1.0,3,True,,True,5,3.743972556046877,True,2.2031499072722465,2.2031499072722465,6.048628015892883,HARDWARE_CALIBRATED_MODEL,Bootstrap resample of Stuart Robinson SX1280 short-range errors,https://stuartsprojects.github.io/2019/04/26/Semtech-SX1280-2-4Ghz-LoRa-ranging-tranceivers.html,"Resampling model built from Stuart Robinson's six published short-range SX1280 ranging observations (0-250 m, one hardware/environment configuration). The model draws errors with replacement from those six values; it does not condition on range, bandwidth, spreading factor, center frequency, LOS/NLOS state, temperature, oscillator, orientation or hardware, because six unrepeated points cannot support fitting any of those dependencies. Treat this as a rough, small-sample stand-in for a real conditional error model, not a validated one. It must not be used to claim SX1280 accuracy at ranges outside 0-250 m.",,,,scenario-000050,True,True,False,max_3d_p95_m|max_horizontal_p95_m,,False,HARD_REQUIREMENT_FAILED,50,False,False,,,,,Semtech,SX1280/SX1281 family,SX1280,,SX1280,SX1280,True,True,2400-2483.5 MHz ISM,203.125|406.25|812.5|1625.0,,,"TCXO or crystal, per application design",,,,,,,Ranging distance offset calibration recommended per module/antenna combination; see Semtech ranging FAQ P40.,,,OFFICIAL_SPECIFICATION,Semtech SX1280 product page,https://www.semtech.com/products/wireless-rf/lora-connect/sx1280,Manufacturer datasheet and product-page claims for the bare radio IC. Not a project measurement. Numeric fields left as None were not confirmed against a freshly fetched datasheet in this session (network egress to manufacturer/distributor sites was blocked in the build environment); verify before relying on them.,,,,False,
scenario-000051,UWB_SS_TWR,LOCAL_RADIO,scenario-000051,UWB_SS_TWR,5,10,5.0,20.0,20.0,6.0,0.001,0.0002,Semtech SX1280,,,,,,,0.15,,,,,,,0.1,0.5,,,,scheduled,100,-0.11486517243664944,-0.39038982862650484,-0.9270869493586901,1.9524291345808904,1.8624986903735303,6.804492376216546,2.4799939182641912,2.3424254807656957,7.490731116883825,2.4773324013520015,2.309665108764768,7.433139474931194,2.9744293813448786,3.4113526595131995,2.829823948269036,3.555254794932524,5.330704573958108,6.095083248060618,7.128135853277279,7.171634165549121,2.829823948269036,6.095083248060618,6.804492376216546,7.490731116883825,7.176053846541276,8.052480171948947,10.694259767520872,11.468618740586843,14.128302508177496,15.02032314933906,7.761433996386038,8.230940385704379,2.740168234390442,7.711997931661081,8.504396923107176,8.872725258946772,11.171956112024514,12.482531032715762,14.499025784394153,15.175665760837433,7.711997931661081,12.482531032715762,179.8518022096063,100,100,0,1.0,0.0,0.0,,,1.0,0,,0.1:0.0|0.25:0.0|0.5:0.01|1.0:0.02|2.0:0.02,,,SS_TWR,5,10,5.0,10,0.001,0.0002,scheduled,500.0,0.6000000000000001,0.6000000000000001,False,,,50.0,50.0,5.0,16,,scenario-000051-default-path,STRAIGHT_LINE,5,17.06575518399347,16.97056274847714,1.7999999999999998,5.0,3.413151036798694,3.413151036798694,0.35999999999999993,3.4113526595131995,7.490731116883825,8.230940385704379,12.482531032715762,7.853196266691892,2.4648910786961578,0,0,0.012,1.0,3,True,,True,5,3.743972556046877,True,2.2031499072722465,2.2031499072722465,6.048628015892883,HARDWARE_CALIBRATED_MODEL,Bootstrap resample of Stuart Robinson SX1280 short-range errors,https://stuartsprojects.github.io/2019/04/26/Semtech-SX1280-2-4Ghz-LoRa-ranging-tranceivers.html,"Resampling model built from Stuart Robinson's six published short-range SX1280 ranging observations (0-250 m, one hardware/environment configuration). The model draws errors with replacement from those six values; it does not condition on range, bandwidth, spreading factor, center frequency, LOS/NLOS state, temperature, oscillator, orientation or hardware, because six unrepeated points cannot support fitting any of those dependencies. Treat this as a rough, small-sample stand-in for a real conditional error model, not a validated one. It must not be used to claim SX1280 accuracy at ranges outside 0-250 m.",,,,scenario-000051,True,True,False,max_3d_p95_m|max_horizontal_p95_m,,False,HARD_REQUIREMENT_FAILED,51,False,False,,,,,Semtech,SX1280/SX1281 family,SX1280,,SX1280,SX1280,True,True,2400-2483.5 MHz ISM,203.125|406.25|812.5|1625.0,,,"TCXO or crystal, per application design",,,,,,,Ranging distance offset calibration recommended per module/antenna combination; see Semtech ranging FAQ P40.,,,OFFICIAL_SPECIFICATION,Semtech SX1280 product page,https://www.semtech.com/products/wireless-rf/lora-connect/sx1280,Manufacturer datasheet and product-page claims for the bare radio IC. Not a project measurement. Numeric fields left as None were not confirmed against a freshly fetched datasheet in this session (network egress to manufacturer/distributor sites was blocked in the build environment); verify before relying on them.,,,,False,
scenario-000052,UWB_DS_TWR,LOCAL_RADIO,scenario-000052,UWB_DS_TWR,5,1,1.0,20.0,20.0,6.0,0.001,0.0002,Semtech SX1280,,,,,,,0.15,,,,,,,0.1,0.5,,,,scheduled,100,-0.11486517243664944,-0.39038982862650484,-0.9270869493586901,1.9524291345808904,1.8624986903735303,6.804492376216546,2.4799939182641912,2.3424254807656957,7.490731116883825,2.4773324013520015,2.309665108764768,7.433139474931194,2.9744293813448786,3.4113526595131995,2.829823948269036,3.555254794932524,5.330704573958108,6.095083248060618,7.128135853277279,7.171634165549121,2.829823948269036,6.095083248060618,6.804492376216546,7.490731116883825,7.176053846541276,8.052480171948947,10.694259767520872,11.468618740586843,14.128302508177496,15.02032314933906,7.761433996386038,8.230940385704379,2.740168234390442,7.711997931661081,8.504396923107176,8.872725258946772,11.171956112024514,12.482531032715762,14.499025784394153,15.175665760837433,7.711997931661081,12.482531032715762,179.8518022096063,100,100,0,1.0,0.0,0.0,,,1.0,0,,0.1:0.0|0.25:0.0|0.5:0.01|1.0:0.02|2.0:0.02,,,DS_TWR,5,1,1.0,15,0.001,0.0002,scheduled,15.0,0.018000000000000002,0.018000000000000002,False,,,1.0,1.0,1.0,55,,scenario-000052-default-path,STRAIGHT_LINE,5,17.06575518399347,16.97056274847714,1.7999999999999998,5.0,3.413151036798694,3.413151036798694,0.35999999999999993,3.4113526595131995,7.490731116883825,8.230940385704379,12.482531032715762,7.853196266691892,2.4648910786961578,0,0,0.018000000000000002,1.0,3,True,,True,5,3.743972556046877,True,2.2031499072722465,2.2031499072722465,6.048628015892883,HARDWARE_CALIBRATED_MODEL,Bootstrap resample of Stuart Robinson SX1280 short-range errors,https://stuartsprojects.github.io/2019/04/26/Semtech-SX1280-2-4Ghz-LoRa-ranging-tranceivers.html,"Resampling model built from Stuart Robinson's six published short-range SX1280 ranging observations (0-250 m, one hardware/environment configuration). The model draws errors with replacement from those six values; it does not condition on range, bandwidth, spreading factor, center frequency, LOS/NLOS state, temperature, oscillator, orientation or hardware, because six unrepeated points cannot support fitting any of those dependencies. Treat this as a rough, small-sample stand-in for a real conditional error model, not a validated one. It must not be used to claim SX1280 accuracy at ranges outside 0-250 m.",,,,scenario-000052,True,True,False,max_3d_p95_m|max_horizontal_p95_m,,False,HARD_REQUIREMENT_FAILED,52,False,False,,,,,Semtech,SX1280/SX1281 family,SX1280,,SX1280,SX1280,True,True,2400-2483.5 MHz ISM,203.125|406.25|812.5|1625.0,,,"TCXO or crystal, per application design",,,,,,,Ranging distance offset calibration recommended per module/antenna combination; see Semtech ranging FAQ P40.,,,OFFICIAL_SPECIFICATION,Semtech SX1280 product page,https://www.semtech.com/products/wireless-rf/lora-connect/sx1280,Manufacturer datasheet and product-page claims for the bare radio IC. Not a project measurement. Numeric fields left as None were not confirmed against a freshly fetched datasheet in this session (network egress to manufacturer/distributor sites was blocked in the build environment); verify before relying on them.,,,,False,
scenario-000053,UWB_DS_TWR,LOCAL_RADIO,scenario-000053,UWB_DS_TWR,5,1,5.0,20.0,20.0,6.0,0.001,0.0002,Semtech SX1280,,,,,,,0.15,,,,,,,0.1,0.5,,,,scheduled,100,-0.11486517243664944,-0.39038982862650484,-0.9270869493586901,1.9524291345808904,1.8624986903735303,6.804492376216546,2.4799939182641912,2.3424254807656957,7.490731116883825,2.4773324013520015,2.309665108764768,7.433139474931194,2.9744293813448786,3.4113526595131995,2.829823948269036,3.555254794932524,5.330704573958108,6.095083248060618,7.128135853277279,7.171634165549121,2.829823948269036,6.095083248060618,6.804492376216546,7.490731116883825,7.176053846541276,8.052480171948947,10.694259767520872,11.468618740586843,14.128302508177496,15.02032314933906,7.761433996386038,8.230940385704379,2.740168234390442,7.711997931661081,8.504396923107176,8.872725258946772,11.171956112024514,12.482531032715762,14.499025784394153,15.175665760837433,7.711997931661081,12.482531032715762,179.8518022096063,100,100,0,1.0,0.0,0.0,,,1.0,0,,0.1:0.0|0.25:0.0|0.5:0.01|1.0:0.02|2.0:0.02,,,DS_TWR,5,1,5.0,15,0.001,0.0002,scheduled,75.0,0.09000000000000001,0.09000000000000001,False,,,5.0,5.0,5.0,11,,scenario-000053-default-path,STRAIGHT_LINE,5,17.06575518399347,16.97056274847714,1.7999999999999998,5.0,3.413151036798694,3.413151036798694,0.35999999999999993,3.4113526595131995,7.490731116883825,8.230940385704379,12.482531032715762,7.853196266691892,2.4648910786961578,0,0,0.018000000000000002,1.0,3,True,,True,5,3.743972556046877,True,2.2031499072722465,2.2031499072722465,6.048628015892883,HARDWARE_CALIBRATED_MODEL,Bootstrap resample of Stuart Robinson SX1280 short-range errors,https://stuartsprojects.github.io/2019/04/26/Semtech-SX1280-2-4Ghz-LoRa-ranging-tranceivers.html,"Resampling model built from Stuart Robinson's six published short-range SX1280 ranging observations (0-250 m, one hardware/environment configuration). The model draws errors with replacement from those six values; it does not condition on range, bandwidth, spreading factor, center frequency, LOS/NLOS state, temperature, oscillator, orientation or hardware, because six unrepeated points cannot support fitting any of those dependencies. Treat this as a rough, small-sample stand-in for a real conditional error model, not a validated one. It must not be used to claim SX1280 accuracy at ranges outside 0-250 m.",,,,scenario-000053,True,True,False,max_3d_p95_m|max_horizontal_p95_m,,False,HARD_REQUIREMENT_FAILED,53,False,False,,,,,Semtech,SX1280/SX1281 family,SX1280,,SX1280,SX1280,True,True,2400-2483.5 MHz ISM,203.125|406.25|812.5|1625.0,,,"TCXO or crystal, per application design",,,,,,,Ranging distance offset calibration recommended per module/antenna combination; see Semtech ranging FAQ P40.,,,OFFICIAL_SPECIFICATION,Semtech SX1280 product page,https://www.semtech.com/products/wireless-rf/lora-connect/sx1280,Manufacturer datasheet and product-page claims for the bare radio IC. Not a project measurement. Numeric fields left as None were not confirmed against a freshly fetched datasheet in this session (network egress to manufacturer/distributor sites was blocked in the build environment); verify before relying on them.,,,,False,
scenario-000054,UWB_DS_TWR,LOCAL_RADIO,scenario-000054,UWB_DS_TWR,5,10,1.0,20.0,20.0,6.0,0.001,0.0002,Semtech SX1280,,,,,,,0.15,,,,,,,0.1,0.5,,,,scheduled,100,-0.11486517243664944,-0.39038982862650484,-0.9270869493586901,1.9524291345808904,1.8624986903735303,6.804492376216546,2.4799939182641912,2.3424254807656957,7.490731116883825,2.4773324013520015,2.309665108764768,7.433139474931194,2.9744293813448786,3.4113526595131995,2.829823948269036,3.555254794932524,5.330704573958108,6.095083248060618,7.128135853277279,7.171634165549121,2.829823948269036,6.095083248060618,6.804492376216546,7.490731116883825,7.176053846541276,8.052480171948947,10.694259767520872,11.468618740586843,14.128302508177496,15.02032314933906,7.761433996386038,8.230940385704379,2.740168234390442,7.711997931661081,8.504396923107176,8.872725258946772,11.171956112024514,12.482531032715762,14.499025784394153,15.175665760837433,7.711997931661081,12.482531032715762,179.8518022096063,100,100,0,1.0,0.0,0.0,,,1.0,0,,0.1:0.0|0.25:0.0|0.5:0.01|1.0:0.02|2.0:0.02,,,DS_TWR,5,10,1.0,15,0.001,0.0002,scheduled,150.0,0.18000000000000002,0.18000000000000002,False,,,10.0,10.0,1.0,55,,scenario-000054-default-path,STRAIGHT_LINE,5,17.06575518399347,16.97056274847714,1.7999999999999998,5.0,3.413151036798694,3.413151036798694,0.35999999999999993,3.4113526595131995,7.490731116883825,8.230940385704379,12.482531032715762,7.853196266691892,2.4648910786961578,0,0,0.018000000000000002,1.0,3,True,,True,5,3.743972556046877,True,2.2031499072722465,2.2031499072722465,6.048628015892883,HARDWARE_CALIBRATED_MODEL,Bootstrap resample of Stuart Robinson SX1280 short-range errors,https://stuartsprojects.github.io/2019/04/26/Semtech-SX1280-2-4Ghz-LoRa-ranging-tranceivers.html,"Resampling model built from Stuart Robinson's six published short-range SX1280 ranging observations (0-250 m, one hardware/environment configuration). The model draws errors with replacement from those six values; it does not condition on range, bandwidth, spreading factor, center frequency, LOS/NLOS state, temperature, oscillator, orientation or hardware, because six unrepeated points cannot support fitting any of those dependencies. Treat this as a rough, small-sample stand-in for a real conditional error model, not a validated one. It must not be used to claim SX1280 accuracy at ranges outside 0-250 m.",,,,scenario-000054,True,True,False,max_3d_p95_m|max_horizontal_p95_m,,False,HARD_REQUIREMENT_FAILED,54,False,False,,,,,Semtech,SX1280/SX1281 family,SX1280,,SX1280,SX1280,True,True,2400-2483.5 MHz ISM,203.125|406.25|812.5|1625.0,,,"TCXO or crystal, per application design",,,,,,,Ranging distance offset calibration recommended per module/antenna combination; see Semtech ranging FAQ P40.,,,OFFICIAL_SPECIFICATION,Semtech SX1280 product page,https://www.semtech.com/products/wireless-rf/lora-connect/sx1280,Manufacturer datasheet and product-page claims for the bare radio IC. Not a project measurement. Numeric fields left as None were not confirmed against a freshly fetched datasheet in this session (network egress to manufacturer/distributor sites was blocked in the build environment); verify before relying on them.,,,,False,
scenario-000055,UWB_DS_TWR,LOCAL_RADIO,scenario-000055,UWB_DS_TWR,5,10,5.0,20.0,20.0,6.0,0.001,0.0002,Semtech SX1280,,,,,,,0.15,,,,,,,0.1,0.5,,,,scheduled,100,-0.11486517243664944,-0.39038982862650484,-0.9270869493586901,1.9524291345808904,1.8624986903735303,6.804492376216546,2.4799939182641912,2.3424254807656957,7.490731116883825,2.4773324013520015,2.309665108764768,7.433139474931194,2.9744293813448786,3.4113526595131995,2.829823948269036,3.555254794932524,5.330704573958108,6.095083248060618,7.128135853277279,7.171634165549121,2.829823948269036,6.095083248060618,6.804492376216546,7.490731116883825,7.176053846541276,8.052480171948947,10.694259767520872,11.468618740586843,14.128302508177496,15.02032314933906,7.761433996386038,8.230940385704379,2.740168234390442,7.711997931661081,8.504396923107176,8.872725258946772,11.171956112024514,12.482531032715762,14.499025784394153,15.175665760837433,7.711997931661081,12.482531032715762,179.8518022096063,100,100,0,1.0,0.0,0.0,,,1.0,0,,0.1:0.0|0.25:0.0|0.5:0.01|1.0:0.02|2.0:0.02,,,DS_TWR,5,10,5.0,15,0.001,0.0002,scheduled,750.0,0.9000000000000001,0.9000000000000001,False,,,50.0,50.0,5.0,11,,scenario-000055-default-path,STRAIGHT_LINE,5,17.06575518399347,16.97056274847714,1.7999999999999998,5.0,3.413151036798694,3.413151036798694,0.35999999999999993,3.4113526595131995,7.490731116883825,8.230940385704379,12.482531032715762,7.853196266691892,2.4648910786961578,0,0,0.018000000000000002,1.0,3,True,,True,5,3.743972556046877,True,2.2031499072722465,2.2031499072722465,6.048628015892883,HARDWARE_CALIBRATED_MODEL,Bootstrap resample of Stuart Robinson SX1280 short-range errors,https://stuartsprojects.github.io/2019/04/26/Semtech-SX1280-2-4Ghz-LoRa-ranging-tranceivers.html,"Resampling model built from Stuart Robinson's six published short-range SX1280 ranging observations (0-250 m, one hardware/environment configuration). The model draws errors with replacement from those six values; it does not condition on range, bandwidth, spreading factor, center frequency, LOS/NLOS state, temperature, oscillator, orientation or hardware, because six unrepeated points cannot support fitting any of those dependencies. Treat this as a rough, small-sample stand-in for a real conditional error model, not a validated one. It must not be used to claim SX1280 accuracy at ranges outside 0-250 m.",,,,scenario-000055,True,True,False,max_3d_p95_m|max_horizontal_p95_m,,False,HARD_REQUIREMENT_FAILED,55,False,False,,,,,Semtech,SX1280/SX1281 family,SX1280,,SX1280,SX1280,True,True,2400-2483.5 MHz ISM,203.125|406.25|812.5|1625.0,,,"TCXO or crystal, per application design",,,,,,,Ranging distance offset calibration recommended per module/antenna combination; see Semtech ranging FAQ P40.,,,OFFICIAL_SPECIFICATION,Semtech SX1280 product page,https://www.semtech.com/products/wireless-rf/lora-connect/sx1280,Manufacturer datasheet and product-page claims for the bare radio IC. Not a project measurement. Numeric fields left as None were not confirmed against a freshly fetched datasheet in this session (network egress to manufacturer/distributor sites was blocked in the build environment); verify before relying on them.,,,,False,
scenario-000056,TDOA,LOCAL_RADIO,scenario-000056,TDOA,5,1,1.0,20.0,20.0,6.0,0.001,0.0002,Semtech SX1280,,,,,,,0.15,,,,,,,0.1,0.5,,,,scheduled,100,832.0331348984547,1304.3980033832145,1359.0362685235461,834.4290997616076,1306.9260864997232,1362.8262931152296,6906.537929044336,11044.29209558749,10648.64549297113,6856.237089523602,10966.992921554485,10561.56575777531,1551.5278316660404,13025.999157760774,3.122913170201643,4.21775854355909,7.63350625019884,16.43563497941575,28416.002267408054,127341.99579816658,3.122913170201643,16.43563497941575,1362.8262931152296,10648.64549297113,3.8890288973738545,5.680600103980485,11.990238737435103,24.045547623051107,35950.94053021535,100465.51600592691,2075.910572767334,16824.693307545276,16696.1342887158,5.481319349198271,6.779886740672978,7.934281945236659,12.777095061580672,28.664713128939336,45870.88587137858,162201.42971070702,5.481319349198271,28.664713128939336,235123918.46101138,100,100,0,1.0,0.0,0.0,,,1.0,0,,0.1:0.02|0.25:0.02|0.5:0.02|1.0:0.02|2.0:0.08,,,TDOA,5,1,1.0,1,0.001,0.0002,scheduled,1.0,0.0012000000000000001,0.0012000000000000001,False,,,1.0,1.0,1.0,833,,scenario-000056-default-path,STRAIGHT_LINE,5,17.06575518399347,16.97056274847714,1.7999999999999998,5.0,3.413151036798694,3.413151036798694,0.35999999999999993,13025.999157760774,10648.64549297113,16824.693307545276,28.664713128939336,9715.12993112693,13736.32248144606,0,0,0.0012000000000000001,1.0,3,True,,True,5,8.159623589535645,,2.4639348554742693,2.463934855474269,6.8812481453258,HARDWARE_CALIBRATED_MODEL,Bootstrap resample of Stuart Robinson SX1280 short-range errors,https://stuartsprojects.github.io/2019/04/26/Semtech-SX1280-2-4Ghz-LoRa-ranging-tranceivers.html,"Resampling model built from Stuart Robinson's six published short-range SX1280 ranging observations (0-250 m, one hardware/environment configuration). The model draws errors with replacement from those six values; it does not condition on range, bandwidth, spreading factor, center frequency, LOS/NLOS state, temperature, oscillator, orientation or hardware, because six unrepeated points cannot support fitting any of those dependencies. Treat this as a rough, small-sample stand-in for a real conditional error model, not a validated one. It must not be used to claim SX1280 accuracy at ranges outside 0-250 m.",,,,scenario-000056,True,True,False,max_3d_p95_m|max_horizontal_p95_m,,False,HARD_REQUIREMENT_FAILED,56,False,False,,,,,Semtech,SX1280/SX1281 family,SX1280,,SX1280,SX1280,True,True,2400-2483.5 MHz ISM,203.125|406.25|812.5|1625.0,,,"TCXO or crystal, per application design",,,,,,,Ranging distance offset calibration recommended per module/antenna combination; see Semtech ranging FAQ P40.,,,OFFICIAL_SPECIFICATION,Semtech SX1280 product page,https://www.semtech.com/products/wireless-rf/lora-connect/sx1280,Manufacturer datasheet and product-page claims for the bare radio IC. Not a project measurement. Numeric fields left as None were not confirmed against a freshly fetched datasheet in this session (network egress to manufacturer/distributor sites was blocked in the build environment); verify before relying on them.,,,,False,
scenario-000057,TDOA,LOCAL_RADIO,scenario-000057,TDOA,5,1,5.0,20.0,20.0,6.0,0.001,0.0002,Semtech SX1280,,,,,,,0.15,,,,,,,0.1,0.5,,,,scheduled,100,832.0331348984547,1304.3980033832145,1359.0362685235461,834.4290997616076,1306.9260864997232,1362.8262931152296,6906.537929044336,11044.29209558749,10648.64549297113,6856.237089523602,10966.992921554485,10561.56575777531,1551.5278316660404,13025.999157760774,3.122913170201643,4.21775854355909,7.63350625019884,16.43563497941575,28416.002267408054,127341.99579816658,3.122913170201643,16.43563497941575,1362.8262931152296,10648.64549297113,3.8890288973738545,5.680600103980485,11.990238737435103,24.045547623051107,35950.94053021535,100465.51600592691,2075.910572767334,16824.693307545276,16696.1342887158,5.481319349198271,6.779886740672978,7.934281945236659,12.777095061580672,28.664713128939336,45870.88587137858,162201.42971070702,5.481319349198271,28.664713128939336,235123918.46101138,100,100,0,1.0,0.0,0.0,,,1.0,0,,0.1:0.02|0.25:0.02|0.5:0.02|1.0:0.02|2.0:0.08,,,TDOA,5,1,5.0,1,0.001,0.0002,scheduled,5.0,0.006,0.006,False,,,5.0,5.0,5.0,166,,scenario-000057-default-path,STRAIGHT_LINE,5,17.06575518399347,16.97056274847714,1.7999999999999998,5.0,3.413151036798694,3.413151036798694,0.35999999999999993,13025.999157760774,10648.64549297113,16824.693307545276,28.664713128939336,9715.12993112693,13736.32248144606,0,0,0.0012000000000000001,1.0,3,True,,True,5,8.159623589535645,,2.4639348554742693,2.463934855474269,6.8812481453258,HARDWARE_CALIBRATED_MODEL,Bootstrap resample of Stuart Robinson SX1280 short-range errors,https://stuartsprojects.github.io/2019/04/26/Semtech-SX1280-2-4Ghz-LoRa-ranging-tranceivers.html,"Resampling model built from Stuart Robinson's six published short-range SX1280 ranging observations (0-250 m, one hardware/environment configuration). The model draws errors with replacement from those six values; it does not condition on range, bandwidth, spreading factor, center frequency, LOS/NLOS state, temperature, oscillator, orientation or hardware, because six unrepeated points cannot support fitting any of those dependencies. Treat this as a rough, small-sample stand-in for a real conditional error model, not a validated one. It must not be used to claim SX1280 accuracy at ranges outside 0-250 m.",,,,scenario-000057,True,True,False,max_3d_p95_m|max_horizontal_p95_m,,False,HARD_REQUIREMENT_FAILED,57,False,False,,,,,Semtech,SX1280/SX1281 family,SX1280,,SX1280,SX1280,True,True,2400-2483.5 MHz ISM,203.125|406.25|812.5|1625.0,,,"TCXO or crystal, per application design",,,,,,,Ranging distance offset calibration recommended per module/antenna combination; see Semtech ranging FAQ P40.,,,OFFICIAL_SPECIFICATION,Semtech SX1280 product page,https://www.semtech.com/products/wireless-rf/lora-connect/sx1280,Manufacturer datasheet and product-page claims for the bare radio IC. Not a project measurement. Numeric fields left as None were not confirmed against a freshly fetched datasheet in this session (network egress to manufacturer/distributor sites was blocked in the build environment); verify before relying on them.,,,,False,
scenario-000058,TDOA,LOCAL_RADIO,scenario-000058,TDOA,5,10,1.0,20.0,20.0,6.0,0.001,0.0002,Semtech SX1280,,,,,,,0.15,,,,,,,0.1,0.5,,,,scheduled,100,832.0331348984547,1304.3980033832145,1359.0362685235461,834.4290997616076,1306.9260864997232,1362.8262931152296,6906.537929044336,11044.29209558749,10648.64549297113,6856.237089523602,10966.992921554485,10561.56575777531,1551.5278316660404,13025.999157760774,3.122913170201643,4.21775854355909,7.63350625019884,16.43563497941575,28416.002267408054,127341.99579816658,3.122913170201643,16.43563497941575,1362.8262931152296,10648.64549297113,3.8890288973738545,5.680600103980485,11.990238737435103,24.045547623051107,35950.94053021535,100465.51600592691,2075.910572767334,16824.693307545276,16696.1342887158,5.481319349198271,6.779886740672978,7.934281945236659,12.777095061580672,28.664713128939336,45870.88587137858,162201.42971070702,5.481319349198271,28.664713128939336,235123918.46101138,100,100,0,1.0,0.0,0.0,,,1.0,0,,0.1:0.02|0.25:0.02|0.5:0.02|1.0:0.02|2.0:0.08,,,TDOA,5,10,1.0,1,0.001,0.0002,scheduled,10.0,0.012,0.012,False,,,10.0,10.0,1.0,833,,scenario-000058-default-path,STRAIGHT_LINE,5,17.06575518399347,16.97056274847714,1.7999999999999998,5.0,3.413151036798694,3.413151036798694,0.35999999999999993,13025.999157760774,10648.64549297113,16824.693307545276,28.664713128939336,9715.12993112693,13736.32248144606,0,0,0.0012000000000000001,1.0,3,True,,True,5,8.159623589535645,,2.4639348554742693,2.463934855474269,6.8812481453258,HARDWARE_CALIBRATED_MODEL,Bootstrap resample of Stuart Robinson SX1280 short-range errors,https://stuartsprojects.github.io/2019/04/26/Semtech-SX1280-2-4Ghz-LoRa-ranging-tranceivers.html,"Resampling model built from Stuart Robinson's six published short-range SX1280 ranging observations (0-250 m, one hardware/environment configuration). The model draws errors with replacement from those six values; it does not condition on range, bandwidth, spreading factor, center frequency, LOS/NLOS state, temperature, oscillator, orientation or hardware, because six unrepeated points cannot support fitting any of those dependencies. Treat this as a rough, small-sample stand-in for a real conditional error model, not a validated one. It must not be used to claim SX1280 accuracy at ranges outside 0-250 m.",,,,scenario-000058,True,True,False,max_3d_p95_m|max_horizontal_p95_m,,False,HARD_REQUIREMENT_FAILED,58,False,False,,,,,Semtech,SX1280/SX1281 family,SX1280,,SX1280,SX1280,True,True,2400-2483.5 MHz ISM,203.125|406.25|812.5|1625.0,,,"TCXO or crystal, per application design",,,,,,,Ranging distance offset calibration recommended per module/antenna combination; see Semtech ranging FAQ P40.,,,OFFICIAL_SPECIFICATION,Semtech SX1280 product page,https://www.semtech.com/products/wireless-rf/lora-connect/sx1280,Manufacturer datasheet and product-page claims for the bare radio IC. Not a project measurement. Numeric fields left as None were not confirmed against a freshly fetched datasheet in this session (network egress to manufacturer/distributor sites was blocked in the build environment); verify before relying on them.,,,,False,
scenario-000059,TDOA,LOCAL_RADIO,scenario-000059,TDOA,5,10,5.0,20.0,20.0,6.0,0.001,0.0002,Semtech SX1280,,,,,,,0.15,,,,,,,0.1,0.5,,,,scheduled,100,832.0331348984547,1304.3980033832145,1359.0362685235461,834.4290997616076,1306.9260864997232,1362.8262931152296,6906.537929044336,11044.29209558749,10648.64549297113,6856.237089523602,10966.992921554485,10561.56575777531,1551.5278316660404,13025.999157760774,3.122913170201643,4.21775854355909,7.63350625019884,16.43563497941575,28416.002267408054,127341.99579816658,3.122913170201643,16.43563497941575,1362.8262931152296,10648.64549297113,3.8890288973738545,5.680600103980485,11.990238737435103,24.045547623051107,35950.94053021535,100465.51600592691,2075.910572767334,16824.693307545276,16696.1342887158,5.481319349198271,6.779886740672978,7.934281945236659,12.777095061580672,28.664713128939336,45870.88587137858,162201.42971070702,5.481319349198271,28.664713128939336,235123918.46101138,100,100,0,1.0,0.0,0.0,,,1.0,0,,0.1:0.02|0.25:0.02|0.5:0.02|1.0:0.02|2.0:0.08,,,TDOA,5,10,5.0,1,0.001,0.0002,scheduled,50.0,0.060000000000000005,0.060000000000000005,False,,,50.0,50.0,5.0,166,,scenario-000059-default-path,STRAIGHT_LINE,5,17.06575518399347,16.97056274847714,1.7999999999999998,5.0,3.413151036798694,3.413151036798694,0.35999999999999993,13025.999157760774,10648.64549297113,16824.693307545276,28.664713128939336,9715.12993112693,13736.32248144606,0,0,0.0012000000000000001,1.0,3,True,,True,5,8.159623589535645,,2.4639348554742693,2.463934855474269,6.8812481453258,HARDWARE_CALIBRATED_MODEL,Bootstrap resample of Stuart Robinson SX1280 short-range errors,https://stuartsprojects.github.io/2019/04/26/Semtech-SX1280-2-4Ghz-LoRa-ranging-tranceivers.html,"Resampling model built from Stuart Robinson's six published short-range SX1280 ranging observations (0-250 m, one hardware/environment configuration). The model draws errors with replacement from those six values; it does not condition on range, bandwidth, spreading factor, center frequency, LOS/NLOS state, temperature, oscillator, orientation or hardware, because six unrepeated points cannot support fitting any of those dependencies. Treat this as a rough, small-sample stand-in for a real conditional error model, not a validated one. It must not be used to claim SX1280 accuracy at ranges outside 0-250 m.",,,,scenario-000059,True,True,False,max_3d_p95_m|max_horizontal_p95_m,,False,HARD_REQUIREMENT_FAILED,59,False,False,,,,,Semtech,SX1280/SX1281 family,SX1280,,SX1280,SX1280,True,True,2400-2483.5 MHz ISM,203.125|406.25|812.5|1625.0,,,"TCXO or crystal, per application design",,,,,,,Ranging distance offset calibration recommended per module/antenna combination; see Semtech ranging FAQ P40.,,,OFFICIAL_SPECIFICATION,Semtech SX1280 product page,https://www.semtech.com/products/wireless-rf/lora-connect/sx1280,Manufacturer datasheet and product-page claims for the bare radio IC. Not a project measurement. Numeric fields left as None were not confirmed against a freshly fetched datasheet in this session (network egress to manufacturer/distributor sites was blocked in the build environment); verify before relying on them.,,,,False,
scenario-000060,SX1280_RANGING,LOCAL_RADIO,scenario-000060,SX1280_RANGING,5,1,1.0,20.0,20.0,6.0,0.001,0.0002,Semtech SX1280,,,,,,,0.15,,,,,,,0.1,0.5,,,,scheduled,100,-0.11486517243664944,-0.39038982862650484,-0.9270869493586901,1.9524291345808904,1.8624986903735303,6.804492376216546,2.4799939182641912,2.3424254807656957,7.490731116883825,2.4773324013520015,2.309665108764768,7.433139474931194,2.9744293813448786,3.4113526595131995,2.829823948269036,3.555254794932524,5.330704573958108,6.095083248060618,7.128135853277279,7.171634165549121,2.829823948269036,6.095083248060618,6.804492376216546,7.490731116883825,7.176053846541276,8.052480171948947,10.694259767520872,11.468618740586843,14.128302508177496,15.02032314933906,7.761433996386038,8.230940385704379,2.740168234390442,7.711997931661081,8.504396923107176,8.872725258946772,11.171956112024514,12.482531032715762,14.499025784394153,15.175665760837433,7.711997931661081,12.482531032715762,179.8518022096063,100,100,0,1.0,0.0,0.0,,,1.0,0,,0.1:0.0|0.25:0.0|0.5:0.01|1.0:0.02|2.0:0.02,,,SS_TWR,5,1,1.0,10,0.001,0.0002,scheduled,10.0,0.012,0.012,False,,,1.0,1.0,1.0,83,,scenario-000060-default-path,STRAIGHT_LINE,5,17.06575518399347,16.97056274847714,1.7999999999999998,5.0,3.413151036798694,3.413151036798694,0.35999999999999993,3.4113526595131995,7.490731116883825,8.230940385704379,12.482531032715762,7.853196266691892,2.4648910786961578,0,0,0.012,1.0,3,True,,True,5,3.743972556046877,True,2.2031499072722465,2.2031499072722465,6.048628015892883,HARDWARE_CALIBRATED_MODEL,Bootstrap resample of Stuart Robinson SX1280 short-range errors,https://stuartsprojects.github.io/2019/04/26/Semtech-SX1280-2-4Ghz-LoRa-ranging-tranceivers.html,"Resampling model built from Stuart Robinson's six published short-range SX1280 ranging observations (0-250 m, one hardware/environment configuration). The model draws errors with replacement from those six values; it does not condition on range, bandwidth, spreading factor, center frequency, LOS/NLOS state, temperature, oscillator, orientation or hardware, because six unrepeated points cannot support fitting any of those dependencies. Treat this as a rough, small-sample stand-in for a real conditional error model, not a validated one. It must not be used to claim SX1280 accuracy at ranges outside 0-250 m.",,,,scenario-000060,True,True,False,max_3d_p95_m|max_horizontal_p95_m,,False,HARD_REQUIREMENT_FAILED,60,False,False,,,,,Semtech,SX1280/SX1281 family,SX1280,,SX1280,SX1280,True,True,2400-2483.5 MHz ISM,203.125|406.25|812.5|1625.0,,,"TCXO or crystal, per application design",,,,,,,Ranging distance offset calibration recommended per module/antenna combination; see Semtech ranging FAQ P40.,,,OFFICIAL_SPECIFICATION,Semtech SX1280 product page,https://www.semtech.com/products/wireless-rf/lora-connect/sx1280,Manufacturer datasheet and product-page claims for the bare radio IC. Not a project measurement. Numeric fields left as None were not confirmed against a freshly fetched datasheet in this session (network egress to manufacturer/distributor sites was blocked in the build environment); verify before relying on them.,,,,False,
scenario-000061,SX1280_RANGING,LOCAL_RADIO,scenario-000061,SX1280_RANGING,5,1,5.0,20.0,20.0,6.0,0.001,0.0002,Semtech SX1280,,,,,,,0.15,,,,,,,0.1,0.5,,,,scheduled,100,-0.11486517243664944,-0.39038982862650484,-0.9270869493586901,1.9524291345808904,1.8624986903735303,6.804492376216546,2.4799939182641912,2.3424254807656957,7.490731116883825,2.4773324013520015,2.309665108764768,7.433139474931194,2.9744293813448786,3.4113526595131995,2.829823948269036,3.555254794932524,5.330704573958108,6.095083248060618,7.128135853277279,7.171634165549121,2.829823948269036,6.095083248060618,6.804492376216546,7.490731116883825,7.176053846541276,8.052480171948947,10.694259767520872,11.468618740586843,14.128302508177496,15.02032314933906,7.761433996386038,8.230940385704379,2.740168234390442,7.711997931661081,8.504396923107176,8.872725258946772,11.171956112024514,12.482531032715762,14.499025784394153,15.175665760837433,7.711997931661081,12.482531032715762,179.8518022096063,100,100,0,1.0,0.0,0.0,,,1.0,0,,0.1:0.0|0.25:0.0|0.5:0.01|1.0:0.02|2.0:0.02,,,SS_TWR,5,1,5.0,10,0.001,0.0002,scheduled,50.0,0.060000000000000005,0.060000000000000005,False,,,5.0,5.0,5.0,16,,scenario-000061-default-path,STRAIGHT_LINE,5,17.06575518399347,16.97056274847714,1.7999999999999998,5.0,3.413151036798694,3.413151036798694,0.35999999999999993,3.4113526595131995,7.490731116883825,8.230940385704379,12.482531032715762,7.853196266691892,2.4648910786961578,0,0,0.012,1.0,3,True,,True,5,3.743972556046877,True,2.2031499072722465,2.2031499072722465,6.048628015892883,HARDWARE_CALIBRATED_MODEL,Bootstrap resample of Stuart Robinson SX1280 short-range errors,https://stuartsprojects.github.io/2019/04/26/Semtech-SX1280-2-4Ghz-LoRa-ranging-tranceivers.html,"Resampling model built from Stuart Robinson's six published short-range SX1280 ranging observations (0-250 m, one hardware/environment configuration). The model draws errors with replacement from those six values; it does not condition on range, bandwidth, spreading factor, center frequency, LOS/NLOS state, temperature, oscillator, orientation or hardware, because six unrepeated points cannot support fitting any of those dependencies. Treat this as a rough, small-sample stand-in for a real conditional error model, not a validated one. It must not be used to claim SX1280 accuracy at ranges outside 0-250 m.",,,,scenario-000061,True,True,False,max_3d_p95_m|max_horizontal_p95_m,,False,HARD_REQUIREMENT_FAILED,61,False,False,,,,,Semtech,SX1280/SX1281 family,SX1280,,SX1280,SX1280,True,True,2400-2483.5 MHz ISM,203.125|406.25|812.5|1625.0,,,"TCXO or crystal, per application design",,,,,,,Ranging distance offset calibration recommended per module/antenna combination; see Semtech ranging FAQ P40.,,,OFFICIAL_SPECIFICATION,Semtech SX1280 product page,https://www.semtech.com/products/wireless-rf/lora-connect/sx1280,Manufacturer datasheet and product-page claims for the bare radio IC. Not a project measurement. Numeric fields left as None were not confirmed against a freshly fetched datasheet in this session (network egress to manufacturer/distributor sites was blocked in the build environment); verify before relying on them.,,,,False,
scenario-000062,SX1280_RANGING,LOCAL_RADIO,scenario-000062,SX1280_RANGING,5,10,1.0,20.0,20.0,6.0,0.001,0.0002,Semtech SX1280,,,,,,,0.15,,,,,,,0.1,0.5,,,,scheduled,100,-0.11486517243664944,-0.39038982862650484,-0.9270869493586901,1.9524291345808904,1.8624986903735303,6.804492376216546,2.4799939182641912,2.3424254807656957,7.490731116883825,2.4773324013520015,2.309665108764768,7.433139474931194,2.9744293813448786,3.4113526595131995,2.829823948269036,3.555254794932524,5.330704573958108,6.095083248060618,7.128135853277279,7.171634165549121,2.829823948269036,6.095083248060618,6.804492376216546,7.490731116883825,7.176053846541276,8.052480171948947,10.694259767520872,11.468618740586843,14.128302508177496,15.02032314933906,7.761433996386038,8.230940385704379,2.740168234390442,7.711997931661081,8.504396923107176,8.872725258946772,11.171956112024514,12.482531032715762,14.499025784394153,15.175665760837433,7.711997931661081,12.482531032715762,179.8518022096063,100,100,0,1.0,0.0,0.0,,,1.0,0,,0.1:0.0|0.25:0.0|0.5:0.01|1.0:0.02|2.0:0.02,,,SS_TWR,5,10,1.0,10,0.001,0.0002,scheduled,100.0,0.12000000000000001,0.12000000000000001,False,,,10.0,10.0,1.0,83,,scenario-000062-default-path,STRAIGHT_LINE,5,17.06575518399347,16.97056274847714,1.7999999999999998,5.0,3.413151036798694,3.413151036798694,0.35999999999999993,3.4113526595131995,7.490731116883825,8.230940385704379,12.482531032715762,7.853196266691892,2.4648910786961578,0,0,0.012,1.0,3,True,,True,5,3.743972556046877,True,2.2031499072722465,2.2031499072722465,6.048628015892883,HARDWARE_CALIBRATED_MODEL,Bootstrap resample of Stuart Robinson SX1280 short-range errors,https://stuartsprojects.github.io/2019/04/26/Semtech-SX1280-2-4Ghz-LoRa-ranging-tranceivers.html,"Resampling model built from Stuart Robinson's six published short-range SX1280 ranging observations (0-250 m, one hardware/environment configuration). The model draws errors with replacement from those six values; it does not condition on range, bandwidth, spreading factor, center frequency, LOS/NLOS state, temperature, oscillator, orientation or hardware, because six unrepeated points cannot support fitting any of those dependencies. Treat this as a rough, small-sample stand-in for a real conditional error model, not a validated one. It must not be used to claim SX1280 accuracy at ranges outside 0-250 m.",,,,scenario-000062,True,True,False,max_3d_p95_m|max_horizontal_p95_m,,False,HARD_REQUIREMENT_FAILED,62,False,False,,,,,Semtech,SX1280/SX1281 family,SX1280,,SX1280,SX1280,True,True,2400-2483.5 MHz ISM,203.125|406.25|812.5|1625.0,,,"TCXO or crystal, per application design",,,,,,,Ranging distance offset calibration recommended per module/antenna combination; see Semtech ranging FAQ P40.,,,OFFICIAL_SPECIFICATION,Semtech SX1280 product page,https://www.semtech.com/products/wireless-rf/lora-connect/sx1280,Manufacturer datasheet and product-page claims for the bare radio IC. Not a project measurement. Numeric fields left as None were not confirmed against a freshly fetched datasheet in this session (network egress to manufacturer/distributor sites was blocked in the build environment); verify before relying on them.,,,,False,
scenario-000063,SX1280_RANGING,LOCAL_RADIO,scenario-000063,SX1280_RANGING,5,10,5.0,20.0,20.0,6.0,0.001,0.0002,Semtech SX1280,,,,,,,0.15,,,,,,,0.1,0.5,,,,scheduled,100,-0.11486517243664944,-0.39038982862650484,-0.9270869493586901,1.9524291345808904,1.8624986903735303,6.804492376216546,2.4799939182641912,2.3424254807656957,7.490731116883825,2.4773324013520015,2.309665108764768,7.433139474931194,2.9744293813448786,3.4113526595131995,2.829823948269036,3.555254794932524,5.330704573958108,6.095083248060618,7.128135853277279,7.171634165549121,2.829823948269036,6.095083248060618,6.804492376216546,7.490731116883825,7.176053846541276,8.052480171948947,10.694259767520872,11.468618740586843,14.128302508177496,15.02032314933906,7.761433996386038,8.230940385704379,2.740168234390442,7.711997931661081,8.504396923107176,8.872725258946772,11.171956112024514,12.482531032715762,14.499025784394153,15.175665760837433,7.711997931661081,12.482531032715762,179.8518022096063,100,100,0,1.0,0.0,0.0,,,1.0,0,,0.1:0.0|0.25:0.0|0.5:0.01|1.0:0.02|2.0:0.02,,,SS_TWR,5,10,5.0,10,0.001,0.0002,scheduled,500.0,0.6000000000000001,0.6000000000000001,False,,,50.0,50.0,5.0,16,,scenario-000063-default-path,STRAIGHT_LINE,5,17.06575518399347,16.97056274847714,1.7999999999999998,5.0,3.413151036798694,3.413151036798694,0.35999999999999993,3.4113526595131995,7.490731116883825,8.230940385704379,12.482531032715762,7.853196266691892,2.4648910786961578,0,0,0.012,1.0,3,True,,True,5,3.743972556046877,True,2.2031499072722465,2.2031499072722465,6.048628015892883,HARDWARE_CALIBRATED_MODEL,Bootstrap resample of Stuart Robinson SX1280 short-range errors,https://stuartsprojects.github.io/2019/04/26/Semtech-SX1280-2-4Ghz-LoRa-ranging-tranceivers.html,"Resampling model built from Stuart Robinson's six published short-range SX1280 ranging observations (0-250 m, one hardware/environment configuration). The model draws errors with replacement from those six values; it does not condition on range, bandwidth, spreading factor, center frequency, LOS/NLOS state, temperature, oscillator, orientation or hardware, because six unrepeated points cannot support fitting any of those dependencies. Treat this as a rough, small-sample stand-in for a real conditional error model, not a validated one. It must not be used to claim SX1280 accuracy at ranges outside 0-250 m.",,,,scenario-000063,True,True,False,max_3d_p95_m|max_horizontal_p95_m,,False,HARD_REQUIREMENT_FAILED,63,False,False,,,,,Semtech,SX1280/SX1281 family,SX1280,,SX1280,SX1280,True,True,2400-2483.5 MHz ISM,203.125|406.25|812.5|1625.0,,,"TCXO or crystal, per application design",,,,,,,Ranging distance offset calibration recommended per module/antenna combination; see Semtech ranging FAQ P40.,,,OFFICIAL_SPECIFICATION,Semtech SX1280 product page,https://www.semtech.com/products/wireless-rf/lora-connect/sx1280,Manufacturer datasheet and product-page claims for the bare radio IC. Not a project measurement. Numeric fields left as None were not confirmed against a freshly fetched datasheet in this session (network egress to manufacturer/distributor sites was blocked in the build environment); verify before relying on them.,,,,False,
scenario-000064,UWB_SS_TWR,LOCAL_RADIO,scenario-000064,UWB_SS_TWR,8,1,1.0,20.0,20.0,6.0,0.001,0.0002,,,,,,,,0.15,,,,,,,0.1,0.5,,,,scheduled,100,-0.002587509588969601,0.009317977193224278,-0.03091972169050542,0.10588718989297574,0.10680204682579975,0.20529700237900866,0.13415161271144854,0.13794701965044634,0.2681788054819899,0.13412665651245267,0.13763195679589527,0.26639039494758193,0.16538229215437542,0.1924215045766016,0.14423969980483892,0.18918351661640007,0.31901467694729996,0.38176101868559575,0.41951374119938545,0.47499087747360774,0.14423969980483892,0.38176101868559575,0.20529700237900866,0.2681788054819899,0.1490599435583262,0.2752513055785604,0.4721047601230746,0.5642016743545718,0.6761592447448995,0.6878519674119445,0.28593774637548425,0.33006954893366053,0.16488029697625886,0.259397203296051,0.3363579631863987,0.37258791582982254,0.5258183992030405,0.6113123106160281,0.693270052916948,0.7255325014689585,0.259397203296051,0.6113123106160281,0.019107746182177858,100,100,0,1.0,0.0,0.0,,,1.0,0,,0.1:0.08|0.25:0.48|0.5:0.88|1.0:1.0|2.0:1.0,,,SS_TWR,8,1,1.0,16,0.001,0.0002,scheduled,16.0,0.019200000000000002,0.019200000000000002,False,,,1.0,1.0,1.0,52,,scenario-000064-default-path,STRAIGHT_LINE,5,17.06575518399347,16.97056274847714,1.7999999999999998,5.0,3.413151036798694,3.413151036798694,0.35999999999999993,0.1924215045766016,0.2681788054819899,0.33006954893366053,0.6113123106160281,0.30803686105899086,0.11857149472868267,0,0,0.019200000000000002,1.0,3,True,,True,8,2.631309345862642,True,0.11777393445777136,0.12239069556638717,0.2524860847230094,SIMULATED_MONTE_CARLO,Configured Gaussian/NLOS-bias range-error model,,"Synthetic model: N(0, 0.1500 m) range noise, plus a 0.500 m bias applied to a randomly selected 10% of attempts. Parameters come directly from this scenario's configuration, not from a measurement or a hardware-calibrated fit.",,,,scenario-000064,True,True,False,,,True,,64,True,False,3.0,65|66|67|69|70|77|78|79,,,,,,,,,,,,,,,,,,,,,,,,,,,,,,,,,
scenario-000065,UWB_SS_TWR,LOCAL_RADIO,scenario-000065,UWB_SS_TWR,8,1,5.0,20.0,20.0,6.0,0.001,0.0002,,,,,,,,0.15,,,,,,,0.1,0.5,,,,scheduled,100,-0.002587509588969601,0.009317977193224278,-0.03091972169050542,0.10588718989297574,0.10680204682579975,0.20529700237900866,0.13415161271144854,0.13794701965044634,0.2681788054819899,0.13412665651245267,0.13763195679589527,0.26639039494758193,0.16538229215437542,0.1924215045766016,0.14423969980483892,0.18918351661640007,0.31901467694729996,0.38176101868559575,0.41951374119938545,0.47499087747360774,0.14423969980483892,0.38176101868559575,0.20529700237900866,0.2681788054819899,0.1490599435583262,0.2752513055785604,0.4721047601230746,0.5642016743545718,0.6761592447448995,0.6878519674119445,0.28593774637548425,0.33006954893366053,0.16488029697625886,0.259397203296051,0.3363579631863987,0.37258791582982254,0.5258183992030405,0.6113123106160281,0.693270052916948,0.7255325014689585,0.259397203296051,0.6113123106160281,0.019107746182177858,100,100,0,1.0,0.0,0.0,,,1.0,0,,0.1:0.08|0.25:0.48|0.5:0.88|1.0:1.0|2.0:1.0,,,SS_TWR,8,1,5.0,16,0.001,0.0002,scheduled,80.0,0.096,0.096,False,,,5.0,5.0,5.0,10,,scenario-000065-default-path,STRAIGHT_LINE,5,17.06575518399347,16.97056274847714,1.7999999999999998,5.0,3.413151036798694,3.413151036798694,0.35999999999999993,0.1924215045766016,0.2681788054819899,0.33006954893366053,0.6113123106160281,0.30803686105899086,0.11857149472868267,0,0,0.019200000000000002,1.0,3,True,,True,8,2.631309345862642,True,0.11777393445777136,0.12239069556638717,0.2524860847230094,SIMULATED_MONTE_CARLO,Configured Gaussian/NLOS-bias range-error model,,"Synthetic model: N(0, 0.1500 m) range noise, plus a 0.500 m bias applied to a randomly selected 10% of attempts. Parameters come directly from this scenario's configuration, not from a measurement or a hardware-calibrated fit.",,,,scenario-000065,True,True,False,,,True,,65,True,False,2.0,66|67|70|78|79,,,,,,,,,,,,,,,,,,,,,,,,,,,,,,,,,
scenario-000066,UWB_SS_TWR,LOCAL_RADIO,scenario-000066,UWB_SS_TWR,8,10,1.0,20.0,20.0,6.0,0.001,0.0002,,,,,,,,0.15,,,,,,,0.1,0.5,,,,scheduled,100,-0.002587509588969601,0.009317977193224278,-0.03091972169050542,0.10588718989297574,0.10680204682579975,0.20529700237900866,0.13415161271144854,0.13794701965044634,0.2681788054819899,0.13412665651245267,0.13763195679589527,0.26639039494758193,0.16538229215437542,0.1924215045766016,0.14423969980483892,0.18918351661640007,0.31901467694729996,0.38176101868559575,0.41951374119938545,0.47499087747360774,0.14423969980483892,0.38176101868559575,0.20529700237900866,0.2681788054819899,0.1490599435583262,0.2752513055785604,0.4721047601230746,0.5642016743545718,0.6761592447448995,0.6878519674119445,0.28593774637548425,0.33006954893366053,0.16488029697625886,0.259397203296051,0.3363579631863987,0.37258791582982254,0.5258183992030405,0.6113123106160281,0.693270052916948,0.7255325014689585,0.259397203296051,0.6113123106160281,0.019107746182177858,100,100,0,1.0,0.0,0.0,,,1.0,0,,0.1:0.08|0.25:0.48|0.5:0.88|1.0:1.0|2.0:1.0,,,SS_TWR,8,10,1.0,16,0.001,0.0002,scheduled,160.0,0.192,0.192,False,,,10.0,10.0,1.0,52,,scenario-000066-default-path,STRAIGHT_LINE,5,17.06575518399347,16.97056274847714,1.7999999999999998,5.0,3.413151036798694,3.413151036798694,0.35999999999999993,0.1924215045766016,0.2681788054819899,0.33006954893366053,0.6113123106160281,0.30803686105899086,0.11857149472868267,0,0,0.019200000000000002,1.0,3,True,,True,8,2.631309345862642,True,0.11777393445777136,0.12239069556638717,0.2524860847230094,SIMULATED_MONTE_CARLO,Configured Gaussian/NLOS-bias range-error model,,"Synthetic model: N(0, 0.1500 m) range noise, plus a 0.500 m bias applied to a randomly selected 10% of attempts. Parameters come directly from this scenario's configuration, not from a measurement or a hardware-calibrated fit.",,,,scenario-000066,True,True,False,,,True,,66,True,False,1.0,67|79,,,,,,,,,,,,,,,,,,,,,,,,,,,,,,,,,
scenario-000067,UWB_SS_TWR,LOCAL_RADIO,scenario-000067,UWB_SS_TWR,8,10,5.0,20.0,20.0,6.0,0.001,0.0002,,,,,,,,0.15,,,,,,,0.1,0.5,,,,scheduled,100,-0.002587509588969601,0.009317977193224278,-0.03091972169050542,0.10588718989297574,0.10680204682579975,0.20529700237900866,0.13415161271144854,0.13794701965044634,0.2681788054819899,0.13412665651245267,0.13763195679589527,0.26639039494758193,0.16538229215437542,0.1924215045766016,0.14423969980483892,0.18918351661640007,0.31901467694729996,0.38176101868559575,0.41951374119938545,0.47499087747360774,0.14423969980483892,0.38176101868559575,0.20529700237900866,0.2681788054819899,0.1490599435583262,0.2752513055785604,0.4721047601230746,0.5642016743545718,0.6761592447448995,0.6878519674119445,0.28593774637548425,0.33006954893366053,0.16488029697625886,0.259397203296051,0.3363579631863987,0.37258791582982254,0.5258183992030405,0.6113123106160281,0.693270052916948,0.7255325014689585,0.259397203296051,0.6113123106160281,0.019107746182177858,100,100,0,1.0,0.0,0.0,,,1.0,0,,0.1:0.08|0.25:0.48|0.5:0.88|1.0:1.0|2.0:1.0,,,SS_TWR,8,10,5.0,16,0.001,0.0002,scheduled,800.0,0.9600000000000001,0.9600000000000001,False,,,50.0,50.0,5.0,10,,scenario-000067-default-path,STRAIGHT_LINE,5,17.06575518399347,16.97056274847714,1.7999999999999998,5.0,3.413151036798694,3.413151036798694,0.35999999999999993,0.1924215045766016,0.2681788054819899,0.33006954893366053,0.6113123106160281,0.30803686105899086,0.11857149472868267,0,0,0.019200000000000002,1.0,3,True,,True,8,2.631309345862642,True,0.11777393445777136,0.12239069556638717,0.2524860847230094,SIMULATED_MONTE_CARLO,Configured Gaussian/NLOS-bias range-error model,,"Synthetic model: N(0, 0.1500 m) range noise, plus a 0.500 m bias applied to a randomly selected 10% of attempts. Parameters come directly from this scenario's configuration, not from a measurement or a hardware-calibrated fit.",,,,scenario-000067,True,True,False,,,True,,67,True,True,0.0,,,,,,,,,,,,,,,,,,,,,,,,,,,,,,,,,,
scenario-000068,UWB_DS_TWR,LOCAL_RADIO,scenario-000068,UWB_DS_TWR,8,1,1.0,20.0,20.0,6.0,0.001,0.0002,,,,,,,,0.15,,,,,,,0.1,0.5,,,,scheduled,100,-0.002587509588969601,0.009317977193224278,-0.03091972169050542,0.10588718989297574,0.10680204682579975,0.20529700237900866,0.13415161271144854,0.13794701965044634,0.2681788054819899,0.13412665651245267,0.13763195679589527,0.26639039494758193,0.16538229215437542,0.1924215045766016,0.14423969980483892,0.18918351661640007,0.31901467694729996,0.38176101868559575,0.41951374119938545,0.47499087747360774,0.14423969980483892,0.38176101868559575,0.20529700237900866,0.2681788054819899,0.1490599435583262,0.2752513055785604,0.4721047601230746,0.5642016743545718,0.6761592447448995,0.6878519674119445,0.28593774637548425,0.33006954893366053,0.16488029697625886,0.259397203296051,0.3363579631863987,0.37258791582982254,0.5258183992030405,0.6113123106160281,0.693270052916948,0.7255325014689585,0.259397203296051,0.6113123106160281,0.019107746182177858,100,100,0,1.0,0.0,0.0,,,1.0,0,,0.1:0.08|0.25:0.48|0.5:0.88|1.0:1.0|2.0:1.0,,,DS_TWR,8,1,1.0,24,0.001,0.0002,scheduled,24.0,0.028800000000000003,0.028800000000000003,False,,,1.0,1.0,1.0,34,,scenario-000068-default-path,STRAIGHT_LINE,5,17.06575518399347,16.97056274847714,1.7999999999999998,5.0,3.413151036798694,3.413151036798694,0.35999999999999993,0.1924215045766016,0.2681788054819899,0.33006954893366053,0.6113123106160281,0.30803686105899086,0.11857149472868267,0,0,0.028800000000000003,1.0,3,True,,True,8,2.631309345862642,True,0.11777393445777136,0.12239069556638717,0.2524860847230094,SIMULATED_MONTE_CARLO,Configured Gaussian/NLOS-bias range-error model,,"Synthetic model: N(0, 0.1500 m) range noise, plus a 0.500 m bias applied to a randomly selected 10% of attempts. Parameters come directly from this scenario's configuration, not from a measurement or a hardware-calibrated fit.",,,,scenario-000068,True,True,False,,,True,,68,True,False,3.0,65|66|67|69|70|77|78|79,,,,,,,,,,,,,,,,,,,,,,,,,,,,,,,,,
scenario-000069,UWB_DS_TWR,LOCAL_RADIO,scenario-000069,UWB_DS_TWR,8,1,5.0,20.0,20.0,6.0,0.001,0.0002,,,,,,,,0.15,,,,,,,0.1,0.5,,,,scheduled,100,-0.002587509588969601,0.009317977193224278,-0.03091972169050542,0.10588718989297574,0.10680204682579975,0.20529700237900866,0.13415161271144854,0.13794701965044634,0.2681788054819899,0.13412665651245267,0.13763195679589527,0.26639039494758193,0.16538229215437542,0.1924215045766016,0.14423969980483892,0.18918351661640007,0.31901467694729996,0.38176101868559575,0.41951374119938545,0.47499087747360774,0.14423969980483892,0.38176101868559575,0.20529700237900866,0.2681788054819899,0.1490599435583262,0.2752513055785604,0.4721047601230746,0.5642016743545718,0.6761592447448995,0.6878519674119445,0.28593774637548425,0.33006954893366053,0.16488029697625886,0.259397203296051,0.3363579631863987,0.37258791582982254,0.5258183992030405,0.6113123106160281,0.693270052916948,0.7255325014689585,0.259397203296051,0.6113123106160281,0.019107746182177858,100,100,0,1.0,0.0,0.0,,,1.0,0,,0.1:0.08|0.25:0.48|0.5:0.88|1.0:1.0|2.0:1.0,,,DS_TWR,8,1,5.0,24,0.001,0.0002,scheduled,120.0,0.14400000000000002,0.14400000000000002,False,,,5.0,5.0,5.0,6,,scenario-000069-default-path,STRAIGHT_LINE,5,17.06575518399347,16.97056274847714,1.7999999999999998,5.0,3.413151036798694,3.413151036798694,0.35999999999999993,0.1924215045766016,0.2681788054819899,0.33006954893366053,0.6113123106160281,0.30803686105899086,0.11857149472868267,0,0,0.028800000000000003,1.0,3,True,,True,8,2.631309345862642,True,0.11777393445777136,0.12239069556638717,0.2524860847230094,SIMULATED_MONTE_CARLO,Configured Gaussian/NLOS-bias range-error model,,"Synthetic model: N(0, 0.1500 m) range noise, plus a 0.500 m bias applied to a randomly selected 10% of attempts. Parameters come directly from this scenario's configuration, not from a measurement or a hardware-calibrated fit.",,,,scenario-000069,True,True,False,,,True,,69,True,False,2.0,66|67|70|78|79,,,,,,,,,,,,,,,,,,,,,,,,,,,,,,,,,
scenario-000070,UWB_DS_TWR,LOCAL_RADIO,scenario-000070,UWB_DS_TWR,8,10,1.0,20.0,20.0,6.0,0.001,0.0002,,,,,,,,0.15,,,,,,,0.1,0.5,,,,scheduled,100,-0.002587509588969601,0.009317977193224278,-0.03091972169050542,0.10588718989297574,0.10680204682579975,0.20529700237900866,0.13415161271144854,0.13794701965044634,0.2681788054819899,0.13412665651245267,0.13763195679589527,0.26639039494758193,0.16538229215437542,0.1924215045766016,0.14423969980483892,0.18918351661640007,0.31901467694729996,0.38176101868559575,0.41951374119938545,0.47499087747360774,0.14423969980483892,0.38176101868559575,0.20529700237900866,0.2681788054819899,0.1490599435583262,0.2752513055785604,0.4721047601230746,0.5642016743545718,0.6761592447448995,0.6878519674119445,0.28593774637548425,0.33006954893366053,0.16488029697625886,0.259397203296051,0.3363579631863987,0.37258791582982254,0.5258183992030405,0.6113123106160281,0.693270052916948,0.7255325014689585,0.259397203296051,0.6113123106160281,0.019107746182177858,100,100,0,1.0,0.0,0.0,,,1.0,0,,0.1:0.08|0.25:0.48|0.5:0.88|1.0:1.0|2.0:1.0,,,DS_TWR,8,10,1.0,24,0.001,0.0002,scheduled,240.0,0.28800000000000003,0.28800000000000003,False,,,10.0,10.0,1.0,34,,scenario-000070-default-path,STRAIGHT_LINE,5,17.06575518399347,16.97056274847714,1.7999999999999998,5.0,3.413151036798694,3.413151036798694,0.35999999999999993,0.1924215045766016,0.2681788054819899,0.33006954893366053,0.6113123106160281,0.30803686105899086,0.11857149472868267,0,0,0.028800000000000003,1.0,3,True,,True,8,2.631309345862642,True,0.11777393445777136,0.12239069556638717,0.2524860847230094,SIMULATED_MONTE_CARLO,Configured Gaussian/NLOS-bias range-error model,,"Synthetic model: N(0, 0.1500 m) range noise, plus a 0.500 m bias applied to a randomly selected 10% of attempts. Parameters come directly from this scenario's configuration, not from a measurement or a hardware-calibrated fit.",,,,scenario-000070,True,True,False,,,True,,70,True,False,1.0,67|79,,,,,,,,,,,,,,,,,,,,,,,,,,,,,,,,,
scenario-000071,UWB_DS_TWR,LOCAL_RADIO,scenario-000071,UWB_DS_TWR,8,10,5.0,20.0,20.0,6.0,0.001,0.0002,,,,,,,,0.15,,,,,,,0.1,0.5,,,,scheduled,100,-0.002587509588969601,0.009317977193224278,-0.03091972169050542,0.10588718989297574,0.10680204682579975,0.20529700237900866,0.13415161271144854,0.13794701965044634,0.2681788054819899,0.13412665651245267,0.13763195679589527,0.26639039494758193,0.16538229215437542,0.1924215045766016,0.14423969980483892,0.18918351661640007,0.31901467694729996,0.38176101868559575,0.41951374119938545,0.47499087747360774,0.14423969980483892,0.38176101868559575,0.20529700237900866,0.2681788054819899,0.1490599435583262,0.2752513055785604,0.4721047601230746,0.5642016743545718,0.6761592447448995,0.6878519674119445,0.28593774637548425,0.33006954893366053,0.16488029697625886,0.259397203296051,0.3363579631863987,0.37258791582982254,0.5258183992030405,0.6113123106160281,0.693270052916948,0.7255325014689585,0.259397203296051,0.6113123106160281,0.019107746182177858,100,100,0,1.0,0.0,0.0,,,1.0,0,,0.1:0.08|0.25:0.48|0.5:0.88|1.0:1.0|2.0:1.0,,,DS_TWR,8,10,5.0,24,0.001,0.0002,scheduled,1200.0,1.4400000000000002,1.4400000000000002,True,,,50.0,34.72222222222222,3.4722222222222223,6,,scenario-000071-default-path,STRAIGHT_LINE,5,17.06575518399347,16.97056274847714,1.7999999999999998,5.0,3.413151036798694,3.413151036798694,0.35999999999999993,0.1924215045766016,0.2681788054819899,0.33006954893366053,0.6113123106160281,0.30803686105899086,0.11857149472868267,0,0,0.028800000000000003,1.0,3,True,,True,8,2.631309345862642,True,0.11777393445777136,0.12239069556638717,0.2524860847230094,SIMULATED_MONTE_CARLO,Configured Gaussian/NLOS-bias range-error model,,"Synthetic model: N(0, 0.1500 m) range noise, plus a 0.500 m bias applied to a randomly selected 10% of attempts. Parameters come directly from this scenario's configuration, not from a measurement or a hardware-calibrated fit.",,,,scenario-000071,True,True,True,,,False,OVERLOADED,71,False,False,,,,,,,,,,,,,,,,,,,,,,,,,,,,,,,,,,,
scenario-000072,TDOA,LOCAL_RADIO,scenario-000072,TDOA,8,1,1.0,20.0,20.0,6.0,0.001,0.0002,,,,,,,,0.15,,,,,,,0.1,0.5,,,,scheduled,100,0.006618555849854917,-0.0011196080699140154,-0.006377466520414035,0.11981740952381555,0.1161912709390788,0.23381716450772408,0.15349957453048926,0.14187326734508743,0.30379174763421113,0.15335681954025904,0.1418688495228619,0.30372479953311227,0.18423722363529926,0.20902187294207247,0.15908433395662488,0.21414049826275405,0.33820725832272547,0.37824892833964296,0.44470147743850946,0.45685006015773094,0.15908433395662488,0.37824892833964296,0.23381716450772408,0.30379174763421113,0.1806217135359831,0.2914054773255115,0.5059284444275921,0.6431787750315224,0.7361393163845974,0.8086838485996566,0.321306849606176,0.3687540769928654,0.1809460629442219,0.2951128168226064,0.3847654052786204,0.4420097415066565,0.5556446445407751,0.6915845869488576,0.8242793379812741,0.8461966651617449,0.2951128168226064,0.6915845869488576,0.025069423953862004,100,100,0,1.0,0.0,0.0,,,1.0,0,,0.1:0.06|0.25:0.44|0.5:0.86|1.0:1.0|2.0:1.0,,,TDOA,8,1,1.0,1,0.001,0.0002,scheduled,1.0,0.0012000000000000001,0.0012000000000000001,False,,,1.0,1.0,1.0,833,,scenario-000072-default-path,STRAIGHT_LINE,5,17.06575518399347,16.97056274847714,1.7999999999999998,5.0,3.413151036798694,3.413151036798694,0.35999999999999993,0.20902187294207247,0.30379174763421113,0.3687540769928654,0.6915845869488576,0.3367237635731353,0.15032190906186416,0,0,0.0012000000000000001,1.0,3,True,,True,8,4.418356608936134,,0.12625994138554378,0.122586477050703,0.2636079957761487,SIMULATED_MONTE_CARLO,Configured Gaussian/NLOS-bias range-error model,,"Synthetic model: N(0, 0.1500 m) range noise, plus a 0.500 m bias applied to a randomly selected 10% of attempts. Parameters come directly from this scenario's configuration, not from a measurement or a hardware-calibrated fit.",,,,scenario-000072,True,True,False,,,True,,72,True,False,4.0,64|65|66|67|68|69|70|73|74|75|76|77|78|79,,,,,,,,,,,,,,,,,,,,,,,,,,,,,,,,,
scenario-000073,TDOA,LOCAL_RADIO,scenario-000073,TDOA,8,1,5.0,20.0,20.0,6.0,0.001,0.0002,,,,,,,,0.15,,,,,,,0.1,0.5,,,,scheduled,100,0.006618555849854917,-0.0011196080699140154,-0.006377466520414035,0.11981740952381555,0.1161912709390788,0.23381716450772408,0.15349957453048926,0.14187326734508743,0.30379174763421113,0.15335681954025904,0.1418688495228619,0.30372479953311227,0.18423722363529926,0.20902187294207247,0.15908433395662488,0.21414049826275405,0.33820725832272547,0.37824892833964296,0.44470147743850946,0.45685006015773094,0.15908433395662488,0.37824892833964296,0.23381716450772408,0.30379174763421113,0.1806217135359831,0.2914054773255115,0.5059284444275921,0.6431787750315224,0.7361393163845974,0.8086838485996566,0.321306849606176,0.3687540769928654,0.1809460629442219,0.2951128168226064,0.3847654052786204,0.4420097415066565,0.5556446445407751,0.6915845869488576,0.8242793379812741,0.8461966651617449,0.2951128168226064,0.6915845869488576,0.025069423953862004,100,100,0,1.0,0.0,0.0,,,1.0,0,,0.1:0.06|0.25:0.44|0.5:0.86|1.0:1.0|2.0:1.0,,,TDOA,8,1,5.0,1,0.001,0.0002,scheduled,5.0,0.006,0.006,False,,,5.0,5.0,5.0,166,,scenario-000073-default-path,STRAIGHT_LINE,5,17.06575518399347,16.97056274847714,1.7999999999999998,5.0,3.413151036798694,3.413151036798694,0.35999999999999993,0.20902187294207247,0.30379174763421113,0.3687540769928654,0.6915845869488576,0.3367237635731353,0.15032190906186416,0,0,0.0012000000000000001,1.0,3,True,,True,8,4.418356608936134,,0.12625994138554378,0.122586477050703,0.2636079957761487,SIMULATED_MONTE_CARLO,Configured Gaussian/NLOS-bias range-error model,,"Synthetic model: N(0, 0.1500 m) range noise, plus a 0.500 m bias applied to a randomly selected 10% of attempts. Parameters come directly from this scenario's configuration, not from a measurement or a hardware-calibrated fit.",,,,scenario-000073,True,True,False,,,True,,73,True,False,3.0,65|66|67|69|70|74|75|77|78|79,,,,,,,,,,,,,,,,,,,,,,,,,,,,,,,,,
scenario-000074,TDOA,LOCAL_RADIO,scenario-000074,TDOA,8,10,1.0,20.0,20.0,6.0,0.001,0.0002,,,,,,,,0.15,,,,,,,0.1,0.5,,,,scheduled,100,0.006618555849854917,-0.0011196080699140154,-0.006377466520414035,0.11981740952381555,0.1161912709390788,0.23381716450772408,0.15349957453048926,0.14187326734508743,0.30379174763421113,0.15335681954025904,0.1418688495228619,0.30372479953311227,0.18423722363529926,0.20902187294207247,0.15908433395662488,0.21414049826275405,0.33820725832272547,0.37824892833964296,0.44470147743850946,0.45685006015773094,0.15908433395662488,0.37824892833964296,0.23381716450772408,0.30379174763421113,0.1806217135359831,0.2914054773255115,0.5059284444275921,0.6431787750315224,0.7361393163845974,0.8086838485996566,0.321306849606176,0.3687540769928654,0.1809460629442219,0.2951128168226064,0.3847654052786204,0.4420097415066565,0.5556446445407751,0.6915845869488576,0.8242793379812741,0.8461966651617449,0.2951128168226064,0.6915845869488576,0.025069423953862004,100,100,0,1.0,0.0,0.0,,,1.0,0,,0.1:0.06|0.25:0.44|0.5:0.86|1.0:1.0|2.0:1.0,,,TDOA,8,10,1.0,1,0.001,0.0002,scheduled,10.0,0.012,0.012,False,,,10.0,10.0,1.0,833,,scenario-000074-default-path,STRAIGHT_LINE,5,17.06575518399347,16.97056274847714,1.7999999999999998,5.0,3.413151036798694,3.413151036798694,0.35999999999999993,0.20902187294207247,0.30379174763421113,0.3687540769928654,0.6915845869488576,0.3367237635731353,0.15032190906186416,0,0,0.0012000000000000001,1.0,3,True,,True,8,4.418356608936134,,0.12625994138554378,0.122586477050703,0.2636079957761487,SIMULATED_MONTE_CARLO,Configured Gaussian/NLOS-bias range-error model,,"Synthetic model: N(0, 0.1500 m) range noise, plus a 0.500 m bias applied to a randomly selected 10% of attempts. Parameters come directly from this scenario's configuration, not from a measurement or a hardware-calibrated fit.",,,,scenario-000074,True,True,False,,,True,,74,True,False,2.0,66|67|70|75|78|79,,,,,,,,,,,,,,,,,,,,,,,,,,,,,,,,,
scenario-000075,TDOA,LOCAL_RADIO,scenario-000075,TDOA,8,10,5.0,20.0,20.0,6.0,0.001,0.0002,,,,,,,,0.15,,,,,,,0.1,0.5,,,,scheduled,100,0.006618555849854917,-0.0011196080699140154,-0.006377466520414035,0.11981740952381555,0.1161912709390788,0.23381716450772408,0.15349957453048926,0.14187326734508743,0.30379174763421113,0.15335681954025904,0.1418688495228619,0.30372479953311227,0.18423722363529926,0.20902187294207247,0.15908433395662488,0.21414049826275405,0.33820725832272547,0.37824892833964296,0.44470147743850946,0.45685006015773094,0.15908433395662488,0.37824892833964296,0.23381716450772408,0.30379174763421113,0.1806217135359831,0.2914054773255115,0.5059284444275921,0.6431787750315224,0.7361393163845974,0.8086838485996566,0.321306849606176,0.3687540769928654,0.1809460629442219,0.2951128168226064,0.3847654052786204,0.4420097415066565,0.5556446445407751,0.6915845869488576,0.8242793379812741,0.8461966651617449,0.2951128168226064,0.6915845869488576,0.025069423953862004,100,100,0,1.0,0.0,0.0,,,1.0,0,,0.1:0.06|0.25:0.44|0.5:0.86|1.0:1.0|2.0:1.0,,,TDOA,8,10,5.0,1,0.001,0.0002,scheduled,50.0,0.060000000000000005,0.060000000000000005,False,,,50.0,50.0,5.0,166,,scenario-000075-default-path,STRAIGHT_LINE,5,17.06575518399347,16.97056274847714,1.7999999999999998,5.0,3.413151036798694,3.413151036798694,0.35999999999999993,0.20902187294207247,0.30379174763421113,0.3687540769928654,0.6915845869488576,0.3367237635731353,0.15032190906186416,0,0,0.0012000000000000001,1.0,3,True,,True,8,4.418356608936134,,0.12625994138554378,0.122586477050703,0.2636079957761487,SIMULATED_MONTE_CARLO,Configured Gaussian/NLOS-bias range-error model,,"Synthetic model: N(0, 0.1500 m) range noise, plus a 0.500 m bias applied to a randomly selected 10% of attempts. Parameters come directly from this scenario's configuration, not from a measurement or a hardware-calibrated fit.",,,,scenario-000075,True,True,False,,,True,,75,True,False,1.0,67|79,,,,,,,,,,,,,,,,,,,,,,,,,,,,,,,,,
scenario-000076,SX1280_RANGING,LOCAL_RADIO,scenario-000076,SX1280_RANGING,8,1,1.0,20.0,20.0,6.0,0.001,0.0002,,,,,,,,0.15,,,,,,,0.1,0.5,,,,scheduled,100,-0.002587509588969601,0.009317977193224278,-0.03091972169050542,0.10588718989297574,0.10680204682579975,0.20529700237900866,0.13415161271144854,0.13794701965044634,0.2681788054819899,0.13412665651245267,0.13763195679589527,0.26639039494758193,0.16538229215437542,0.1924215045766016,0.14423969980483892,0.18918351661640007,0.31901467694729996,0.38176101868559575,0.41951374119938545,0.47499087747360774,0.14423969980483892,0.38176101868559575,0.20529700237900866,0.2681788054819899,0.1490599435583262,0.2752513055785604,0.4721047601230746,0.5642016743545718,0.6761592447448995,0.6878519674119445,0.28593774637548425,0.33006954893366053,0.16488029697625886,0.259397203296051,0.3363579631863987,0.37258791582982254,0.5258183992030405,0.6113123106160281,0.693270052916948,0.7255325014689585,0.259397203296051,0.6113123106160281,0.019107746182177858,100,100,0,1.0,0.0,0.0,,,1.0,0,,0.1:0.08|0.25:0.48|0.5:0.88|1.0:1.0|2.0:1.0,,,SS_TWR,8,1,1.0,16,0.001,0.0002,scheduled,16.0,0.019200000000000002,0.019200000000000002,False,,,1.0,1.0,1.0,52,,scenario-000076-default-path,STRAIGHT_LINE,5,17.06575518399347,16.97056274847714,1.7999999999999998,5.0,3.413151036798694,3.413151036798694,0.35999999999999993,0.1924215045766016,0.2681788054819899,0.33006954893366053,0.6113123106160281,0.30803686105899086,0.11857149472868267,0,0,0.019200000000000002,1.0,3,True,,True,8,2.631309345862642,True,0.11777393445777136,0.12239069556638717,0.2524860847230094,SIMULATED_MONTE_CARLO,Configured Gaussian/NLOS-bias range-error model,,"Synthetic model: N(0, 0.1500 m) range noise, plus a 0.500 m bias applied to a randomly selected 10% of attempts. Parameters come directly from this scenario's configuration, not from a measurement or a hardware-calibrated fit.",,,,scenario-000076,True,True,False,,,True,,76,True,False,3.0,65|66|67|69|70|77|78|79,,,,,,,,,,,,,,,,,,,,,,,,,,,,,,,,,
scenario-000077,SX1280_RANGING,LOCAL_RADIO,scenario-000077,SX1280_RANGING,8,1,5.0,20.0,20.0,6.0,0.001,0.0002,,,,,,,,0.15,,,,,,,0.1,0.5,,,,scheduled,100,-0.002587509588969601,0.009317977193224278,-0.03091972169050542,0.10588718989297574,0.10680204682579975,0.20529700237900866,0.13415161271144854,0.13794701965044634,0.2681788054819899,0.13412665651245267,0.13763195679589527,0.26639039494758193,0.16538229215437542,0.1924215045766016,0.14423969980483892,0.18918351661640007,0.31901467694729996,0.38176101868559575,0.41951374119938545,0.47499087747360774,0.14423969980483892,0.38176101868559575,0.20529700237900866,0.2681788054819899,0.1490599435583262,0.2752513055785604,0.4721047601230746,0.5642016743545718,0.6761592447448995,0.6878519674119445,0.28593774637548425,0.33006954893366053,0.16488029697625886,0.259397203296051,0.3363579631863987,0.37258791582982254,0.5258183992030405,0.6113123106160281,0.693270052916948,0.7255325014689585,0.259397203296051,0.6113123106160281,0.019107746182177858,100,100,0,1.0,0.0,0.0,,,1.0,0,,0.1:0.08|0.25:0.48|0.5:0.88|1.0:1.0|2.0:1.0,,,SS_TWR,8,1,5.0,16,0.001,0.0002,scheduled,80.0,0.096,0.096,False,,,5.0,5.0,5.0,10,,scenario-000077-default-path,STRAIGHT_LINE,5,17.06575518399347,16.97056274847714,1.7999999999999998,5.0,3.413151036798694,3.413151036798694,0.35999999999999993,0.1924215045766016,0.2681788054819899,0.33006954893366053,0.6113123106160281,0.30803686105899086,0.11857149472868267,0,0,0.019200000000000002,1.0,3,True,,True,8,2.631309345862642,True,0.11777393445777136,0.12239069556638717,0.2524860847230094,SIMULATED_MONTE_CARLO,Configured Gaussian/NLOS-bias range-error model,,"Synthetic model: N(0, 0.1500 m) range noise, plus a 0.500 m bias applied to a randomly selected 10% of attempts. Parameters come directly from this scenario's configuration, not from a measurement or a hardware-calibrated fit.",,,,scenario-000077,True,True,False,,,True,,77,True,False,2.0,66|67|70|78|79,,,,,,,,,,,,,,,,,,,,,,,,,,,,,,,,,
scenario-000078,SX1280_RANGING,LOCAL_RADIO,scenario-000078,SX1280_RANGING,8,10,1.0,20.0,20.0,6.0,0.001,0.0002,,,,,,,,0.15,,,,,,,0.1,0.5,,,,scheduled,100,-0.002587509588969601,0.009317977193224278,-0.03091972169050542,0.10588718989297574,0.10680204682579975,0.20529700237900866,0.13415161271144854,0.13794701965044634,0.2681788054819899,0.13412665651245267,0.13763195679589527,0.26639039494758193,0.16538229215437542,0.1924215045766016,0.14423969980483892,0.18918351661640007,0.31901467694729996,0.38176101868559575,0.41951374119938545,0.47499087747360774,0.14423969980483892,0.38176101868559575,0.20529700237900866,0.2681788054819899,0.1490599435583262,0.2752513055785604,0.4721047601230746,0.5642016743545718,0.6761592447448995,0.6878519674119445,0.28593774637548425,0.33006954893366053,0.16488029697625886,0.259397203296051,0.3363579631863987,0.37258791582982254,0.5258183992030405,0.6113123106160281,0.693270052916948,0.7255325014689585,0.259397203296051,0.6113123106160281,0.019107746182177858,100,100,0,1.0,0.0,0.0,,,1.0,0,,0.1:0.08|0.25:0.48|0.5:0.88|1.0:1.0|2.0:1.0,,,SS_TWR,8,10,1.0,16,0.001,0.0002,scheduled,160.0,0.192,0.192,False,,,10.0,10.0,1.0,52,,scenario-000078-default-path,STRAIGHT_LINE,5,17.06575518399347,16.97056274847714,1.7999999999999998,5.0,3.413151036798694,3.413151036798694,0.35999999999999993,0.1924215045766016,0.2681788054819899,0.33006954893366053,0.6113123106160281,0.30803686105899086,0.11857149472868267,0,0,0.019200000000000002,1.0,3,True,,True,8,2.631309345862642,True,0.11777393445777136,0.12239069556638717,0.2524860847230094,SIMULATED_MONTE_CARLO,Configured Gaussian/NLOS-bias range-error model,,"Synthetic model: N(0, 0.1500 m) range noise, plus a 0.500 m bias applied to a randomly selected 10% of attempts. Parameters come directly from this scenario's configuration, not from a measurement or a hardware-calibrated fit.",,,,scenario-000078,True,True,False,,,True,,78,True,False,1.0,67|79,,,,,,,,,,,,,,,,,,,,,,,,,,,,,,,,,
scenario-000079,SX1280_RANGING,LOCAL_RADIO,scenario-000079,SX1280_RANGING,8,10,5.0,20.0,20.0,6.0,0.001,0.0002,,,,,,,,0.15,,,,,,,0.1,0.5,,,,scheduled,100,-0.002587509588969601,0.009317977193224278,-0.03091972169050542,0.10588718989297574,0.10680204682579975,0.20529700237900866,0.13415161271144854,0.13794701965044634,0.2681788054819899,0.13412665651245267,0.13763195679589527,0.26639039494758193,0.16538229215437542,0.1924215045766016,0.14423969980483892,0.18918351661640007,0.31901467694729996,0.38176101868559575,0.41951374119938545,0.47499087747360774,0.14423969980483892,0.38176101868559575,0.20529700237900866,0.2681788054819899,0.1490599435583262,0.2752513055785604,0.4721047601230746,0.5642016743545718,0.6761592447448995,0.6878519674119445,0.28593774637548425,0.33006954893366053,0.16488029697625886,0.259397203296051,0.3363579631863987,0.37258791582982254,0.5258183992030405,0.6113123106160281,0.693270052916948,0.7255325014689585,0.259397203296051,0.6113123106160281,0.019107746182177858,100,100,0,1.0,0.0,0.0,,,1.0,0,,0.1:0.08|0.25:0.48|0.5:0.88|1.0:1.0|2.0:1.0,,,SS_TWR,8,10,5.0,16,0.001,0.0002,scheduled,800.0,0.9600000000000001,0.9600000000000001,False,,,50.0,50.0,5.0,10,,scenario-000079-default-path,STRAIGHT_LINE,5,17.06575518399347,16.97056274847714,1.7999999999999998,5.0,3.413151036798694,3.413151036798694,0.35999999999999993,0.1924215045766016,0.2681788054819899,0.33006954893366053,0.6113123106160281,0.30803686105899086,0.11857149472868267,0,0,0.019200000000000002,1.0,3,True,,True,8,2.631309345862642,True,0.11777393445777136,0.12239069556638717,0.2524860847230094,SIMULATED_MONTE_CARLO,Configured Gaussian/NLOS-bias range-error model,,"Synthetic model: N(0, 0.1500 m) range noise, plus a 0.500 m bias applied to a randomly selected 10% of attempts. Parameters come directly from this scenario's configuration, not from a measurement or a hardware-calibrated fit.",,,,scenario-000079,True,True,False,,,True,,79,True,True,0.0,,,,,,,,,,,,,,,,,,,,,,,,,,,,,,,,,,
scenario-000080,UWB_SS_TWR,LOCAL_RADIO,scenario-000080,UWB_SS_TWR,8,1,1.0,20.0,20.0,6.0,0.001,0.0002,Semtech SX1280,,,,,,,0.15,,,,,,,0.1,0.5,,,,scheduled,100,0.014951126047920713,0.08499615763086027,-1.499040798573509,1.7573340156116977,1.7965829735536443,6.590425492095299,2.152599163356207,2.2055074413415667,7.0149070332263985,2.1525472403438073,2.203869035809754,6.85286782077557,2.7743207115762174,3.0818738182954326,2.623194833134631,3.231587682752641,4.5196058619686195,4.937931482023434,5.54182931215627,7.1853397342491885,2.623194833134631,4.937931482023434,6.590425492095299,7.0149070332263985,6.620615289066205,7.917790586675391,9.620783844083244,9.855743185989523,10.813094872346607,11.066825827083735,7.335160062408025,7.662040649637932,2.214112412583961,7.495302927499917,8.416025099830103,8.805375751083623,9.902814507080123,10.864421763985797,11.358154058424855,11.98611482352039,7.495302927499917,10.864421763985797,128.65239893356883,100,100,0,1.0,0.0,0.0,,,1.0,0,,0.1:0.0|0.25:0.0|0.5:0.0|1.0:0.0|2.0:0.01,,,SS_TWR,8,1,1.0,16,0.001,0.0002,scheduled,16.0,0.019200000000000002,0.019200000000000002,False,,,1.0,1.0,1.0,52,,scenario-000080-default-path,STRAIGHT_LINE,5,17.06575518399347,16.97056274847714,1.7999999999999998,5.0,3.413151036798694,3.413151036798694,0.35999999999999993,3.0818738182954326,7.0149070332263985,7.662040649637932,10.864421763985797,7.426220899883739,1.8862953275757315,0,0,0.019200000000000002,1.0,3,True,,True,8,2.631309345862642,True,1.643308650411101,1.70772666872389,3.5229575121524124,HARDWARE_CALIBRATED_MODEL,Bootstrap resample of Stuart Robinson SX1280 short-range errors,https://stuartsprojects.github.io/2019/04/26/Semtech-SX1280-2-4Ghz-LoRa-ranging-tranceivers.html,"Resampling model built from Stuart Robinson's six published short-range SX1280 ranging observations (0-250 m, one hardware/environment configuration). The model draws errors with replacement from those six values; it does not condition on range, bandwidth, spreading factor, center frequency, LOS/NLOS state, temperature, oscillator, orientation or hardware, because six unrepeated points cannot support fitting any of those dependencies. Treat this as a rough, small-sample stand-in for a real conditional error model, not a validated one. It must not be used to claim SX1280 accuracy at ranges outside 0-250 m.",,,,scenario-000080,True,True,False,max_3d_p95_m|max_horizontal_p95_m,,False,HARD_REQUIREMENT_FAILED,80,False,False,,,,,Semtech,SX1280/SX1281 family,SX1280,,SX1280,SX1280,True,True,2400-2483.5 MHz ISM,203.125|406.25|812.5|1625.0,,,"TCXO or crystal, per application design",,,,,,,Ranging distance offset calibration recommended per module/antenna combination; see Semtech ranging FAQ P40.,,,OFFICIAL_SPECIFICATION,Semtech SX1280 product page,https://www.semtech.com/products/wireless-rf/lora-connect/sx1280,Manufacturer datasheet and product-page claims for the bare radio IC. Not a project measurement. Numeric fields left as None were not confirmed against a freshly fetched datasheet in this session (network egress to manufacturer/distributor sites was blocked in the build environment); verify before relying on them.,,,,False,
scenario-000081,UWB_SS_TWR,LOCAL_RADIO,scenario-000081,UWB_SS_TWR,8,1,5.0,20.0,20.0,6.0,0.001,0.0002,Semtech SX1280,,,,,,,0.15,,,,,,,0.1,0.5,,,,scheduled,100,0.014951126047920713,0.08499615763086027,-1.499040798573509,1.7573340156116977,1.7965829735536443,6.590425492095299,2.152599163356207,2.2055074413415667,7.0149070332263985,2.1525472403438073,2.203869035809754,6.85286782077557,2.7743207115762174,3.0818738182954326,2.623194833134631,3.231587682752641,4.5196058619686195,4.937931482023434,5.54182931215627,7.1853397342491885,2.623194833134631,4.937931482023434,6.590425492095299,7.0149070332263985,6.620615289066205,7.917790586675391,9.620783844083244,9.855743185989523,10.813094872346607,11.066825827083735,7.335160062408025,7.662040649637932,2.214112412583961,7.495302927499917,8.416025099830103,8.805375751083623,9.902814507080123,10.864421763985797,11.358154058424855,11.98611482352039,7.495302927499917,10.864421763985797,128.65239893356883,100,100,0,1.0,0.0,0.0,,,1.0,0,,0.1:0.0|0.25:0.0|0.5:0.0|1.0:0.0|2.0:0.01,,,SS_TWR,8,1,5.0,16,0.001,0.0002,scheduled,80.0,0.096,0.096,False,,,5.0,5.0,5.0,10,,scenario-000081-default-path,STRAIGHT_LINE,5,17.06575518399347,16.97056274847714,1.7999999999999998,5.0,3.413151036798694,3.413151036798694,0.35999999999999993,3.0818738182954326,7.0149070332263985,7.662040649637932,10.864421763985797,7.426220899883739,1.8862953275757315,0,0,0.019200000000000002,1.0,3,True,,True,8,2.631309345862642,True,1.643308650411101,1.70772666872389,3.5229575121524124,HARDWARE_CALIBRATED_MODEL,Bootstrap resample of Stuart Robinson SX1280 short-range errors,https://stuartsprojects.github.io/2019/04/26/Semtech-SX1280-2-4Ghz-LoRa-ranging-tranceivers.html,"Resampling model built from Stuart Robinson's six published short-range SX1280 ranging observations (0-250 m, one hardware/environment configuration). The model draws errors with replacement from those six values; it does not condition on range, bandwidth, spreading factor, center frequency, LOS/NLOS state, temperature, oscillator, orientation or hardware, because six unrepeated points cannot support fitting any of those dependencies. Treat this as a rough, small-sample stand-in for a real conditional error model, not a validated one. It must not be used to claim SX1280 accuracy at ranges outside 0-250 m.",,,,scenario-000081,True,True,False,max_3d_p95_m|max_horizontal_p95_m,,False,HARD_REQUIREMENT_FAILED,81,False,False,,,,,Semtech,SX1280/SX1281 family,SX1280,,SX1280,SX1280,True,True,2400-2483.5 MHz ISM,203.125|406.25|812.5|1625.0,,,"TCXO or crystal, per application design",,,,,,,Ranging distance offset calibration recommended per module/antenna combination; see Semtech ranging FAQ P40.,,,OFFICIAL_SPECIFICATION,Semtech SX1280 product page,https://www.semtech.com/products/wireless-rf/lora-connect/sx1280,Manufacturer datasheet and product-page claims for the bare radio IC. Not a project measurement. Numeric fields left as None were not confirmed against a freshly fetched datasheet in this session (network egress to manufacturer/distributor sites was blocked in the build environment); verify before relying on them.,,,,False,
scenario-000082,UWB_SS_TWR,LOCAL_RADIO,scenario-000082,UWB_SS_TWR,8,10,1.0,20.0,20.0,6.0,0.001,0.0002,Semtech SX1280,,,,,,,0.15,,,,,,,0.1,0.5,,,,scheduled,100,0.014951126047920713,0.08499615763086027,-1.499040798573509,1.7573340156116977,1.7965829735536443,6.590425492095299,2.152599163356207,2.2055074413415667,7.0149070332263985,2.1525472403438073,2.203869035809754,6.85286782077557,2.7743207115762174,3.0818738182954326,2.623194833134631,3.231587682752641,4.5196058619686195,4.937931482023434,5.54182931215627,7.1853397342491885,2.623194833134631,4.937931482023434,6.590425492095299,7.0149070332263985,6.620615289066205,7.917790586675391,9.620783844083244,9.855743185989523,10.813094872346607,11.066825827083735,7.335160062408025,7.662040649637932,2.214112412583961,7.495302927499917,8.416025099830103,8.805375751083623,9.902814507080123,10.864421763985797,11.358154058424855,11.98611482352039,7.495302927499917,10.864421763985797,128.65239893356883,100,100,0,1.0,0.0,0.0,,,1.0,0,,0.1:0.0|0.25:0.0|0.5:0.0|1.0:0.0|2.0:0.01,,,SS_TWR,8,10,1.0,16,0.001,0.0002,scheduled,160.0,0.192,0.192,False,,,10.0,10.0,1.0,52,,scenario-000082-default-path,STRAIGHT_LINE,5,17.06575518399347,16.97056274847714,1.7999999999999998,5.0,3.413151036798694,3.413151036798694,0.35999999999999993,3.0818738182954326,7.0149070332263985,7.662040649637932,10.864421763985797,7.426220899883739,1.8862953275757315,0,0,0.019200000000000002,1.0,3,True,,True,8,2.631309345862642,True,1.643308650411101,1.70772666872389,3.5229575121524124,HARDWARE_CALIBRATED_MODEL,Bootstrap resample of Stuart Robinson SX1280 short-range errors,https://stuartsprojects.github.io/2019/04/26/Semtech-SX1280-2-4Ghz-LoRa-ranging-tranceivers.html,"Resampling model built from Stuart Robinson's six published short-range SX1280 ranging observations (0-250 m, one hardware/environment configuration). The model draws errors with replacement from those six values; it does not condition on range, bandwidth, spreading factor, center frequency, LOS/NLOS state, temperature, oscillator, orientation or hardware, because six unrepeated points cannot support fitting any of those dependencies. Treat this as a rough, small-sample stand-in for a real conditional error model, not a validated one. It must not be used to claim SX1280 accuracy at ranges outside 0-250 m.",,,,scenario-000082,True,True,False,max_3d_p95_m|max_horizontal_p95_m,,False,HARD_REQUIREMENT_FAILED,82,False,False,,,,,Semtech,SX1280/SX1281 family,SX1280,,SX1280,SX1280,True,True,2400-2483.5 MHz ISM,203.125|406.25|812.5|1625.0,,,"TCXO or crystal, per application design",,,,,,,Ranging distance offset calibration recommended per module/antenna combination; see Semtech ranging FAQ P40.,,,OFFICIAL_SPECIFICATION,Semtech SX1280 product page,https://www.semtech.com/products/wireless-rf/lora-connect/sx1280,Manufacturer datasheet and product-page claims for the bare radio IC. Not a project measurement. Numeric fields left as None were not confirmed against a freshly fetched datasheet in this session (network egress to manufacturer/distributor sites was blocked in the build environment); verify before relying on them.,,,,False,
scenario-000083,UWB_SS_TWR,LOCAL_RADIO,scenario-000083,UWB_SS_TWR,8,10,5.0,20.0,20.0,6.0,0.001,0.0002,Semtech SX1280,,,,,,,0.15,,,,,,,0.1,0.5,,,,scheduled,100,0.014951126047920713,0.08499615763086027,-1.499040798573509,1.7573340156116977,1.7965829735536443,6.590425492095299,2.152599163356207,2.2055074413415667,7.0149070332263985,2.1525472403438073,2.203869035809754,6.85286782077557,2.7743207115762174,3.0818738182954326,2.623194833134631,3.231587682752641,4.5196058619686195,4.937931482023434,5.54182931215627,7.1853397342491885,2.623194833134631,4.937931482023434,6.590425492095299,7.0149070332263985,6.620615289066205,7.917790586675391,9.620783844083244,9.855743185989523,10.813094872346607,11.066825827083735,7.335160062408025,7.662040649637932,2.214112412583961,7.495302927499917,8.416025099830103,8.805375751083623,9.902814507080123,10.864421763985797,11.358154058424855,11.98611482352039,7.495302927499917,10.864421763985797,128.65239893356883,100,100,0,1.0,0.0,0.0,,,1.0,0,,0.1:0.0|0.25:0.0|0.5:0.0|1.0:0.0|2.0:0.01,,,SS_TWR,8,10,5.0,16,0.001,0.0002,scheduled,800.0,0.9600000000000001,0.9600000000000001,False,,,50.0,50.0,5.0,10,,scenario-000083-default-path,STRAIGHT_LINE,5,17.06575518399347,16.97056274847714,1.7999999999999998,5.0,3.413151036798694,3.413151036798694,0.35999999999999993,3.0818738182954326,7.0149070332263985,7.662040649637932,10.864421763985797,7.426220899883739,1.8862953275757315,0,0,0.019200000000000002,1.0,3,True,,True,8,2.631309345862642,True,1.643308650411101,1.70772666872389,3.5229575121524124,HARDWARE_CALIBRATED_MODEL,Bootstrap resample of Stuart Robinson SX1280 short-range errors,https://stuartsprojects.github.io/2019/04/26/Semtech-SX1280-2-4Ghz-LoRa-ranging-tranceivers.html,"Resampling model built from Stuart Robinson's six published short-range SX1280 ranging observations (0-250 m, one hardware/environment configuration). The model draws errors with replacement from those six values; it does not condition on range, bandwidth, spreading factor, center frequency, LOS/NLOS state, temperature, oscillator, orientation or hardware, because six unrepeated points cannot support fitting any of those dependencies. Treat this as a rough, small-sample stand-in for a real conditional error model, not a validated one. It must not be used to claim SX1280 accuracy at ranges outside 0-250 m.",,,,scenario-000083,True,True,False,max_3d_p95_m|max_horizontal_p95_m,,False,HARD_REQUIREMENT_FAILED,83,False,False,,,,,Semtech,SX1280/SX1281 family,SX1280,,SX1280,SX1280,True,True,2400-2483.5 MHz ISM,203.125|406.25|812.5|1625.0,,,"TCXO or crystal, per application design",,,,,,,Ranging distance offset calibration recommended per module/antenna combination; see Semtech ranging FAQ P40.,,,OFFICIAL_SPECIFICATION,Semtech SX1280 product page,https://www.semtech.com/products/wireless-rf/lora-connect/sx1280,Manufacturer datasheet and product-page claims for the bare radio IC. Not a project measurement. Numeric fields left as None were not confirmed against a freshly fetched datasheet in this session (network egress to manufacturer/distributor sites was blocked in the build environment); verify before relying on them.,,,,False,
scenario-000084,UWB_DS_TWR,LOCAL_RADIO,scenario-000084,UWB_DS_TWR,8,1,1.0,20.0,20.0,6.0,0.001,0.0002,Semtech SX1280,,,,,,,0.15,,,,,,,0.1,0.5,,,,scheduled,100,0.014951126047920713,0.08499615763086027,-1.499040798573509,1.7573340156116977,1.7965829735536443,6.590425492095299,2.152599163356207,2.2055074413415667,7.0149070332263985,2.1525472403438073,2.203869035809754,6.85286782077557,2.7743207115762174,3.0818738182954326,2.623194833134631,3.231587682752641,4.5196058619686195,4.937931482023434,5.54182931215627,7.1853397342491885,2.623194833134631,4.937931482023434,6.590425492095299,7.0149070332263985,6.620615289066205,7.917790586675391,9.620783844083244,9.855743185989523,10.813094872346607,11.066825827083735,7.335160062408025,7.662040649637932,2.214112412583961,7.495302927499917,8.416025099830103,8.805375751083623,9.902814507080123,10.864421763985797,11.358154058424855,11.98611482352039,7.495302927499917,10.864421763985797,128.65239893356883,100,100,0,1.0,0.0,0.0,,,1.0,0,,0.1:0.0|0.25:0.0|0.5:0.0|1.0:0.0|2.0:0.01,,,DS_TWR,8,1,1.0,24,0.001,0.0002,scheduled,24.0,0.028800000000000003,0.028800000000000003,False,,,1.0,1.0,1.0,34,,scenario-000084-default-path,STRAIGHT_LINE,5,17.06575518399347,16.97056274847714,1.7999999999999998,5.0,3.413151036798694,3.413151036798694,0.35999999999999993,3.0818738182954326,7.0149070332263985,7.662040649637932,10.864421763985797,7.426220899883739,1.8862953275757315,0,0,0.028800000000000003,1.0,3,True,,True,8,2.631309345862642,True,1.643308650411101,1.70772666872389,3.5229575121524124,HARDWARE_CALIBRATED_MODEL,Bootstrap resample of Stuart Robinson SX1280 short-range errors,https://stuartsprojects.github.io/2019/04/26/Semtech-SX1280-2-4Ghz-LoRa-ranging-tranceivers.html,"Resampling model built from Stuart Robinson's six published short-range SX1280 ranging observations (0-250 m, one hardware/environment configuration). The model draws errors with replacement from those six values; it does not condition on range, bandwidth, spreading factor, center frequency, LOS/NLOS state, temperature, oscillator, orientation or hardware, because six unrepeated points cannot support fitting any of those dependencies. Treat this as a rough, small-sample stand-in for a real conditional error model, not a validated one. It must not be used to claim SX1280 accuracy at ranges outside 0-250 m.",,,,scenario-000084,True,True,False,max_3d_p95_m|max_horizontal_p95_m,,False,HARD_REQUIREMENT_FAILED,84,False,False,,,,,Semtech,SX1280/SX1281 family,SX1280,,SX1280,SX1280,True,True,2400-2483.5 MHz ISM,203.125|406.25|812.5|1625.0,,,"TCXO or crystal, per application design",,,,,,,Ranging distance offset calibration recommended per module/antenna combination; see Semtech ranging FAQ P40.,,,OFFICIAL_SPECIFICATION,Semtech SX1280 product page,https://www.semtech.com/products/wireless-rf/lora-connect/sx1280,Manufacturer datasheet and product-page claims for the bare radio IC. Not a project measurement. Numeric fields left as None were not confirmed against a freshly fetched datasheet in this session (network egress to manufacturer/distributor sites was blocked in the build environment); verify before relying on them.,,,,False,
scenario-000085,UWB_DS_TWR,LOCAL_RADIO,scenario-000085,UWB_DS_TWR,8,1,5.0,20.0,20.0,6.0,0.001,0.0002,Semtech SX1280,,,,,,,0.15,,,,,,,0.1,0.5,,,,scheduled,100,0.014951126047920713,0.08499615763086027,-1.499040798573509,1.7573340156116977,1.7965829735536443,6.590425492095299,2.152599163356207,2.2055074413415667,7.0149070332263985,2.1525472403438073,2.203869035809754,6.85286782077557,2.7743207115762174,3.0818738182954326,2.623194833134631,3.231587682752641,4.5196058619686195,4.937931482023434,5.54182931215627,7.1853397342491885,2.623194833134631,4.937931482023434,6.590425492095299,7.0149070332263985,6.620615289066205,7.917790586675391,9.620783844083244,9.855743185989523,10.813094872346607,11.066825827083735,7.335160062408025,7.662040649637932,2.214112412583961,7.495302927499917,8.416025099830103,8.805375751083623,9.902814507080123,10.864421763985797,11.358154058424855,11.98611482352039,7.495302927499917,10.864421763985797,128.65239893356883,100,100,0,1.0,0.0,0.0,,,1.0,0,,0.1:0.0|0.25:0.0|0.5:0.0|1.0:0.0|2.0:0.01,,,DS_TWR,8,1,5.0,24,0.001,0.0002,scheduled,120.0,0.14400000000000002,0.14400000000000002,False,,,5.0,5.0,5.0,6,,scenario-000085-default-path,STRAIGHT_LINE,5,17.06575518399347,16.97056274847714,1.7999999999999998,5.0,3.413151036798694,3.413151036798694,0.35999999999999993,3.0818738182954326,7.0149070332263985,7.662040649637932,10.864421763985797,7.426220899883739,1.8862953275757315,0,0,0.028800000000000003,1.0,3,True,,True,8,2.631309345862642,True,1.643308650411101,1.70772666872389,3.5229575121524124,HARDWARE_CALIBRATED_MODEL,Bootstrap resample of Stuart Robinson SX1280 short-range errors,https://stuartsprojects.github.io/2019/04/26/Semtech-SX1280-2-4Ghz-LoRa-ranging-tranceivers.html,"Resampling model built from Stuart Robinson's six published short-range SX1280 ranging observations (0-250 m, one hardware/environment configuration). The model draws errors with replacement from those six values; it does not condition on range, bandwidth, spreading factor, center frequency, LOS/NLOS state, temperature, oscillator, orientation or hardware, because six unrepeated points cannot support fitting any of those dependencies. Treat this as a rough, small-sample stand-in for a real conditional error model, not a validated one. It must not be used to claim SX1280 accuracy at ranges outside 0-250 m.",,,,scenario-000085,True,True,False,max_3d_p95_m|max_horizontal_p95_m,,False,HARD_REQUIREMENT_FAILED,85,False,False,,,,,Semtech,SX1280/SX1281 family,SX1280,,SX1280,SX1280,True,True,2400-2483.5 MHz ISM,203.125|406.25|812.5|1625.0,,,"TCXO or crystal, per application design",,,,,,,Ranging distance offset calibration recommended per module/antenna combination; see Semtech ranging FAQ P40.,,,OFFICIAL_SPECIFICATION,Semtech SX1280 product page,https://www.semtech.com/products/wireless-rf/lora-connect/sx1280,Manufacturer datasheet and product-page claims for the bare radio IC. Not a project measurement. Numeric fields left as None were not confirmed against a freshly fetched datasheet in this session (network egress to manufacturer/distributor sites was blocked in the build environment); verify before relying on them.,,,,False,
scenario-000086,UWB_DS_TWR,LOCAL_RADIO,scenario-000086,UWB_DS_TWR,8,10,1.0,20.0,20.0,6.0,0.001,0.0002,Semtech SX1280,,,,,,,0.15,,,,,,,0.1,0.5,,,,scheduled,100,0.014951126047920713,0.08499615763086027,-1.499040798573509,1.7573340156116977,1.7965829735536443,6.590425492095299,2.152599163356207,2.2055074413415667,7.0149070332263985,2.1525472403438073,2.203869035809754,6.85286782077557,2.7743207115762174,3.0818738182954326,2.623194833134631,3.231587682752641,4.5196058619686195,4.937931482023434,5.54182931215627,7.1853397342491885,2.623194833134631,4.937931482023434,6.590425492095299,7.0149070332263985,6.620615289066205,7.917790586675391,9.620783844083244,9.855743185989523,10.813094872346607,11.066825827083735,7.335160062408025,7.662040649637932,2.214112412583961,7.495302927499917,8.416025099830103,8.805375751083623,9.902814507080123,10.864421763985797,11.358154058424855,11.98611482352039,7.495302927499917,10.864421763985797,128.65239893356883,100,100,0,1.0,0.0,0.0,,,1.0,0,,0.1:0.0|0.25:0.0|0.5:0.0|1.0:0.0|2.0:0.01,,,DS_TWR,8,10,1.0,24,0.001,0.0002,scheduled,240.0,0.28800000000000003,0.28800000000000003,False,,,10.0,10.0,1.0,34,,scenario-000086-default-path,STRAIGHT_LINE,5,17.06575518399347,16.97056274847714,1.7999999999999998,5.0,3.413151036798694,3.413151036798694,0.35999999999999993,3.0818738182954326,7.0149070332263985,7.662040649637932,10.864421763985797,7.426220899883739,1.8862953275757315,0,0,0.028800000000000003,1.0,3,True,,True,8,2.631309345862642,True,1.643308650411101,1.70772666872389,3.5229575121524124,HARDWARE_CALIBRATED_MODEL,Bootstrap resample of Stuart Robinson SX1280 short-range errors,https://stuartsprojects.github.io/2019/04/26/Semtech-SX1280-2-4Ghz-LoRa-ranging-tranceivers.html,"Resampling model built from Stuart Robinson's six published short-range SX1280 ranging observations (0-250 m, one hardware/environment configuration). The model draws errors with replacement from those six values; it does not condition on range, bandwidth, spreading factor, center frequency, LOS/NLOS state, temperature, oscillator, orientation or hardware, because six unrepeated points cannot support fitting any of those dependencies. Treat this as a rough, small-sample stand-in for a real conditional error model, not a validated one. It must not be used to claim SX1280 accuracy at ranges outside 0-250 m.",,,,scenario-000086,True,True,False,max_3d_p95_m|max_horizontal_p95_m,,False,HARD_REQUIREMENT_FAILED,86,False,False,,,,,Semtech,SX1280/SX1281 family,SX1280,,SX1280,SX1280,True,True,2400-2483.5 MHz ISM,203.125|406.25|812.5|1625.0,,,"TCXO or crystal, per application design",,,,,,,Ranging distance offset calibration recommended per module/antenna combination; see Semtech ranging FAQ P40.,,,OFFICIAL_SPECIFICATION,Semtech SX1280 product page,https://www.semtech.com/products/wireless-rf/lora-connect/sx1280,Manufacturer datasheet and product-page claims for the bare radio IC. Not a project measurement. Numeric fields left as None were not confirmed against a freshly fetched datasheet in this session (network egress to manufacturer/distributor sites was blocked in the build environment); verify before relying on them.,,,,False,
scenario-000087,UWB_DS_TWR,LOCAL_RADIO,scenario-000087,UWB_DS_TWR,8,10,5.0,20.0,20.0,6.0,0.001,0.0002,Semtech SX1280,,,,,,,0.15,,,,,,,0.1,0.5,,,,scheduled,100,0.014951126047920713,0.08499615763086027,-1.499040798573509,1.7573340156116977,1.7965829735536443,6.590425492095299,2.152599163356207,2.2055074413415667,7.0149070332263985,2.1525472403438073,2.203869035809754,6.85286782077557,2.7743207115762174,3.0818738182954326,2.623194833134631,3.231587682752641,4.5196058619686195,4.937931482023434,5.54182931215627,7.1853397342491885,2.623194833134631,4.937931482023434,6.590425492095299,7.0149070332263985,6.620615289066205,7.917790586675391,9.620783844083244,9.855743185989523,10.813094872346607,11.066825827083735,7.335160062408025,7.662040649637932,2.214112412583961,7.495302927499917,8.416025099830103,8.805375751083623,9.902814507080123,10.864421763985797,11.358154058424855,11.98611482352039,7.495302927499917,10.864421763985797,128.65239893356883,100,100,0,1.0,0.0,0.0,,,1.0,0,,0.1:0.0|0.25:0.0|0.5:0.0|1.0:0.0|2.0:0.01,,,DS_TWR,8,10,5.0,24,0.001,0.0002,scheduled,1200.0,1.4400000000000002,1.4400000000000002,True,,,50.0,34.72222222222222,3.4722222222222223,6,,scenario-000087-default-path,STRAIGHT_LINE,5,17.06575518399347,16.97056274847714,1.7999999999999998,5.0,3.413151036798694,3.413151036798694,0.35999999999999993,3.0818738182954326,7.0149070332263985,7.662040649637932,10.864421763985797,7.426220899883739,1.8862953275757315,0,0,0.028800000000000003,1.0,3,True,,True,8,2.631309345862642,True,1.643308650411101,1.70772666872389,3.5229575121524124,HARDWARE_CALIBRATED_MODEL,Bootstrap resample of Stuart Robinson SX1280 short-range errors,https://stuartsprojects.github.io/2019/04/26/Semtech-SX1280-2-4Ghz-LoRa-ranging-tranceivers.html,"Resampling model built from Stuart Robinson's six published short-range SX1280 ranging observations (0-250 m, one hardware/environment configuration). The model draws errors with replacement from those six values; it does not condition on range, bandwidth, spreading factor, center frequency, LOS/NLOS state, temperature, oscillator, orientation or hardware, because six unrepeated points cannot support fitting any of those dependencies. Treat this as a rough, small-sample stand-in for a real conditional error model, not a validated one. It must not be used to claim SX1280 accuracy at ranges outside 0-250 m.",,,,scenario-000087,True,True,True,,,False,OVERLOADED,87,False,False,,,,,Semtech,SX1280/SX1281 family,SX1280,,SX1280,SX1280,True,True,2400-2483.5 MHz ISM,203.125|406.25|812.5|1625.0,,,"TCXO or crystal, per application design",,,,,,,Ranging distance offset calibration recommended per module/antenna combination; see Semtech ranging FAQ P40.,,,OFFICIAL_SPECIFICATION,Semtech SX1280 product page,https://www.semtech.com/products/wireless-rf/lora-connect/sx1280,Manufacturer datasheet and product-page claims for the bare radio IC. Not a project measurement. Numeric fields left as None were not confirmed against a freshly fetched datasheet in this session (network egress to manufacturer/distributor sites was blocked in the build environment); verify before relying on them.,,,,False,
scenario-000088,TDOA,LOCAL_RADIO,scenario-000088,TDOA,8,1,1.0,20.0,20.0,6.0,0.001,0.0002,Semtech SX1280,,,,,,,0.15,,,,,,,0.1,0.5,,,,scheduled,100,701.785122874223,528.6162732336179,826.3513933038134,703.9202368402485,530.2282510204021,829.1001967835666,4803.100200481379,3861.0795857916005,5065.147991654501,4751.554395897902,3824.722264882673,4997.286018645169,888.0308416170487,6162.605545033765,2.461680916221094,3.359013774423981,5.210108727504139,8.556053569572514,19825.03293209255,57273.073386530436,2.461680916221094,8.556053569572514,829.1001967835666,5065.147991654501,2.768507547898288,5.125392662139405,8.932955347715957,31.263313278941098,34004.011692940316,35067.74565172596,1247.376455667499,7977.056554960767,7878.926529603441,4.272922753113653,5.731094955206343,6.6173575957601996,10.467139466712503,32.412989798642855,39442.659805964126,67156.17410360007,4.272922753113653,32.412989798642855,11147941420.81815,100,100,0,1.0,0.0,0.0,,,1.0,0,,0.1:0.0|0.25:0.0|0.5:0.01|1.0:0.04|2.0:0.16,,,TDOA,8,1,1.0,1,0.001,0.0002,scheduled,1.0,0.0012000000000000001,0.0012000000000000001,False,,,1.0,1.0,1.0,833,,scenario-000088-default-path,STRAIGHT_LINE,5,17.06575518399347,16.97056274847714,1.7999999999999998,5.0,3.413151036798694,3.413151036798694,0.35999999999999993,6162.605545033765,5065.147991654501,7977.056554960767,32.412989798642855,4547.897990451741,6553.629158678995,0,0,0.0012000000000000001,1.0,3,True,,True,8,4.418356608936134,,1.7617145494418167,1.7104584226408133,3.678142381596337,HARDWARE_CALIBRATED_MODEL,Bootstrap resample of Stuart Robinson SX1280 short-range errors,https://stuartsprojects.github.io/2019/04/26/Semtech-SX1280-2-4Ghz-LoRa-ranging-tranceivers.html,"Resampling model built from Stuart Robinson's six published short-range SX1280 ranging observations (0-250 m, one hardware/environment configuration). The model draws errors with replacement from those six values; it does not condition on range, bandwidth, spreading factor, center frequency, LOS/NLOS state, temperature, oscillator, orientation or hardware, because six unrepeated points cannot support fitting any of those dependencies. Treat this as a rough, small-sample stand-in for a real conditional error model, not a validated one. It must not be used to claim SX1280 accuracy at ranges outside 0-250 m.",,,,scenario-000088,True,True,False,max_3d_p95_m|max_horizontal_p95_m,,False,HARD_REQUIREMENT_FAILED,88,False,False,,,,,Semtech,SX1280/SX1281 family,SX1280,,SX1280,SX1280,True,True,2400-2483.5 MHz ISM,203.125|406.25|812.5|1625.0,,,"TCXO or crystal, per application design",,,,,,,Ranging distance offset calibration recommended per module/antenna combination; see Semtech ranging FAQ P40.,,,OFFICIAL_SPECIFICATION,Semtech SX1280 product page,https://www.semtech.com/products/wireless-rf/lora-connect/sx1280,Manufacturer datasheet and product-page claims for the bare radio IC. Not a project measurement. Numeric fields left as None were not confirmed against a freshly fetched datasheet in this session (network egress to manufacturer/distributor sites was blocked in the build environment); verify before relying on them.,,,,False,
scenario-000089,TDOA,LOCAL_RADIO,scenario-000089,TDOA,8,1,5.0,20.0,20.0,6.0,0.001,0.0002,Semtech SX1280,,,,,,,0.15,,,,,,,0.1,0.5,,,,scheduled,100,701.785122874223,528.6162732336179,826.3513933038134,703.9202368402485,530.2282510204021,829.1001967835666,4803.100200481379,3861.0795857916005,5065.147991654501,4751.554395897902,3824.722264882673,4997.286018645169,888.0308416170487,6162.605545033765,2.461680916221094,3.359013774423981,5.210108727504139,8.556053569572514,19825.03293209255,57273.073386530436,2.461680916221094,8.556053569572514,829.1001967835666,5065.147991654501,2.768507547898288,5.125392662139405,8.932955347715957,31.263313278941098,34004.011692940316,35067.74565172596,1247.376455667499,7977.056554960767,7878.926529603441,4.272922753113653,5.731094955206343,6.6173575957601996,10.467139466712503,32.412989798642855,39442.659805964126,67156.17410360007,4.272922753113653,32.412989798642855,11147941420.81815,100,100,0,1.0,0.0,0.0,,,1.0,0,,0.1:0.0|0.25:0.0|0.5:0.01|1.0:0.04|2.0:0.16,,,TDOA,8,1,5.0,1,0.001,0.0002,scheduled,5.0,0.006,0.006,False,,,5.0,5.0,5.0,166,,scenario-000089-default-path,STRAIGHT_LINE,5,17.06575518399347,16.97056274847714,1.7999999999999998,5.0,3.413151036798694,3.413151036798694,0.35999999999999993,6162.605545033765,5065.147991654501,7977.056554960767,32.412989798642855,4547.897990451741,6553.629158678995,0,0,0.0012000000000000001,1.0,3,True,,True,8,4.418356608936134,,1.7617145494418167,1.7104584226408133,3.678142381596337,HARDWARE_CALIBRATED_MODEL,Bootstrap resample of Stuart Robinson SX1280 short-range errors,https://stuartsprojects.github.io/2019/04/26/Semtech-SX1280-2-4Ghz-LoRa-ranging-tranceivers.html,"Resampling model built from Stuart Robinson's six published short-range SX1280 ranging observations (0-250 m, one hardware/environment configuration). The model draws errors with replacement from those six values; it does not condition on range, bandwidth, spreading factor, center frequency, LOS/NLOS state, temperature, oscillator, orientation or hardware, because six unrepeated points cannot support fitting any of those dependencies. Treat this as a rough, small-sample stand-in for a real conditional error model, not a validated one. It must not be used to claim SX1280 accuracy at ranges outside 0-250 m.",,,,scenario-000089,True,True,False,max_3d_p95_m|max_horizontal_p95_m,,False,HARD_REQUIREMENT_FAILED,89,False,False,,,,,Semtech,SX1280/SX1281 family,SX1280,,SX1280,SX1280,True,True,2400-2483.5 MHz ISM,203.125|406.25|812.5|1625.0,,,"TCXO or crystal, per application design",,,,,,,Ranging distance offset calibration recommended per module/antenna combination; see Semtech ranging FAQ P40.,,,OFFICIAL_SPECIFICATION,Semtech SX1280 product page,https://www.semtech.com/products/wireless-rf/lora-connect/sx1280,Manufacturer datasheet and product-page claims for the bare radio IC. Not a project measurement. Numeric fields left as None were not confirmed against a freshly fetched datasheet in this session (network egress to manufacturer/distributor sites was blocked in the build environment); verify before relying on them.,,,,False,
scenario-000090,TDOA,LOCAL_RADIO,scenario-000090,TDOA,8,10,1.0,20.0,20.0,6.0,0.001,0.0002,Semtech SX1280,,,,,,,0.15,,,,,,,0.1,0.5,,,,scheduled,100,701.785122874223,528.6162732336179,826.3513933038134,703.9202368402485,530.2282510204021,829.1001967835666,4803.100200481379,3861.0795857916005,5065.147991654501,4751.554395897902,3824.722264882673,4997.286018645169,888.0308416170487,6162.605545033765,2.461680916221094,3.359013774423981,5.210108727504139,8.556053569572514,19825.03293209255,57273.073386530436,2.461680916221094,8.556053569572514,829.1001967835666,5065.147991654501,2.768507547898288,5.125392662139405,8.932955347715957,31.263313278941098,34004.011692940316,35067.74565172596,1247.376455667499,7977.056554960767,7878.926529603441,4.272922753113653,5.731094955206343,6.6173575957601996,10.467139466712503,32.412989798642855,39442.659805964126,67156.17410360007,4.272922753113653,32.412989798642855,11147941420.81815,100,100,0,1.0,0.0,0.0,,,1.0,0,,0.1:0.0|0.25:0.0|0.5:0.01|1.0:0.04|2.0:0.16,,,TDOA,8,10,1.0,1,0.001,0.0002,scheduled,10.0,0.012,0.012,False,,,10.0,10.0,1.0,833,,scenario-000090-default-path,STRAIGHT_LINE,5,17.06575518399347,16.97056274847714,1.7999999999999998,5.0,3.413151036798694,3.413151036798694,0.35999999999999993,6162.605545033765,5065.147991654501,7977.056554960767,32.412989798642855,4547.897990451741,6553.629158678995,0,0,0.0012000000000000001,1.0,3,True,,True,8,4.418356608936134,,1.7617145494418167,1.7104584226408133,3.678142381596337,HARDWARE_CALIBRATED_MODEL,Bootstrap resample of Stuart Robinson SX1280 short-range errors,https://stuartsprojects.github.io/2019/04/26/Semtech-SX1280-2-4Ghz-LoRa-ranging-tranceivers.html,"Resampling model built from Stuart Robinson's six published short-range SX1280 ranging observations (0-250 m, one hardware/environment configuration). The model draws errors with replacement from those six values; it does not condition on range, bandwidth, spreading factor, center frequency, LOS/NLOS state, temperature, oscillator, orientation or hardware, because six unrepeated points cannot support fitting any of those dependencies. Treat this as a rough, small-sample stand-in for a real conditional error model, not a validated one. It must not be used to claim SX1280 accuracy at ranges outside 0-250 m.",,,,scenario-000090,True,True,False,max_3d_p95_m|max_horizontal_p95_m,,False,HARD_REQUIREMENT_FAILED,90,False,False,,,,,Semtech,SX1280/SX1281 family,SX1280,,SX1280,SX1280,True,True,2400-2483.5 MHz ISM,203.125|406.25|812.5|1625.0,,,"TCXO or crystal, per application design",,,,,,,Ranging distance offset calibration recommended per module/antenna combination; see Semtech ranging FAQ P40.,,,OFFICIAL_SPECIFICATION,Semtech SX1280 product page,https://www.semtech.com/products/wireless-rf/lora-connect/sx1280,Manufacturer datasheet and product-page claims for the bare radio IC. Not a project measurement. Numeric fields left as None were not confirmed against a freshly fetched datasheet in this session (network egress to manufacturer/distributor sites was blocked in the build environment); verify before relying on them.,,,,False,
scenario-000091,TDOA,LOCAL_RADIO,scenario-000091,TDOA,8,10,5.0,20.0,20.0,6.0,0.001,0.0002,Semtech SX1280,,,,,,,0.15,,,,,,,0.1,0.5,,,,scheduled,100,701.785122874223,528.6162732336179,826.3513933038134,703.9202368402485,530.2282510204021,829.1001967835666,4803.100200481379,3861.0795857916005,5065.147991654501,4751.554395897902,3824.722264882673,4997.286018645169,888.0308416170487,6162.605545033765,2.461680916221094,3.359013774423981,5.210108727504139,8.556053569572514,19825.03293209255,57273.073386530436,2.461680916221094,8.556053569572514,829.1001967835666,5065.147991654501,2.768507547898288,5.125392662139405,8.932955347715957,31.263313278941098,34004.011692940316,35067.74565172596,1247.376455667499,7977.056554960767,7878.926529603441,4.272922753113653,5.731094955206343,6.6173575957601996,10.467139466712503,32.412989798642855,39442.659805964126,67156.17410360007,4.272922753113653,32.412989798642855,11147941420.81815,100,100,0,1.0,0.0,0.0,,,1.0,0,,0.1:0.0|0.25:0.0|0.5:0.01|1.0:0.04|2.0:0.16,,,TDOA,8,10,5.0,1,0.001,0.0002,scheduled,50.0,0.060000000000000005,0.060000000000000005,False,,,50.0,50.0,5.0,166,,scenario-000091-default-path,STRAIGHT_LINE,5,17.06575518399347,16.97056274847714,1.7999999999999998,5.0,3.413151036798694,3.413151036798694,0.35999999999999993,6162.605545033765,5065.147991654501,7977.056554960767,32.412989798642855,4547.897990451741,6553.629158678995,0,0,0.0012000000000000001,1.0,3,True,,True,8,4.418356608936134,,1.7617145494418167,1.7104584226408133,3.678142381596337,HARDWARE_CALIBRATED_MODEL,Bootstrap resample of Stuart Robinson SX1280 short-range errors,https://stuartsprojects.github.io/2019/04/26/Semtech-SX1280-2-4Ghz-LoRa-ranging-tranceivers.html,"Resampling model built from Stuart Robinson's six published short-range SX1280 ranging observations (0-250 m, one hardware/environment configuration). The model draws errors with replacement from those six values; it does not condition on range, bandwidth, spreading factor, center frequency, LOS/NLOS state, temperature, oscillator, orientation or hardware, because six unrepeated points cannot support fitting any of those dependencies. Treat this as a rough, small-sample stand-in for a real conditional error model, not a validated one. It must not be used to claim SX1280 accuracy at ranges outside 0-250 m.",,,,scenario-000091,True,True,False,max_3d_p95_m|max_horizontal_p95_m,,False,HARD_REQUIREMENT_FAILED,91,False,False,,,,,Semtech,SX1280/SX1281 family,SX1280,,SX1280,SX1280,True,True,2400-2483.5 MHz ISM,203.125|406.25|812.5|1625.0,,,"TCXO or crystal, per application design",,,,,,,Ranging distance offset calibration recommended per module/antenna combination; see Semtech ranging FAQ P40.,,,OFFICIAL_SPECIFICATION,Semtech SX1280 product page,https://www.semtech.com/products/wireless-rf/lora-connect/sx1280,Manufacturer datasheet and product-page claims for the bare radio IC. Not a project measurement. Numeric fields left as None were not confirmed against a freshly fetched datasheet in this session (network egress to manufacturer/distributor sites was blocked in the build environment); verify before relying on them.,,,,False,
scenario-000092,SX1280_RANGING,LOCAL_RADIO,scenario-000092,SX1280_RANGING,8,1,1.0,20.0,20.0,6.0,0.001,0.0002,Semtech SX1280,,,,,,,0.15,,,,,,,0.1,0.5,,,,scheduled,100,0.014951126047920713,0.08499615763086027,-1.499040798573509,1.7573340156116977,1.7965829735536443,6.590425492095299,2.152599163356207,2.2055074413415667,7.0149070332263985,2.1525472403438073,2.203869035809754,6.85286782077557,2.7743207115762174,3.0818738182954326,2.623194833134631,3.231587682752641,4.5196058619686195,4.937931482023434,5.54182931215627,7.1853397342491885,2.623194833134631,4.937931482023434,6.590425492095299,7.0149070332263985,6.620615289066205,7.917790586675391,9.620783844083244,9.855743185989523,10.813094872346607,11.066825827083735,7.335160062408025,7.662040649637932,2.214112412583961,7.495302927499917,8.416025099830103,8.805375751083623,9.902814507080123,10.864421763985797,11.358154058424855,11.98611482352039,7.495302927499917,10.864421763985797,128.65239893356883,100,100,0,1.0,0.0,0.0,,,1.0,0,,0.1:0.0|0.25:0.0|0.5:0.0|1.0:0.0|2.0:0.01,,,SS_TWR,8,1,1.0,16,0.001,0.0002,scheduled,16.0,0.019200000000000002,0.019200000000000002,False,,,1.0,1.0,1.0,52,,scenario-000092-default-path,STRAIGHT_LINE,5,17.06575518399347,16.97056274847714,1.7999999999999998,5.0,3.413151036798694,3.413151036798694,0.35999999999999993,3.0818738182954326,7.0149070332263985,7.662040649637932,10.864421763985797,7.426220899883739,1.8862953275757315,0,0,0.019200000000000002,1.0,3,True,,True,8,2.631309345862642,True,1.643308650411101,1.70772666872389,3.5229575121524124,HARDWARE_CALIBRATED_MODEL,Bootstrap resample of Stuart Robinson SX1280 short-range errors,https://stuartsprojects.github.io/2019/04/26/Semtech-SX1280-2-4Ghz-LoRa-ranging-tranceivers.html,"Resampling model built from Stuart Robinson's six published short-range SX1280 ranging observations (0-250 m, one hardware/environment configuration). The model draws errors with replacement from those six values; it does not condition on range, bandwidth, spreading factor, center frequency, LOS/NLOS state, temperature, oscillator, orientation or hardware, because six unrepeated points cannot support fitting any of those dependencies. Treat this as a rough, small-sample stand-in for a real conditional error model, not a validated one. It must not be used to claim SX1280 accuracy at ranges outside 0-250 m.",,,,scenario-000092,True,True,False,max_3d_p95_m|max_horizontal_p95_m,,False,HARD_REQUIREMENT_FAILED,92,False,False,,,,,Semtech,SX1280/SX1281 family,SX1280,,SX1280,SX1280,True,True,2400-2483.5 MHz ISM,203.125|406.25|812.5|1625.0,,,"TCXO or crystal, per application design",,,,,,,Ranging distance offset calibration recommended per module/antenna combination; see Semtech ranging FAQ P40.,,,OFFICIAL_SPECIFICATION,Semtech SX1280 product page,https://www.semtech.com/products/wireless-rf/lora-connect/sx1280,Manufacturer datasheet and product-page claims for the bare radio IC. Not a project measurement. Numeric fields left as None were not confirmed against a freshly fetched datasheet in this session (network egress to manufacturer/distributor sites was blocked in the build environment); verify before relying on them.,,,,False,
scenario-000093,SX1280_RANGING,LOCAL_RADIO,scenario-000093,SX1280_RANGING,8,1,5.0,20.0,20.0,6.0,0.001,0.0002,Semtech SX1280,,,,,,,0.15,,,,,,,0.1,0.5,,,,scheduled,100,0.014951126047920713,0.08499615763086027,-1.499040798573509,1.7573340156116977,1.7965829735536443,6.590425492095299,2.152599163356207,2.2055074413415667,7.0149070332263985,2.1525472403438073,2.203869035809754,6.85286782077557,2.7743207115762174,3.0818738182954326,2.623194833134631,3.231587682752641,4.5196058619686195,4.937931482023434,5.54182931215627,7.1853397342491885,2.623194833134631,4.937931482023434,6.590425492095299,7.0149070332263985,6.620615289066205,7.917790586675391,9.620783844083244,9.855743185989523,10.813094872346607,11.066825827083735,7.335160062408025,7.662040649637932,2.214112412583961,7.495302927499917,8.416025099830103,8.805375751083623,9.902814507080123,10.864421763985797,11.358154058424855,11.98611482352039,7.495302927499917,10.864421763985797,128.65239893356883,100,100,0,1.0,0.0,0.0,,,1.0,0,,0.1:0.0|0.25:0.0|0.5:0.0|1.0:0.0|2.0:0.01,,,SS_TWR,8,1,5.0,16,0.001,0.0002,scheduled,80.0,0.096,0.096,False,,,5.0,5.0,5.0,10,,scenario-000093-default-path,STRAIGHT_LINE,5,17.06575518399347,16.97056274847714,1.7999999999999998,5.0,3.413151036798694,3.413151036798694,0.35999999999999993,3.0818738182954326,7.0149070332263985,7.662040649637932,10.864421763985797,7.426220899883739,1.8862953275757315,0,0,0.019200000000000002,1.0,3,True,,True,8,2.631309345862642,True,1.643308650411101,1.70772666872389,3.5229575121524124,HARDWARE_CALIBRATED_MODEL,Bootstrap resample of Stuart Robinson SX1280 short-range errors,https://stuartsprojects.github.io/2019/04/26/Semtech-SX1280-2-4Ghz-LoRa-ranging-tranceivers.html,"Resampling model built from Stuart Robinson's six published short-range SX1280 ranging observations (0-250 m, one hardware/environment configuration). The model draws errors with replacement from those six values; it does not condition on range, bandwidth, spreading factor, center frequency, LOS/NLOS state, temperature, oscillator, orientation or hardware, because six unrepeated points cannot support fitting any of those dependencies. Treat this as a rough, small-sample stand-in for a real conditional error model, not a validated one. It must not be used to claim SX1280 accuracy at ranges outside 0-250 m.",,,,scenario-000093,True,True,False,max_3d_p95_m|max_horizontal_p95_m,,False,HARD_REQUIREMENT_FAILED,93,False,False,,,,,Semtech,SX1280/SX1281 family,SX1280,,SX1280,SX1280,True,True,2400-2483.5 MHz ISM,203.125|406.25|812.5|1625.0,,,"TCXO or crystal, per application design",,,,,,,Ranging distance offset calibration recommended per module/antenna combination; see Semtech ranging FAQ P40.,,,OFFICIAL_SPECIFICATION,Semtech SX1280 product page,https://www.semtech.com/products/wireless-rf/lora-connect/sx1280,Manufacturer datasheet and product-page claims for the bare radio IC. Not a project measurement. Numeric fields left as None were not confirmed against a freshly fetched datasheet in this session (network egress to manufacturer/distributor sites was blocked in the build environment); verify before relying on them.,,,,False,
scenario-000094,SX1280_RANGING,LOCAL_RADIO,scenario-000094,SX1280_RANGING,8,10,1.0,20.0,20.0,6.0,0.001,0.0002,Semtech SX1280,,,,,,,0.15,,,,,,,0.1,0.5,,,,scheduled,100,0.014951126047920713,0.08499615763086027,-1.499040798573509,1.7573340156116977,1.7965829735536443,6.590425492095299,2.152599163356207,2.2055074413415667,7.0149070332263985,2.1525472403438073,2.203869035809754,6.85286782077557,2.7743207115762174,3.0818738182954326,2.623194833134631,3.231587682752641,4.5196058619686195,4.937931482023434,5.54182931215627,7.1853397342491885,2.623194833134631,4.937931482023434,6.590425492095299,7.0149070332263985,6.620615289066205,7.917790586675391,9.620783844083244,9.855743185989523,10.813094872346607,11.066825827083735,7.335160062408025,7.662040649637932,2.214112412583961,7.495302927499917,8.416025099830103,8.805375751083623,9.902814507080123,10.864421763985797,11.358154058424855,11.98611482352039,7.495302927499917,10.864421763985797,128.65239893356883,100,100,0,1.0,0.0,0.0,,,1.0,0,,0.1:0.0|0.25:0.0|0.5:0.0|1.0:0.0|2.0:0.01,,,SS_TWR,8,10,1.0,16,0.001,0.0002,scheduled,160.0,0.192,0.192,False,,,10.0,10.0,1.0,52,,scenario-000094-default-path,STRAIGHT_LINE,5,17.06575518399347,16.97056274847714,1.7999999999999998,5.0,3.413151036798694,3.413151036798694,0.35999999999999993,3.0818738182954326,7.0149070332263985,7.662040649637932,10.864421763985797,7.426220899883739,1.8862953275757315,0,0,0.019200000000000002,1.0,3,True,,True,8,2.631309345862642,True,1.643308650411101,1.70772666872389,3.5229575121524124,HARDWARE_CALIBRATED_MODEL,Bootstrap resample of Stuart Robinson SX1280 short-range errors,https://stuartsprojects.github.io/2019/04/26/Semtech-SX1280-2-4Ghz-LoRa-ranging-tranceivers.html,"Resampling model built from Stuart Robinson's six published short-range SX1280 ranging observations (0-250 m, one hardware/environment configuration). The model draws errors with replacement from those six values; it does not condition on range, bandwidth, spreading factor, center frequency, LOS/NLOS state, temperature, oscillator, orientation or hardware, because six unrepeated points cannot support fitting any of those dependencies. Treat this as a rough, small-sample stand-in for a real conditional error model, not a validated one. It must not be used to claim SX1280 accuracy at ranges outside 0-250 m.",,,,scenario-000094,True,True,False,max_3d_p95_m|max_horizontal_p95_m,,False,HARD_REQUIREMENT_FAILED,94,False,False,,,,,Semtech,SX1280/SX1281 family,SX1280,,SX1280,SX1280,True,True,2400-2483.5 MHz ISM,203.125|406.25|812.5|1625.0,,,"TCXO or crystal, per application design",,,,,,,Ranging distance offset calibration recommended per module/antenna combination; see Semtech ranging FAQ P40.,,,OFFICIAL_SPECIFICATION,Semtech SX1280 product page,https://www.semtech.com/products/wireless-rf/lora-connect/sx1280,Manufacturer datasheet and product-page claims for the bare radio IC. Not a project measurement. Numeric fields left as None were not confirmed against a freshly fetched datasheet in this session (network egress to manufacturer/distributor sites was blocked in the build environment); verify before relying on them.,,,,False,
scenario-000095,SX1280_RANGING,LOCAL_RADIO,scenario-000095,SX1280_RANGING,8,10,5.0,20.0,20.0,6.0,0.001,0.0002,Semtech SX1280,,,,,,,0.15,,,,,,,0.1,0.5,,,,scheduled,100,0.014951126047920713,0.08499615763086027,-1.499040798573509,1.7573340156116977,1.7965829735536443,6.590425492095299,2.152599163356207,2.2055074413415667,7.0149070332263985,2.1525472403438073,2.203869035809754,6.85286782077557,2.7743207115762174,3.0818738182954326,2.623194833134631,3.231587682752641,4.5196058619686195,4.937931482023434,5.54182931215627,7.1853397342491885,2.623194833134631,4.937931482023434,6.590425492095299,7.0149070332263985,6.620615289066205,7.917790586675391,9.620783844083244,9.855743185989523,10.813094872346607,11.066825827083735,7.335160062408025,7.662040649637932,2.214112412583961,7.495302927499917,8.416025099830103,8.805375751083623,9.902814507080123,10.864421763985797,11.358154058424855,11.98611482352039,7.495302927499917,10.864421763985797,128.65239893356883,100,100,0,1.0,0.0,0.0,,,1.0,0,,0.1:0.0|0.25:0.0|0.5:0.0|1.0:0.0|2.0:0.01,,,SS_TWR,8,10,5.0,16,0.001,0.0002,scheduled,800.0,0.9600000000000001,0.9600000000000001,False,,,50.0,50.0,5.0,10,,scenario-000095-default-path,STRAIGHT_LINE,5,17.06575518399347,16.97056274847714,1.7999999999999998,5.0,3.413151036798694,3.413151036798694,0.35999999999999993,3.0818738182954326,7.0149070332263985,7.662040649637932,10.864421763985797,7.426220899883739,1.8862953275757315,0,0,0.019200000000000002,1.0,3,True,,True,8,2.631309345862642,True,1.643308650411101,1.70772666872389,3.5229575121524124,HARDWARE_CALIBRATED_MODEL,Bootstrap resample of Stuart Robinson SX1280 short-range errors,https://stuartsprojects.github.io/2019/04/26/Semtech-SX1280-2-4Ghz-LoRa-ranging-tranceivers.html,"Resampling model built from Stuart Robinson's six published short-range SX1280 ranging observations (0-250 m, one hardware/environment configuration). The model draws errors with replacement from those six values; it does not condition on range, bandwidth, spreading factor, center frequency, LOS/NLOS state, temperature, oscillator, orientation or hardware, because six unrepeated points cannot support fitting any of those dependencies. Treat this as a rough, small-sample stand-in for a real conditional error model, not a validated one. It must not be used to claim SX1280 accuracy at ranges outside 0-250 m.",,,,scenario-000095,True,True,False,max_3d_p95_m|max_horizontal_p95_m,,False,HARD_REQUIREMENT_FAILED,95,False,False,,,,,Semtech,SX1280/SX1281 family,SX1280,,SX1280,SX1280,True,True,2400-2483.5 MHz ISM,203.125|406.25|812.5|1625.0,,,"TCXO or crystal, per application design",,,,,,,Ranging distance offset calibration recommended per module/antenna combination; see Semtech ranging FAQ P40.,,,OFFICIAL_SPECIFICATION,Semtech SX1280 product page,https://www.semtech.com/products/wireless-rf/lora-connect/sx1280,Manufacturer datasheet and product-page claims for the bare radio IC. Not a project measurement. Numeric fields left as None were not confirmed against a freshly fetched datasheet in this session (network egress to manufacturer/distributor sites was blocked in the build environment); verify before relying on them.,,,,False,
