scenario_id,method,hardware_profile,environment,range_bin_lower_m,range_bin_upper_m,attempted_fixes,valid_fixes,measurement_bias_m,measurement_rmse_m,horizontal_rmse_m,vertical_rmse_m,error_3d_rmse_m,p50_m,p90_m,p95_m,p99_m,availability,dropout_rate,los_fraction,nlos_fraction,evidence_evidence_type,evidence_source_name,evidence_source_url,evidence_source_scope,evidence_retrieved_date,evidence_confidence,evidence_caveats
scenario-000000,UWB_SS_TWR,unspecified,20x20x6m,5,10,20,20,-0.06528300740665342,0.12924846477239565,0.21924585254997564,0.6279865871041588,0.6651585506051131,0.6256016317728607,0.8942018929844404,0.9354722977459233,1.2190585588352014,1.0,0.0,,,SIMULATED_MONTE_CARLO,Configured Gaussian/NLOS-bias range-error model,,"Synthetic model: N(0, 0.1500 m) range noise, plus a 0.500 m bias applied to a randomly selected 10% of attempts. Parameters come directly from this scenario's configuration, not from a measurement or a hardware-calibrated fit.",,,
scenario-000000,UWB_SS_TWR,unspecified,20x20x6m,10,20,60,60,0.0014851937276003202,0.14090302644744132,0.19361017432295927,0.6091658918317162,0.6391932285095775,0.4237490607221257,0.8990905096963271,1.2702016428557101,1.738966735266828,1.0,0.0,,,SIMULATED_MONTE_CARLO,Configured Gaussian/NLOS-bias range-error model,,"Synthetic model: N(0, 0.1500 m) range noise, plus a 0.500 m bias applied to a randomly selected 10% of attempts. Parameters come directly from this scenario's configuration, not from a measurement or a hardware-calibrated fit.",,,
scenario-000000,UWB_SS_TWR,unspecified,20x20x6m,20,30,20,20,0.08586763918045763,0.14409307957593082,0.19666760450411128,0.3003049303221512,0.3589724193265795,0.31642832281872035,0.5480385373243739,0.5534392722556002,0.5703930849193579,1.0,0.0,,,SIMULATED_MONTE_CARLO,Configured Gaussian/NLOS-bias range-error model,,"Synthetic model: N(0, 0.1500 m) range noise, plus a 0.500 m bias applied to a randomly selected 10% of attempts. Parameters come directly from this scenario's configuration, not from a measurement or a hardware-calibrated fit.",,,
scenario-000001,UWB_SS_TWR,unspecified,20x20x6m,5,10,20,20,-0.06528300740665342,0.12924846477239565,0.21924585254997564,0.6279865871041588,0.6651585506051131,0.6256016317728607,0.8942018929844404,0.9354722977459233,1.2190585588352014,1.0,0.0,,,SIMULATED_MONTE_CARLO,Configured Gaussian/NLOS-bias range-error model,,"Synthetic model: N(0, 0.1500 m) range noise, plus a 0.500 m bias applied to a randomly selected 10% of attempts. Parameters come directly from this scenario's configuration, not from a measurement or a hardware-calibrated fit.",,,
scenario-000001,UWB_SS_TWR,unspecified,20x20x6m,10,20,60,60,0.0014851937276003202,0.14090302644744132,0.19361017432295927,0.6091658918317162,0.6391932285095775,0.4237490607221257,0.8990905096963271,1.2702016428557101,1.738966735266828,1.0,0.0,,,SIMULATED_MONTE_CARLO,Configured Gaussian/NLOS-bias range-error model,,"Synthetic model: N(0, 0.1500 m) range noise, plus a 0.500 m bias applied to a randomly selected 10% of attempts. Parameters come directly from this scenario's configuration, not from a measurement or a hardware-calibrated fit.",,,
scenario-000001,UWB_SS_TWR,unspecified,20x20x6m,20,30,20,20,0.08586763918045763,0.14409307957593082,0.19666760450411128,0.3003049303221512,0.3589724193265795,0.31642832281872035,0.5480385373243739,0.5534392722556002,0.5703930849193579,1.0,0.0,,,SIMULATED_MONTE_CARLO,Configured Gaussian/NLOS-bias range-error model,,"Synthetic model: N(0, 0.1500 m) range noise, plus a 0.500 m bias applied to a randomly selected 10% of attempts. Parameters come directly from this scenario's configuration, not from a measurement or a hardware-calibrated fit.",,,
scenario-000002,UWB_SS_TWR,unspecified,20x20x6m,5,10,20,20,-0.06528300740665342,0.12924846477239565,0.21924585254997564,0.6279865871041588,0.6651585506051131,0.6256016317728607,0.8942018929844404,0.9354722977459233,1.2190585588352014,1.0,0.0,,,SIMULATED_MONTE_CARLO,Configured Gaussian/NLOS-bias range-error model,,"Synthetic model: N(0, 0.1500 m) range noise, plus a 0.500 m bias applied to a randomly selected 10% of attempts. Parameters come directly from this scenario's configuration, not from a measurement or a hardware-calibrated fit.",,,
scenario-000002,UWB_SS_TWR,unspecified,20x20x6m,10,20,60,60,0.0014851937276003202,0.14090302644744132,0.19361017432295927,0.6091658918317162,0.6391932285095775,0.4237490607221257,0.8990905096963271,1.2702016428557101,1.738966735266828,1.0,0.0,,,SIMULATED_MONTE_CARLO,Configured Gaussian/NLOS-bias range-error model,,"Synthetic model: N(0, 0.1500 m) range noise, plus a 0.500 m bias applied to a randomly selected 10% of attempts. Parameters come directly from this scenario's configuration, not from a measurement or a hardware-calibrated fit.",,,
scenario-000002,UWB_SS_TWR,unspecified,20x20x6m,20,30,20,20,0.08586763918045763,0.14409307957593082,0.19666760450411128,0.3003049303221512,0.3589724193265795,0.31642832281872035,0.5480385373243739,0.5534392722556002,0.5703930849193579,1.0,0.0,,,SIMULATED_MONTE_CARLO,Configured Gaussian/NLOS-bias range-error model,,"Synthetic model: N(0, 0.1500 m) range noise, plus a 0.500 m bias applied to a randomly selected 10% of attempts. Parameters come directly from this scenario's configuration, not from a measurement or a hardware-calibrated fit.",,,
scenario-000003,UWB_SS_TWR,unspecified,20x20x6m,5,10,20,20,-0.06528300740665342,0.12924846477239565,0.21924585254997564,0.6279865871041588,0.6651585506051131,0.6256016317728607,0.8942018929844404,0.9354722977459233,1.2190585588352014,1.0,0.0,,,SIMULATED_MONTE_CARLO,Configured Gaussian/NLOS-bias range-error model,,"Synthetic model: N(0, 0.1500 m) range noise, plus a 0.500 m bias applied to a randomly selected 10% of attempts. Parameters come directly from this scenario's configuration, not from a measurement or a hardware-calibrated fit.",,,
scenario-000003,UWB_SS_TWR,unspecified,20x20x6m,10,20,60,60,0.0014851937276003202,0.14090302644744132,0.19361017432295927,0.6091658918317162,0.6391932285095775,0.4237490607221257,0.8990905096963271,1.2702016428557101,1.738966735266828,1.0,0.0,,,SIMULATED_MONTE_CARLO,Configured Gaussian/NLOS-bias range-error model,,"Synthetic model: N(0, 0.1500 m) range noise, plus a 0.500 m bias applied to a randomly selected 10% of attempts. Parameters come directly from this scenario's configuration, not from a measurement or a hardware-calibrated fit.",,,
scenario-000003,UWB_SS_TWR,unspecified,20x20x6m,20,30,20,20,0.08586763918045763,0.14409307957593082,0.19666760450411128,0.3003049303221512,0.3589724193265795,0.31642832281872035,0.5480385373243739,0.5534392722556002,0.5703930849193579,1.0,0.0,,,SIMULATED_MONTE_CARLO,Configured Gaussian/NLOS-bias range-error model,,"Synthetic model: N(0, 0.1500 m) range noise, plus a 0.500 m bias applied to a randomly selected 10% of attempts. Parameters come directly from this scenario's configuration, not from a measurement or a hardware-calibrated fit.",,,
scenario-000004,UWB_DS_TWR,unspecified,20x20x6m,5,10,20,20,-0.06528300740665342,0.12924846477239565,0.21924585254997564,0.6279865871041588,0.6651585506051131,0.6256016317728607,0.8942018929844404,0.9354722977459233,1.2190585588352014,1.0,0.0,,,SIMULATED_MONTE_CARLO,Configured Gaussian/NLOS-bias range-error model,,"Synthetic model: N(0, 0.1500 m) range noise, plus a 0.500 m bias applied to a randomly selected 10% of attempts. Parameters come directly from this scenario's configuration, not from a measurement or a hardware-calibrated fit.",,,
scenario-000004,UWB_DS_TWR,unspecified,20x20x6m,10,20,60,60,0.0014851937276003202,0.14090302644744132,0.19361017432295927,0.6091658918317162,0.6391932285095775,0.4237490607221257,0.8990905096963271,1.2702016428557101,1.738966735266828,1.0,0.0,,,SIMULATED_MONTE_CARLO,Configured Gaussian/NLOS-bias range-error model,,"Synthetic model: N(0, 0.1500 m) range noise, plus a 0.500 m bias applied to a randomly selected 10% of attempts. Parameters come directly from this scenario's configuration, not from a measurement or a hardware-calibrated fit.",,,
scenario-000004,UWB_DS_TWR,unspecified,20x20x6m,20,30,20,20,0.08586763918045763,0.14409307957593082,0.19666760450411128,0.3003049303221512,0.3589724193265795,0.31642832281872035,0.5480385373243739,0.5534392722556002,0.5703930849193579,1.0,0.0,,,SIMULATED_MONTE_CARLO,Configured Gaussian/NLOS-bias range-error model,,"Synthetic model: N(0, 0.1500 m) range noise, plus a 0.500 m bias applied to a randomly selected 10% of attempts. Parameters come directly from this scenario's configuration, not from a measurement or a hardware-calibrated fit.",,,
scenario-000005,UWB_DS_TWR,unspecified,20x20x6m,5,10,20,20,-0.06528300740665342,0.12924846477239565,0.21924585254997564,0.6279865871041588,0.6651585506051131,0.6256016317728607,0.8942018929844404,0.9354722977459233,1.2190585588352014,1.0,0.0,,,SIMULATED_MONTE_CARLO,Configured Gaussian/NLOS-bias range-error model,,"Synthetic model: N(0, 0.1500 m) range noise, plus a 0.500 m bias applied to a randomly selected 10% of attempts. Parameters come directly from this scenario's configuration, not from a measurement or a hardware-calibrated fit.",,,
scenario-000005,UWB_DS_TWR,unspecified,20x20x6m,10,20,60,60,0.0014851937276003202,0.14090302644744132,0.19361017432295927,0.6091658918317162,0.6391932285095775,0.4237490607221257,0.8990905096963271,1.2702016428557101,1.738966735266828,1.0,0.0,,,SIMULATED_MONTE_CARLO,Configured Gaussian/NLOS-bias range-error model,,"Synthetic model: N(0, 0.1500 m) range noise, plus a 0.500 m bias applied to a randomly selected 10% of attempts. Parameters come directly from this scenario's configuration, not from a measurement or a hardware-calibrated fit.",,,
scenario-000005,UWB_DS_TWR,unspecified,20x20x6m,20,30,20,20,0.08586763918045763,0.14409307957593082,0.19666760450411128,0.3003049303221512,0.3589724193265795,0.31642832281872035,0.5480385373243739,0.5534392722556002,0.5703930849193579,1.0,0.0,,,SIMULATED_MONTE_CARLO,Configured Gaussian/NLOS-bias range-error model,,"Synthetic model: N(0, 0.1500 m) range noise, plus a 0.500 m bias applied to a randomly selected 10% of attempts. Parameters come directly from this scenario's configuration, not from a measurement or a hardware-calibrated fit.",,,
scenario-000006,UWB_DS_TWR,unspecified,20x20x6m,5,10,20,20,-0.06528300740665342,0.12924846477239565,0.21924585254997564,0.6279865871041588,0.6651585506051131,0.6256016317728607,0.8942018929844404,0.9354722977459233,1.2190585588352014,1.0,0.0,,,SIMULATED_MONTE_CARLO,Configured Gaussian/NLOS-bias range-error model,,"Synthetic model: N(0, 0.1500 m) range noise, plus a 0.500 m bias applied to a randomly selected 10% of attempts. Parameters come directly from this scenario's configuration, not from a measurement or a hardware-calibrated fit.",,,
scenario-000006,UWB_DS_TWR,unspecified,20x20x6m,10,20,60,60,0.0014851937276003202,0.14090302644744132,0.19361017432295927,0.6091658918317162,0.6391932285095775,0.4237490607221257,0.8990905096963271,1.2702016428557101,1.738966735266828,1.0,0.0,,,SIMULATED_MONTE_CARLO,Configured Gaussian/NLOS-bias range-error model,,"Synthetic model: N(0, 0.1500 m) range noise, plus a 0.500 m bias applied to a randomly selected 10% of attempts. Parameters come directly from this scenario's configuration, not from a measurement or a hardware-calibrated fit.",,,
scenario-000006,UWB_DS_TWR,unspecified,20x20x6m,20,30,20,20,0.08586763918045763,0.14409307957593082,0.19666760450411128,0.3003049303221512,0.3589724193265795,0.31642832281872035,0.5480385373243739,0.5534392722556002,0.5703930849193579,1.0,0.0,,,SIMULATED_MONTE_CARLO,Configured Gaussian/NLOS-bias range-error model,,"Synthetic model: N(0, 0.1500 m) range noise, plus a 0.500 m bias applied to a randomly selected 10% of attempts. Parameters come directly from this scenario's configuration, not from a measurement or a hardware-calibrated fit.",,,
scenario-000007,UWB_DS_TWR,unspecified,20x20x6m,5,10,20,20,-0.06528300740665342,0.12924846477239565,0.21924585254997564,0.6279865871041588,0.6651585506051131,0.6256016317728607,0.8942018929844404,0.9354722977459233,1.2190585588352014,1.0,0.0,,,SIMULATED_MONTE_CARLO,Configured Gaussian/NLOS-bias range-error model,,"Synthetic model: N(0, 0.1500 m) range noise, plus a 0.500 m bias applied to a randomly selected 10% of attempts. Parameters come directly from this scenario's configuration, not from a measurement or a hardware-calibrated fit.",,,
scenario-000007,UWB_DS_TWR,unspecified,20x20x6m,10,20,60,60,0.0014851937276003202,0.14090302644744132,0.19361017432295927,0.6091658918317162,0.6391932285095775,0.4237490607221257,0.8990905096963271,1.2702016428557101,1.738966735266828,1.0,0.0,,,SIMULATED_MONTE_CARLO,Configured Gaussian/NLOS-bias range-error model,,"Synthetic model: N(0, 0.1500 m) range noise, plus a 0.500 m bias applied to a randomly selected 10% of attempts. Parameters come directly from this scenario's configuration, not from a measurement or a hardware-calibrated fit.",,,
scenario-000007,UWB_DS_TWR,unspecified,20x20x6m,20,30,20,20,0.08586763918045763,0.14409307957593082,0.19666760450411128,0.3003049303221512,0.3589724193265795,0.31642832281872035,0.5480385373243739,0.5534392722556002,0.5703930849193579,1.0,0.0,,,SIMULATED_MONTE_CARLO,Configured Gaussian/NLOS-bias range-error model,,"Synthetic model: N(0, 0.1500 m) range noise, plus a 0.500 m bias applied to a randomly selected 10% of attempts. Parameters come directly from this scenario's configuration, not from a measurement or a hardware-calibrated fit.",,,
scenario-000008,TDOA,unspecified,20x20x6m,5,10,20,20,-0.42976303637624025,0.703349343276414,1.036210321881027,5.041272465754461,5.146664930335649,1.8555924291119192,8.044297583124653,11.000789254701292,11.447096104607935,1.0,0.0,,,SIMULATED_MONTE_CARLO,Configured Gaussian/NLOS-bias range-error model,,"Synthetic model: N(0, 0.1500 m) range noise, plus a 0.500 m bias applied to a randomly selected 10% of attempts. Parameters come directly from this scenario's configuration, not from a measurement or a hardware-calibrated fit.",,,
scenario-000008,TDOA,unspecified,20x20x6m,10,20,60,60,13.570264855278179,68.22250398624,174.23440551003162,19401.670884928753,19402.453214868357,11.977803669652456,17535.21368651153,45968.30592404743,78271.79070732555,1.0,0.0,,,SIMULATED_MONTE_CARLO,Configured Gaussian/NLOS-bias range-error model,,"Synthetic model: N(0, 0.1500 m) range noise, plus a 0.500 m bias applied to a randomly selected 10% of attempts. Parameters come directly from this scenario's configuration, not from a measurement or a hardware-calibrated fit.",,,
scenario-000008,TDOA,unspecified,20x20x6m,20,30,20,20,0.268557136988307,0.8446095489808073,1.2337358475800555,6.644924903607649,6.758485859731394,4.5263233467614805,9.648200764669234,10.438515815671613,13.847254302876756,1.0,0.0,,,SIMULATED_MONTE_CARLO,Configured Gaussian/NLOS-bias range-error model,,"Synthetic model: N(0, 0.1500 m) range noise, plus a 0.500 m bias applied to a randomly selected 10% of attempts. Parameters come directly from this scenario's configuration, not from a measurement or a hardware-calibrated fit.",,,
scenario-000009,TDOA,unspecified,20x20x6m,5,10,20,20,-0.42976303637624025,0.703349343276414,1.036210321881027,5.041272465754461,5.146664930335649,1.8555924291119192,8.044297583124653,11.000789254701292,11.447096104607935,1.0,0.0,,,SIMULATED_MONTE_CARLO,Configured Gaussian/NLOS-bias range-error model,,"Synthetic model: N(0, 0.1500 m) range noise, plus a 0.500 m bias applied to a randomly selected 10% of attempts. Parameters come directly from this scenario's configuration, not from a measurement or a hardware-calibrated fit.",,,
scenario-000009,TDOA,unspecified,20x20x6m,10,20,60,60,13.570264855278179,68.22250398624,174.23440551003162,19401.670884928753,19402.453214868357,11.977803669652456,17535.21368651153,45968.30592404743,78271.79070732555,1.0,0.0,,,SIMULATED_MONTE_CARLO,Configured Gaussian/NLOS-bias range-error model,,"Synthetic model: N(0, 0.1500 m) range noise, plus a 0.500 m bias applied to a randomly selected 10% of attempts. Parameters come directly from this scenario's configuration, not from a measurement or a hardware-calibrated fit.",,,
scenario-000009,TDOA,unspecified,20x20x6m,20,30,20,20,0.268557136988307,0.8446095489808073,1.2337358475800555,6.644924903607649,6.758485859731394,4.5263233467614805,9.648200764669234,10.438515815671613,13.847254302876756,1.0,0.0,,,SIMULATED_MONTE_CARLO,Configured Gaussian/NLOS-bias range-error model,,"Synthetic model: N(0, 0.1500 m) range noise, plus a 0.500 m bias applied to a randomly selected 10% of attempts. Parameters come directly from this scenario's configuration, not from a measurement or a hardware-calibrated fit.",,,
scenario-000010,TDOA,unspecified,20x20x6m,5,10,20,20,-0.42976303637624025,0.703349343276414,1.036210321881027,5.041272465754461,5.146664930335649,1.8555924291119192,8.044297583124653,11.000789254701292,11.447096104607935,1.0,0.0,,,SIMULATED_MONTE_CARLO,Configured Gaussian/NLOS-bias range-error model,,"Synthetic model: N(0, 0.1500 m) range noise, plus a 0.500 m bias applied to a randomly selected 10% of attempts. Parameters come directly from this scenario's configuration, not from a measurement or a hardware-calibrated fit.",,,
scenario-000010,TDOA,unspecified,20x20x6m,10,20,60,60,13.570264855278179,68.22250398624,174.23440551003162,19401.670884928753,19402.453214868357,11.977803669652456,17535.21368651153,45968.30592404743,78271.79070732555,1.0,0.0,,,SIMULATED_MONTE_CARLO,Configured Gaussian/NLOS-bias range-error model,,"Synthetic model: N(0, 0.1500 m) range noise, plus a 0.500 m bias applied to a randomly selected 10% of attempts. Parameters come directly from this scenario's configuration, not from a measurement or a hardware-calibrated fit.",,,
scenario-000010,TDOA,unspecified,20x20x6m,20,30,20,20,0.268557136988307,0.8446095489808073,1.2337358475800555,6.644924903607649,6.758485859731394,4.5263233467614805,9.648200764669234,10.438515815671613,13.847254302876756,1.0,0.0,,,SIMULATED_MONTE_CARLO,Configured Gaussian/NLOS-bias range-error model,,"Synthetic model: N(0, 0.1500 m) range noise, plus a 0.500 m bias applied to a randomly selected 10% of attempts. Parameters come directly from this scenario's configuration, not from a measurement or a hardware-calibrated fit.",,,
scenario-000011,TDOA,unspecified,20x20x6m,5,10,20,20,-0.42976303637624025,0.703349343276414,1.036210321881027,5.041272465754461,5.146664930335649,1.8555924291119192,8.044297583124653,11.000789254701292,11.447096104607935,1.0,0.0,,,SIMULATED_MONTE_CARLO,Configured Gaussian/NLOS-bias range-error model,,"Synthetic model: N(0, 0.1500 m) range noise, plus a 0.500 m bias applied to a randomly selected 10% of attempts. Parameters come directly from this scenario's configuration, not from a measurement or a hardware-calibrated fit.",,,
scenario-000011,TDOA,unspecified,20x20x6m,10,20,60,60,13.570264855278179,68.22250398624,174.23440551003162,19401.670884928753,19402.453214868357,11.977803669652456,17535.21368651153,45968.30592404743,78271.79070732555,1.0,0.0,,,SIMULATED_MONTE_CARLO,Configured Gaussian/NLOS-bias range-error model,,"Synthetic model: N(0, 0.1500 m) range noise, plus a 0.500 m bias applied to a randomly selected 10% of attempts. Parameters come directly from this scenario's configuration, not from a measurement or a hardware-calibrated fit.",,,
scenario-000011,TDOA,unspecified,20x20x6m,20,30,20,20,0.268557136988307,0.8446095489808073,1.2337358475800555,6.644924903607649,6.758485859731394,4.5263233467614805,9.648200764669234,10.438515815671613,13.847254302876756,1.0,0.0,,,SIMULATED_MONTE_CARLO,Configured Gaussian/NLOS-bias range-error model,,"Synthetic model: N(0, 0.1500 m) range noise, plus a 0.500 m bias applied to a randomly selected 10% of attempts. Parameters come directly from this scenario's configuration, not from a measurement or a hardware-calibrated fit.",,,
scenario-000012,SX1280_RANGING,unspecified,20x20x6m,5,10,20,20,-0.06528300740665342,0.12924846477239565,0.21924585254997564,0.6279865871041588,0.6651585506051131,0.6256016317728607,0.8942018929844404,0.9354722977459233,1.2190585588352014,1.0,0.0,,,SIMULATED_MONTE_CARLO,Configured Gaussian/NLOS-bias range-error model,,"Synthetic model: N(0, 0.1500 m) range noise, plus a 0.500 m bias applied to a randomly selected 10% of attempts. Parameters come directly from this scenario's configuration, not from a measurement or a hardware-calibrated fit.",,,
scenario-000012,SX1280_RANGING,unspecified,20x20x6m,10,20,60,60,0.0014851937276003202,0.14090302644744132,0.19361017432295927,0.6091658918317162,0.6391932285095775,0.4237490607221257,0.8990905096963271,1.2702016428557101,1.738966735266828,1.0,0.0,,,SIMULATED_MONTE_CARLO,Configured Gaussian/NLOS-bias range-error model,,"Synthetic model: N(0, 0.1500 m) range noise, plus a 0.500 m bias applied to a randomly selected 10% of attempts. Parameters come directly from this scenario's configuration, not from a measurement or a hardware-calibrated fit.",,,
scenario-000012,SX1280_RANGING,unspecified,20x20x6m,20,30,20,20,0.08586763918045763,0.14409307957593082,0.19666760450411128,0.3003049303221512,0.3589724193265795,0.31642832281872035,0.5480385373243739,0.5534392722556002,0.5703930849193579,1.0,0.0,,,SIMULATED_MONTE_CARLO,Configured Gaussian/NLOS-bias range-error model,,"Synthetic model: N(0, 0.1500 m) range noise, plus a 0.500 m bias applied to a randomly selected 10% of attempts. Parameters come directly from this scenario's configuration, not from a measurement or a hardware-calibrated fit.",,,
scenario-000013,SX1280_RANGING,unspecified,20x20x6m,5,10,20,20,-0.06528300740665342,0.12924846477239565,0.21924585254997564,0.6279865871041588,0.6651585506051131,0.6256016317728607,0.8942018929844404,0.9354722977459233,1.2190585588352014,1.0,0.0,,,SIMULATED_MONTE_CARLO,Configured Gaussian/NLOS-bias range-error model,,"Synthetic model: N(0, 0.1500 m) range noise, plus a 0.500 m bias applied to a randomly selected 10% of attempts. Parameters come directly from this scenario's configuration, not from a measurement or a hardware-calibrated fit.",,,
scenario-000013,SX1280_RANGING,unspecified,20x20x6m,10,20,60,60,0.0014851937276003202,0.14090302644744132,0.19361017432295927,0.6091658918317162,0.6391932285095775,0.4237490607221257,0.8990905096963271,1.2702016428557101,1.738966735266828,1.0,0.0,,,SIMULATED_MONTE_CARLO,Configured Gaussian/NLOS-bias range-error model,,"Synthetic model: N(0, 0.1500 m) range noise, plus a 0.500 m bias applied to a randomly selected 10% of attempts. Parameters come directly from this scenario's configuration, not from a measurement or a hardware-calibrated fit.",,,
scenario-000013,SX1280_RANGING,unspecified,20x20x6m,20,30,20,20,0.08586763918045763,0.14409307957593082,0.19666760450411128,0.3003049303221512,0.3589724193265795,0.31642832281872035,0.5480385373243739,0.5534392722556002,0.5703930849193579,1.0,0.0,,,SIMULATED_MONTE_CARLO,Configured Gaussian/NLOS-bias range-error model,,"Synthetic model: N(0, 0.1500 m) range noise, plus a 0.500 m bias applied to a randomly selected 10% of attempts. Parameters come directly from this scenario's configuration, not from a measurement or a hardware-calibrated fit.",,,
scenario-000014,SX1280_RANGING,unspecified,20x20x6m,5,10,20,20,-0.06528300740665342,0.12924846477239565,0.21924585254997564,0.6279865871041588,0.6651585506051131,0.6256016317728607,0.8942018929844404,0.9354722977459233,1.2190585588352014,1.0,0.0,,,SIMULATED_MONTE_CARLO,Configured Gaussian/NLOS-bias range-error model,,"Synthetic model: N(0, 0.1500 m) range noise, plus a 0.500 m bias applied to a randomly selected 10% of attempts. Parameters come directly from this scenario's configuration, not from a measurement or a hardware-calibrated fit.",,,
scenario-000014,SX1280_RANGING,unspecified,20x20x6m,10,20,60,60,0.0014851937276003202,0.14090302644744132,0.19361017432295927,0.6091658918317162,0.6391932285095775,0.4237490607221257,0.8990905096963271,1.2702016428557101,1.738966735266828,1.0,0.0,,,SIMULATED_MONTE_CARLO,Configured Gaussian/NLOS-bias range-error model,,"Synthetic model: N(0, 0.1500 m) range noise, plus a 0.500 m bias applied to a randomly selected 10% of attempts. Parameters come directly from this scenario's configuration, not from a measurement or a hardware-calibrated fit.",,,
scenario-000014,SX1280_RANGING,unspecified,20x20x6m,20,30,20,20,0.08586763918045763,0.14409307957593082,0.19666760450411128,0.3003049303221512,0.3589724193265795,0.31642832281872035,0.5480385373243739,0.5534392722556002,0.5703930849193579,1.0,0.0,,,SIMULATED_MONTE_CARLO,Configured Gaussian/NLOS-bias range-error model,,"Synthetic model: N(0, 0.1500 m) range noise, plus a 0.500 m bias applied to a randomly selected 10% of attempts. Parameters come directly from this scenario's configuration, not from a measurement or a hardware-calibrated fit.",,,
scenario-000015,SX1280_RANGING,unspecified,20x20x6m,5,10,20,20,-0.06528300740665342,0.12924846477239565,0.21924585254997564,0.6279865871041588,0.6651585506051131,0.6256016317728607,0.8942018929844404,0.9354722977459233,1.2190585588352014,1.0,0.0,,,SIMULATED_MONTE_CARLO,Configured Gaussian/NLOS-bias range-error model,,"Synthetic model: N(0, 0.1500 m) range noise, plus a 0.500 m bias applied to a randomly selected 10% of attempts. Parameters come directly from this scenario's configuration, not from a measurement or a hardware-calibrated fit.",,,
scenario-000015,SX1280_RANGING,unspecified,20x20x6m,10,20,60,60,0.0014851937276003202,0.14090302644744132,0.19361017432295927,0.6091658918317162,0.6391932285095775,0.4237490607221257,0.8990905096963271,1.2702016428557101,1.738966735266828,1.0,0.0,,,SIMULATED_MONTE_CARLO,Configured Gaussian/NLOS-bias range-error model,,"Synthetic model: N(0, 0.1500 m) range noise, plus a 0.500 m bias applied to a randomly selected 10% of attempts. Parameters come directly from this scenario's configuration, not from a measurement or a hardware-calibrated fit.",,,
scenario-000015,SX1280_RANGING,unspecified,20x20x6m,20,30,20,20,0.08586763918045763,0.14409307957593082,0.19666760450411128,0.3003049303221512,0.3589724193265795,0.31642832281872035,0.5480385373243739,0.5534392722556002,0.5703930849193579,1.0,0.0,,,SIMULATED_MONTE_CARLO,Configured Gaussian/NLOS-bias range-error model,,"Synthetic model: N(0, 0.1500 m) range noise, plus a 0.500 m bias applied to a randomly selected 10% of attempts. Parameters come directly from this scenario's configuration, not from a measurement or a hardware-calibrated fit.",,,
scenario-000016,UWB_SS_TWR,Semtech SX1280,20x20x6m,5,10,20,20,-1.2828599749732985,2.2879646176414745,4.045972439521384,5.873391902707864,7.132084227220043,7.07172509822583,9.818077901765578,10.388127779919136,11.003985523713277,1.0,0.0,,,HARDWARE_CALIBRATED_MODEL,Bootstrap resample of Stuart Robinson SX1280 short-range errors,https://stuartsprojects.github.io/2019/04/26/Semtech-SX1280-2-4Ghz-LoRa-ranging-tranceivers.html,"Resampling model built from Stuart Robinson's six published short-range SX1280 ranging observations (0-250 m, one hardware/environment configuration). The model draws errors with replacement from those six values; it does not condition on range, bandwidth, spreading factor, center frequency, LOS/NLOS state, temperature, oscillator, orientation or hardware, because six unrepeated points cannot support fitting any of those dependencies. Treat this as a rough, small-sample stand-in for a real conditional error model, not a validated one. It must not be used to claim SX1280 accuracy at ranges outside 0-250 m.",,,
scenario-000016,UWB_SS_TWR,Semtech SX1280,20x20x6m,10,20,60,60,-0.48570955050469594,2.4861662591299196,3.638324571281382,6.7273388347614835,7.648169289684941,7.46353086727854,10.231749401358913,10.51161968303135,11.27677830035459,1.0,0.0,,,HARDWARE_CALIBRATED_MODEL,Bootstrap resample of Stuart Robinson SX1280 short-range errors,https://stuartsprojects.github.io/2019/04/26/Semtech-SX1280-2-4Ghz-LoRa-ranging-tranceivers.html,"Resampling model built from Stuart Robinson's six published short-range SX1280 ranging observations (0-250 m, one hardware/environment configuration). The model draws errors with replacement from those six values; it does not condition on range, bandwidth, spreading factor, center frequency, LOS/NLOS state, temperature, oscillator, orientation or hardware, because six unrepeated points cannot support fitting any of those dependencies. Treat this as a rough, small-sample stand-in for a real conditional error model, not a validated one. It must not be used to claim SX1280 accuracy at ranges outside 0-250 m.",,,
scenario-000016,UWB_SS_TWR,Semtech SX1280,20x20x6m,20,30,20,20,1.350871044120343,2.6312644996179912,4.597188869026594,4.625204917371129,6.52124727526691,6.01284114545909,8.988553667962604,9.357199336038562,10.007205492232156,1.0,0.0,,,HARDWARE_CALIBRATED_MODEL,Bootstrap resample of Stuart Robinson SX1280 short-range errors,https://stuartsprojects.github.io/2019/04/26/Semtech-SX1280-2-4Ghz-LoRa-ranging-tranceivers.html,"Resampling model built from Stuart Robinson's six published short-range SX1280 ranging observations (0-250 m, one hardware/environment configuration). The model draws errors with replacement from those six values; it does not condition on range, bandwidth, spreading factor, center frequency, LOS/NLOS state, temperature, oscillator, orientation or hardware, because six unrepeated points cannot support fitting any of those dependencies. Treat this as a rough, small-sample stand-in for a real conditional error model, not a validated one. It must not be used to claim SX1280 accuracy at ranges outside 0-250 m.",,,
scenario-000017,UWB_SS_TWR,Semtech SX1280,20x20x6m,5,10,20,20,-1.2828599749732985,2.2879646176414745,4.045972439521384,5.873391902707864,7.132084227220043,7.07172509822583,9.818077901765578,10.388127779919136,11.003985523713277,1.0,0.0,,,HARDWARE_CALIBRATED_MODEL,Bootstrap resample of Stuart Robinson SX1280 short-range errors,https://stuartsprojects.github.io/2019/04/26/Semtech-SX1280-2-4Ghz-LoRa-ranging-tranceivers.html,"Resampling model built from Stuart Robinson's six published short-range SX1280 ranging observations (0-250 m, one hardware/environment configuration). The model draws errors with replacement from those six values; it does not condition on range, bandwidth, spreading factor, center frequency, LOS/NLOS state, temperature, oscillator, orientation or hardware, because six unrepeated points cannot support fitting any of those dependencies. Treat this as a rough, small-sample stand-in for a real conditional error model, not a validated one. It must not be used to claim SX1280 accuracy at ranges outside 0-250 m.",,,
scenario-000017,UWB_SS_TWR,Semtech SX1280,20x20x6m,10,20,60,60,-0.48570955050469594,2.4861662591299196,3.638324571281382,6.7273388347614835,7.648169289684941,7.46353086727854,10.231749401358913,10.51161968303135,11.27677830035459,1.0,0.0,,,HARDWARE_CALIBRATED_MODEL,Bootstrap resample of Stuart Robinson SX1280 short-range errors,https://stuartsprojects.github.io/2019/04/26/Semtech-SX1280-2-4Ghz-LoRa-ranging-tranceivers.html,"Resampling model built from Stuart Robinson's six published short-range SX1280 ranging observations (0-250 m, one hardware/environment configuration). The model draws errors with replacement from those six values; it does not condition on range, bandwidth, spreading factor, center frequency, LOS/NLOS state, temperature, oscillator, orientation or hardware, because six unrepeated points cannot support fitting any of those dependencies. Treat this as a rough, small-sample stand-in for a real conditional error model, not a validated one. It must not be used to claim SX1280 accuracy at ranges outside 0-250 m.",,,
scenario-000017,UWB_SS_TWR,Semtech SX1280,20x20x6m,20,30,20,20,1.350871044120343,2.6312644996179912,4.597188869026594,4.625204917371129,6.52124727526691,6.01284114545909,8.988553667962604,9.357199336038562,10.007205492232156,1.0,0.0,,,HARDWARE_CALIBRATED_MODEL,Bootstrap resample of Stuart Robinson SX1280 short-range errors,https://stuartsprojects.github.io/2019/04/26/Semtech-SX1280-2-4Ghz-LoRa-ranging-tranceivers.html,"Resampling model built from Stuart Robinson's six published short-range SX1280 ranging observations (0-250 m, one hardware/environment configuration). The model draws errors with replacement from those six values; it does not condition on range, bandwidth, spreading factor, center frequency, LOS/NLOS state, temperature, oscillator, orientation or hardware, because six unrepeated points cannot support fitting any of those dependencies. Treat this as a rough, small-sample stand-in for a real conditional error model, not a validated one. It must not be used to claim SX1280 accuracy at ranges outside 0-250 m.",,,
scenario-000018,UWB_SS_TWR,Semtech SX1280,20x20x6m,5,10,20,20,-1.2828599749732985,2.2879646176414745,4.045972439521384,5.873391902707864,7.132084227220043,7.07172509822583,9.818077901765578,10.388127779919136,11.003985523713277,1.0,0.0,,,HARDWARE_CALIBRATED_MODEL,Bootstrap resample of Stuart Robinson SX1280 short-range errors,https://stuartsprojects.github.io/2019/04/26/Semtech-SX1280-2-4Ghz-LoRa-ranging-tranceivers.html,"Resampling model built from Stuart Robinson's six published short-range SX1280 ranging observations (0-250 m, one hardware/environment configuration). The model draws errors with replacement from those six values; it does not condition on range, bandwidth, spreading factor, center frequency, LOS/NLOS state, temperature, oscillator, orientation or hardware, because six unrepeated points cannot support fitting any of those dependencies. Treat this as a rough, small-sample stand-in for a real conditional error model, not a validated one. It must not be used to claim SX1280 accuracy at ranges outside 0-250 m.",,,
scenario-000018,UWB_SS_TWR,Semtech SX1280,20x20x6m,10,20,60,60,-0.48570955050469594,2.4861662591299196,3.638324571281382,6.7273388347614835,7.648169289684941,7.46353086727854,10.231749401358913,10.51161968303135,11.27677830035459,1.0,0.0,,,HARDWARE_CALIBRATED_MODEL,Bootstrap resample of Stuart Robinson SX1280 short-range errors,https://stuartsprojects.github.io/2019/04/26/Semtech-SX1280-2-4Ghz-LoRa-ranging-tranceivers.html,"Resampling model built from Stuart Robinson's six published short-range SX1280 ranging observations (0-250 m, one hardware/environment configuration). The model draws errors with replacement from those six values; it does not condition on range, bandwidth, spreading factor, center frequency, LOS/NLOS state, temperature, oscillator, orientation or hardware, because six unrepeated points cannot support fitting any of those dependencies. Treat this as a rough, small-sample stand-in for a real conditional error model, not a validated one. It must not be used to claim SX1280 accuracy at ranges outside 0-250 m.",,,
scenario-000018,UWB_SS_TWR,Semtech SX1280,20x20x6m,20,30,20,20,1.350871044120343,2.6312644996179912,4.597188869026594,4.625204917371129,6.52124727526691,6.01284114545909,8.988553667962604,9.357199336038562,10.007205492232156,1.0,0.0,,,HARDWARE_CALIBRATED_MODEL,Bootstrap resample of Stuart Robinson SX1280 short-range errors,https://stuartsprojects.github.io/2019/04/26/Semtech-SX1280-2-4Ghz-LoRa-ranging-tranceivers.html,"Resampling model built from Stuart Robinson's six published short-range SX1280 ranging observations (0-250 m, one hardware/environment configuration). The model draws errors with replacement from those six values; it does not condition on range, bandwidth, spreading factor, center frequency, LOS/NLOS state, temperature, oscillator, orientation or hardware, because six unrepeated points cannot support fitting any of those dependencies. Treat this as a rough, small-sample stand-in for a real conditional error model, not a validated one. It must not be used to claim SX1280 accuracy at ranges outside 0-250 m.",,,
scenario-000019,UWB_SS_TWR,Semtech SX1280,20x20x6m,5,10,20,20,-1.2828599749732985,2.2879646176414745,4.045972439521384,5.873391902707864,7.132084227220043,7.07172509822583,9.818077901765578,10.388127779919136,11.003985523713277,1.0,0.0,,,HARDWARE_CALIBRATED_MODEL,Bootstrap resample of Stuart Robinson SX1280 short-range errors,https://stuartsprojects.github.io/2019/04/26/Semtech-SX1280-2-4Ghz-LoRa-ranging-tranceivers.html,"Resampling model built from Stuart Robinson's six published short-range SX1280 ranging observations (0-250 m, one hardware/environment configuration). The model draws errors with replacement from those six values; it does not condition on range, bandwidth, spreading factor, center frequency, LOS/NLOS state, temperature, oscillator, orientation or hardware, because six unrepeated points cannot support fitting any of those dependencies. Treat this as a rough, small-sample stand-in for a real conditional error model, not a validated one. It must not be used to claim SX1280 accuracy at ranges outside 0-250 m.",,,
scenario-000019,UWB_SS_TWR,Semtech SX1280,20x20x6m,10,20,60,60,-0.48570955050469594,2.4861662591299196,3.638324571281382,6.7273388347614835,7.648169289684941,7.46353086727854,10.231749401358913,10.51161968303135,11.27677830035459,1.0,0.0,,,HARDWARE_CALIBRATED_MODEL,Bootstrap resample of Stuart Robinson SX1280 short-range errors,https://stuartsprojects.github.io/2019/04/26/Semtech-SX1280-2-4Ghz-LoRa-ranging-tranceivers.html,"Resampling model built from Stuart Robinson's six published short-range SX1280 ranging observations (0-250 m, one hardware/environment configuration). The model draws errors with replacement from those six values; it does not condition on range, bandwidth, spreading factor, center frequency, LOS/NLOS state, temperature, oscillator, orientation or hardware, because six unrepeated points cannot support fitting any of those dependencies. Treat this as a rough, small-sample stand-in for a real conditional error model, not a validated one. It must not be used to claim SX1280 accuracy at ranges outside 0-250 m.",,,
scenario-000019,UWB_SS_TWR,Semtech SX1280,20x20x6m,20,30,20,20,1.350871044120343,2.6312644996179912,4.597188869026594,4.625204917371129,6.52124727526691,6.01284114545909,8.988553667962604,9.357199336038562,10.007205492232156,1.0,0.0,,,HARDWARE_CALIBRATED_MODEL,Bootstrap resample of Stuart Robinson SX1280 short-range errors,https://stuartsprojects.github.io/2019/04/26/Semtech-SX1280-2-4Ghz-LoRa-ranging-tranceivers.html,"Resampling model built from Stuart Robinson's six published short-range SX1280 ranging observations (0-250 m, one hardware/environment configuration). The model draws errors with replacement from those six values; it does not condition on range, bandwidth, spreading factor, center frequency, LOS/NLOS state, temperature, oscillator, orientation or hardware, because six unrepeated points cannot support fitting any of those dependencies. Treat this as a rough, small-sample stand-in for a real conditional error model, not a validated one. It must not be used to claim SX1280 accuracy at ranges outside 0-250 m.",,,
scenario-000020,UWB_DS_TWR,Semtech SX1280,20x20x6m,5,10,20,20,-1.2828599749732985,2.2879646176414745,4.045972439521384,5.873391902707864,7.132084227220043,7.07172509822583,9.818077901765578,10.388127779919136,11.003985523713277,1.0,0.0,,,HARDWARE_CALIBRATED_MODEL,Bootstrap resample of Stuart Robinson SX1280 short-range errors,https://stuartsprojects.github.io/2019/04/26/Semtech-SX1280-2-4Ghz-LoRa-ranging-tranceivers.html,"Resampling model built from Stuart Robinson's six published short-range SX1280 ranging observations (0-250 m, one hardware/environment configuration). The model draws errors with replacement from those six values; it does not condition on range, bandwidth, spreading factor, center frequency, LOS/NLOS state, temperature, oscillator, orientation or hardware, because six unrepeated points cannot support fitting any of those dependencies. Treat this as a rough, small-sample stand-in for a real conditional error model, not a validated one. It must not be used to claim SX1280 accuracy at ranges outside 0-250 m.",,,
scenario-000020,UWB_DS_TWR,Semtech SX1280,20x20x6m,10,20,60,60,-0.48570955050469594,2.4861662591299196,3.638324571281382,6.7273388347614835,7.648169289684941,7.46353086727854,10.231749401358913,10.51161968303135,11.27677830035459,1.0,0.0,,,HARDWARE_CALIBRATED_MODEL,Bootstrap resample of Stuart Robinson SX1280 short-range errors,https://stuartsprojects.github.io/2019/04/26/Semtech-SX1280-2-4Ghz-LoRa-ranging-tranceivers.html,"Resampling model built from Stuart Robinson's six published short-range SX1280 ranging observations (0-250 m, one hardware/environment configuration). The model draws errors with replacement from those six values; it does not condition on range, bandwidth, spreading factor, center frequency, LOS/NLOS state, temperature, oscillator, orientation or hardware, because six unrepeated points cannot support fitting any of those dependencies. Treat this as a rough, small-sample stand-in for a real conditional error model, not a validated one. It must not be used to claim SX1280 accuracy at ranges outside 0-250 m.",,,
scenario-000020,UWB_DS_TWR,Semtech SX1280,20x20x6m,20,30,20,20,1.350871044120343,2.6312644996179912,4.597188869026594,4.625204917371129,6.52124727526691,6.01284114545909,8.988553667962604,9.357199336038562,10.007205492232156,1.0,0.0,,,HARDWARE_CALIBRATED_MODEL,Bootstrap resample of Stuart Robinson SX1280 short-range errors,https://stuartsprojects.github.io/2019/04/26/Semtech-SX1280-2-4Ghz-LoRa-ranging-tranceivers.html,"Resampling model built from Stuart Robinson's six published short-range SX1280 ranging observations (0-250 m, one hardware/environment configuration). The model draws errors with replacement from those six values; it does not condition on range, bandwidth, spreading factor, center frequency, LOS/NLOS state, temperature, oscillator, orientation or hardware, because six unrepeated points cannot support fitting any of those dependencies. Treat this as a rough, small-sample stand-in for a real conditional error model, not a validated one. It must not be used to claim SX1280 accuracy at ranges outside 0-250 m.",,,
scenario-000021,UWB_DS_TWR,Semtech SX1280,20x20x6m,5,10,20,20,-1.2828599749732985,2.2879646176414745,4.045972439521384,5.873391902707864,7.132084227220043,7.07172509822583,9.818077901765578,10.388127779919136,11.003985523713277,1.0,0.0,,,HARDWARE_CALIBRATED_MODEL,Bootstrap resample of Stuart Robinson SX1280 short-range errors,https://stuartsprojects.github.io/2019/04/26/Semtech-SX1280-2-4Ghz-LoRa-ranging-tranceivers.html,"Resampling model built from Stuart Robinson's six published short-range SX1280 ranging observations (0-250 m, one hardware/environment configuration). The model draws errors with replacement from those six values; it does not condition on range, bandwidth, spreading factor, center frequency, LOS/NLOS state, temperature, oscillator, orientation or hardware, because six unrepeated points cannot support fitting any of those dependencies. Treat this as a rough, small-sample stand-in for a real conditional error model, not a validated one. It must not be used to claim SX1280 accuracy at ranges outside 0-250 m.",,,
scenario-000021,UWB_DS_TWR,Semtech SX1280,20x20x6m,10,20,60,60,-0.48570955050469594,2.4861662591299196,3.638324571281382,6.7273388347614835,7.648169289684941,7.46353086727854,10.231749401358913,10.51161968303135,11.27677830035459,1.0,0.0,,,HARDWARE_CALIBRATED_MODEL,Bootstrap resample of Stuart Robinson SX1280 short-range errors,https://stuartsprojects.github.io/2019/04/26/Semtech-SX1280-2-4Ghz-LoRa-ranging-tranceivers.html,"Resampling model built from Stuart Robinson's six published short-range SX1280 ranging observations (0-250 m, one hardware/environment configuration). The model draws errors with replacement from those six values; it does not condition on range, bandwidth, spreading factor, center frequency, LOS/NLOS state, temperature, oscillator, orientation or hardware, because six unrepeated points cannot support fitting any of those dependencies. Treat this as a rough, small-sample stand-in for a real conditional error model, not a validated one. It must not be used to claim SX1280 accuracy at ranges outside 0-250 m.",,,
scenario-000021,UWB_DS_TWR,Semtech SX1280,20x20x6m,20,30,20,20,1.350871044120343,2.6312644996179912,4.597188869026594,4.625204917371129,6.52124727526691,6.01284114545909,8.988553667962604,9.357199336038562,10.007205492232156,1.0,0.0,,,HARDWARE_CALIBRATED_MODEL,Bootstrap resample of Stuart Robinson SX1280 short-range errors,https://stuartsprojects.github.io/2019/04/26/Semtech-SX1280-2-4Ghz-LoRa-ranging-tranceivers.html,"Resampling model built from Stuart Robinson's six published short-range SX1280 ranging observations (0-250 m, one hardware/environment configuration). The model draws errors with replacement from those six values; it does not condition on range, bandwidth, spreading factor, center frequency, LOS/NLOS state, temperature, oscillator, orientation or hardware, because six unrepeated points cannot support fitting any of those dependencies. Treat this as a rough, small-sample stand-in for a real conditional error model, not a validated one. It must not be used to claim SX1280 accuracy at ranges outside 0-250 m.",,,
scenario-000022,UWB_DS_TWR,Semtech SX1280,20x20x6m,5,10,20,20,-1.2828599749732985,2.2879646176414745,4.045972439521384,5.873391902707864,7.132084227220043,7.07172509822583,9.818077901765578,10.388127779919136,11.003985523713277,1.0,0.0,,,HARDWARE_CALIBRATED_MODEL,Bootstrap resample of Stuart Robinson SX1280 short-range errors,https://stuartsprojects.github.io/2019/04/26/Semtech-SX1280-2-4Ghz-LoRa-ranging-tranceivers.html,"Resampling model built from Stuart Robinson's six published short-range SX1280 ranging observations (0-250 m, one hardware/environment configuration). The model draws errors with replacement from those six values; it does not condition on range, bandwidth, spreading factor, center frequency, LOS/NLOS state, temperature, oscillator, orientation or hardware, because six unrepeated points cannot support fitting any of those dependencies. Treat this as a rough, small-sample stand-in for a real conditional error model, not a validated one. It must not be used to claim SX1280 accuracy at ranges outside 0-250 m.",,,
scenario-000022,UWB_DS_TWR,Semtech SX1280,20x20x6m,10,20,60,60,-0.48570955050469594,2.4861662591299196,3.638324571281382,6.7273388347614835,7.648169289684941,7.46353086727854,10.231749401358913,10.51161968303135,11.27677830035459,1.0,0.0,,,HARDWARE_CALIBRATED_MODEL,Bootstrap resample of Stuart Robinson SX1280 short-range errors,https://stuartsprojects.github.io/2019/04/26/Semtech-SX1280-2-4Ghz-LoRa-ranging-tranceivers.html,"Resampling model built from Stuart Robinson's six published short-range SX1280 ranging observations (0-250 m, one hardware/environment configuration). The model draws errors with replacement from those six values; it does not condition on range, bandwidth, spreading factor, center frequency, LOS/NLOS state, temperature, oscillator, orientation or hardware, because six unrepeated points cannot support fitting any of those dependencies. Treat this as a rough, small-sample stand-in for a real conditional error model, not a validated one. It must not be used to claim SX1280 accuracy at ranges outside 0-250 m.",,,
scenario-000022,UWB_DS_TWR,Semtech SX1280,20x20x6m,20,30,20,20,1.350871044120343,2.6312644996179912,4.597188869026594,4.625204917371129,6.52124727526691,6.01284114545909,8.988553667962604,9.357199336038562,10.007205492232156,1.0,0.0,,,HARDWARE_CALIBRATED_MODEL,Bootstrap resample of Stuart Robinson SX1280 short-range errors,https://stuartsprojects.github.io/2019/04/26/Semtech-SX1280-2-4Ghz-LoRa-ranging-tranceivers.html,"Resampling model built from Stuart Robinson's six published short-range SX1280 ranging observations (0-250 m, one hardware/environment configuration). The model draws errors with replacement from those six values; it does not condition on range, bandwidth, spreading factor, center frequency, LOS/NLOS state, temperature, oscillator, orientation or hardware, because six unrepeated points cannot support fitting any of those dependencies. Treat this as a rough, small-sample stand-in for a real conditional error model, not a validated one. It must not be used to claim SX1280 accuracy at ranges outside 0-250 m.",,,
scenario-000023,UWB_DS_TWR,Semtech SX1280,20x20x6m,5,10,20,20,-1.2828599749732985,2.2879646176414745,4.045972439521384,5.873391902707864,7.132084227220043,7.07172509822583,9.818077901765578,10.388127779919136,11.003985523713277,1.0,0.0,,,HARDWARE_CALIBRATED_MODEL,Bootstrap resample of Stuart Robinson SX1280 short-range errors,https://stuartsprojects.github.io/2019/04/26/Semtech-SX1280-2-4Ghz-LoRa-ranging-tranceivers.html,"Resampling model built from Stuart Robinson's six published short-range SX1280 ranging observations (0-250 m, one hardware/environment configuration). The model draws errors with replacement from those six values; it does not condition on range, bandwidth, spreading factor, center frequency, LOS/NLOS state, temperature, oscillator, orientation or hardware, because six unrepeated points cannot support fitting any of those dependencies. Treat this as a rough, small-sample stand-in for a real conditional error model, not a validated one. It must not be used to claim SX1280 accuracy at ranges outside 0-250 m.",,,
scenario-000023,UWB_DS_TWR,Semtech SX1280,20x20x6m,10,20,60,60,-0.48570955050469594,2.4861662591299196,3.638324571281382,6.7273388347614835,7.648169289684941,7.46353086727854,10.231749401358913,10.51161968303135,11.27677830035459,1.0,0.0,,,HARDWARE_CALIBRATED_MODEL,Bootstrap resample of Stuart Robinson SX1280 short-range errors,https://stuartsprojects.github.io/2019/04/26/Semtech-SX1280-2-4Ghz-LoRa-ranging-tranceivers.html,"Resampling model built from Stuart Robinson's six published short-range SX1280 ranging observations (0-250 m, one hardware/environment configuration). The model draws errors with replacement from those six values; it does not condition on range, bandwidth, spreading factor, center frequency, LOS/NLOS state, temperature, oscillator, orientation or hardware, because six unrepeated points cannot support fitting any of those dependencies. Treat this as a rough, small-sample stand-in for a real conditional error model, not a validated one. It must not be used to claim SX1280 accuracy at ranges outside 0-250 m.",,,
scenario-000023,UWB_DS_TWR,Semtech SX1280,20x20x6m,20,30,20,20,1.350871044120343,2.6312644996179912,4.597188869026594,4.625204917371129,6.52124727526691,6.01284114545909,8.988553667962604,9.357199336038562,10.007205492232156,1.0,0.0,,,HARDWARE_CALIBRATED_MODEL,Bootstrap resample of Stuart Robinson SX1280 short-range errors,https://stuartsprojects.github.io/2019/04/26/Semtech-SX1280-2-4Ghz-LoRa-ranging-tranceivers.html,"Resampling model built from Stuart Robinson's six published short-range SX1280 ranging observations (0-250 m, one hardware/environment configuration). The model draws errors with replacement from those six values; it does not condition on range, bandwidth, spreading factor, center frequency, LOS/NLOS state, temperature, oscillator, orientation or hardware, because six unrepeated points cannot support fitting any of those dependencies. Treat this as a rough, small-sample stand-in for a real conditional error model, not a validated one. It must not be used to claim SX1280 accuracy at ranges outside 0-250 m.",,,
scenario-000024,TDOA,Semtech SX1280,20x20x6m,5,10,20,20,-5440.268715072669,17022.161462049546,21431.65715784003,447346.8067180507,447859.8903779709,11.702261491747144,253999.8416047514,1302838.7964014667,1478393.7535152908,1.0,0.0,,,HARDWARE_CALIBRATED_MODEL,Bootstrap resample of Stuart Robinson SX1280 short-range errors,https://stuartsprojects.github.io/2019/04/26/Semtech-SX1280-2-4Ghz-LoRa-ranging-tranceivers.html,"Resampling model built from Stuart Robinson's six published short-range SX1280 ranging observations (0-250 m, one hardware/environment configuration). The model draws errors with replacement from those six values; it does not condition on range, bandwidth, spreading factor, center frequency, LOS/NLOS state, temperature, oscillator, orientation or hardware, because six unrepeated points cannot support fitting any of those dependencies. Treat this as a rough, small-sample stand-in for a real conditional error model, not a validated one. It must not be used to claim SX1280 accuracy at ranges outside 0-250 m.",,,
scenario-000024,TDOA,Semtech SX1280,20x20x6m,10,20,60,60,2891.1600614706135,13728.476515964017,19696.146816778448,343707.91723464685,344271.7975222585,17171.76774096758,115354.81320690847,237748.72459521133,1565057.4648329352,1.0,0.0,,,HARDWARE_CALIBRATED_MODEL,Bootstrap resample of Stuart Robinson SX1280 short-range errors,https://stuartsprojects.github.io/2019/04/26/Semtech-SX1280-2-4Ghz-LoRa-ranging-tranceivers.html,"Resampling model built from Stuart Robinson's six published short-range SX1280 ranging observations (0-250 m, one hardware/environment configuration). The model draws errors with replacement from those six values; it does not condition on range, bandwidth, spreading factor, center frequency, LOS/NLOS state, temperature, oscillator, orientation or hardware, because six unrepeated points cannot support fitting any of those dependencies. Treat this as a rough, small-sample stand-in for a real conditional error model, not a validated one. It must not be used to claim SX1280 accuracy at ranges outside 0-250 m.",,,
scenario-000024,TDOA,Semtech SX1280,20x20x6m,20,30,20,20,6869.105710576581,16712.757941917058,25801.719038003517,28180.475533963523,38208.217789323666,8.656634065609921,72056.47794878935,104044.12989060351,106313.63116638425,1.0,0.0,,,HARDWARE_CALIBRATED_MODEL,Bootstrap resample of Stuart Robinson SX1280 short-range errors,https://stuartsprojects.github.io/2019/04/26/Semtech-SX1280-2-4Ghz-LoRa-ranging-tranceivers.html,"Resampling model built from Stuart Robinson's six published short-range SX1280 ranging observations (0-250 m, one hardware/environment configuration). The model draws errors with replacement from those six values; it does not condition on range, bandwidth, spreading factor, center frequency, LOS/NLOS state, temperature, oscillator, orientation or hardware, because six unrepeated points cannot support fitting any of those dependencies. Treat this as a rough, small-sample stand-in for a real conditional error model, not a validated one. It must not be used to claim SX1280 accuracy at ranges outside 0-250 m.",,,
scenario-000025,TDOA,Semtech SX1280,20x20x6m,5,10,20,20,-5440.268715072669,17022.161462049546,21431.65715784003,447346.8067180507,447859.8903779709,11.702261491747144,253999.8416047514,1302838.7964014667,1478393.7535152908,1.0,0.0,,,HARDWARE_CALIBRATED_MODEL,Bootstrap resample of Stuart Robinson SX1280 short-range errors,https://stuartsprojects.github.io/2019/04/26/Semtech-SX1280-2-4Ghz-LoRa-ranging-tranceivers.html,"Resampling model built from Stuart Robinson's six published short-range SX1280 ranging observations (0-250 m, one hardware/environment configuration). The model draws errors with replacement from those six values; it does not condition on range, bandwidth, spreading factor, center frequency, LOS/NLOS state, temperature, oscillator, orientation or hardware, because six unrepeated points cannot support fitting any of those dependencies. Treat this as a rough, small-sample stand-in for a real conditional error model, not a validated one. It must not be used to claim SX1280 accuracy at ranges outside 0-250 m.",,,
scenario-000025,TDOA,Semtech SX1280,20x20x6m,10,20,60,60,2891.1600614706135,13728.476515964017,19696.146816778448,343707.91723464685,344271.7975222585,17171.76774096758,115354.81320690847,237748.72459521133,1565057.4648329352,1.0,0.0,,,HARDWARE_CALIBRATED_MODEL,Bootstrap resample of Stuart Robinson SX1280 short-range errors,https://stuartsprojects.github.io/2019/04/26/Semtech-SX1280-2-4Ghz-LoRa-ranging-tranceivers.html,"Resampling model built from Stuart Robinson's six published short-range SX1280 ranging observations (0-250 m, one hardware/environment configuration). The model draws errors with replacement from those six values; it does not condition on range, bandwidth, spreading factor, center frequency, LOS/NLOS state, temperature, oscillator, orientation or hardware, because six unrepeated points cannot support fitting any of those dependencies. Treat this as a rough, small-sample stand-in for a real conditional error model, not a validated one. It must not be used to claim SX1280 accuracy at ranges outside 0-250 m.",,,
scenario-000025,TDOA,Semtech SX1280,20x20x6m,20,30,20,20,6869.105710576581,16712.757941917058,25801.719038003517,28180.475533963523,38208.217789323666,8.656634065609921,72056.47794878935,104044.12989060351,106313.63116638425,1.0,0.0,,,HARDWARE_CALIBRATED_MODEL,Bootstrap resample of Stuart Robinson SX1280 short-range errors,https://stuartsprojects.github.io/2019/04/26/Semtech-SX1280-2-4Ghz-LoRa-ranging-tranceivers.html,"Resampling model built from Stuart Robinson's six published short-range SX1280 ranging observations (0-250 m, one hardware/environment configuration). The model draws errors with replacement from those six values; it does not condition on range, bandwidth, spreading factor, center frequency, LOS/NLOS state, temperature, oscillator, orientation or hardware, because six unrepeated points cannot support fitting any of those dependencies. Treat this as a rough, small-sample stand-in for a real conditional error model, not a validated one. It must not be used to claim SX1280 accuracy at ranges outside 0-250 m.",,,
scenario-000026,TDOA,Semtech SX1280,20x20x6m,5,10,20,20,-5440.268715072669,17022.161462049546,21431.65715784003,447346.8067180507,447859.8903779709,11.702261491747144,253999.8416047514,1302838.7964014667,1478393.7535152908,1.0,0.0,,,HARDWARE_CALIBRATED_MODEL,Bootstrap resample of Stuart Robinson SX1280 short-range errors,https://stuartsprojects.github.io/2019/04/26/Semtech-SX1280-2-4Ghz-LoRa-ranging-tranceivers.html,"Resampling model built from Stuart Robinson's six published short-range SX1280 ranging observations (0-250 m, one hardware/environment configuration). The model draws errors with replacement from those six values; it does not condition on range, bandwidth, spreading factor, center frequency, LOS/NLOS state, temperature, oscillator, orientation or hardware, because six unrepeated points cannot support fitting any of those dependencies. Treat this as a rough, small-sample stand-in for a real conditional error model, not a validated one. It must not be used to claim SX1280 accuracy at ranges outside 0-250 m.",,,
scenario-000026,TDOA,Semtech SX1280,20x20x6m,10,20,60,60,2891.1600614706135,13728.476515964017,19696.146816778448,343707.91723464685,344271.7975222585,17171.76774096758,115354.81320690847,237748.72459521133,1565057.4648329352,1.0,0.0,,,HARDWARE_CALIBRATED_MODEL,Bootstrap resample of Stuart Robinson SX1280 short-range errors,https://stuartsprojects.github.io/2019/04/26/Semtech-SX1280-2-4Ghz-LoRa-ranging-tranceivers.html,"Resampling model built from Stuart Robinson's six published short-range SX1280 ranging observations (0-250 m, one hardware/environment configuration). The model draws errors with replacement from those six values; it does not condition on range, bandwidth, spreading factor, center frequency, LOS/NLOS state, temperature, oscillator, orientation or hardware, because six unrepeated points cannot support fitting any of those dependencies. Treat this as a rough, small-sample stand-in for a real conditional error model, not a validated one. It must not be used to claim SX1280 accuracy at ranges outside 0-250 m.",,,
scenario-000026,TDOA,Semtech SX1280,20x20x6m,20,30,20,20,6869.105710576581,16712.757941917058,25801.719038003517,28180.475533963523,38208.217789323666,8.656634065609921,72056.47794878935,104044.12989060351,106313.63116638425,1.0,0.0,,,HARDWARE_CALIBRATED_MODEL,Bootstrap resample of Stuart Robinson SX1280 short-range errors,https://stuartsprojects.github.io/2019/04/26/Semtech-SX1280-2-4Ghz-LoRa-ranging-tranceivers.html,"Resampling model built from Stuart Robinson's six published short-range SX1280 ranging observations (0-250 m, one hardware/environment configuration). The model draws errors with replacement from those six values; it does not condition on range, bandwidth, spreading factor, center frequency, LOS/NLOS state, temperature, oscillator, orientation or hardware, because six unrepeated points cannot support fitting any of those dependencies. Treat this as a rough, small-sample stand-in for a real conditional error model, not a validated one. It must not be used to claim SX1280 accuracy at ranges outside 0-250 m.",,,
scenario-000027,TDOA,Semtech SX1280,20x20x6m,5,10,20,20,-5440.268715072669,17022.161462049546,21431.65715784003,447346.8067180507,447859.8903779709,11.702261491747144,253999.8416047514,1302838.7964014667,1478393.7535152908,1.0,0.0,,,HARDWARE_CALIBRATED_MODEL,Bootstrap resample of Stuart Robinson SX1280 short-range errors,https://stuartsprojects.github.io/2019/04/26/Semtech-SX1280-2-4Ghz-LoRa-ranging-tranceivers.html,"Resampling model built from Stuart Robinson's six published short-range SX1280 ranging observations (0-250 m, one hardware/environment configuration). The model draws errors with replacement from those six values; it does not condition on range, bandwidth, spreading factor, center frequency, LOS/NLOS state, temperature, oscillator, orientation or hardware, because six unrepeated points cannot support fitting any of those dependencies. Treat this as a rough, small-sample stand-in for a real conditional error model, not a validated one. It must not be used to claim SX1280 accuracy at ranges outside 0-250 m.",,,
scenario-000027,TDOA,Semtech SX1280,20x20x6m,10,20,60,60,2891.1600614706135,13728.476515964017,19696.146816778448,343707.91723464685,344271.7975222585,17171.76774096758,115354.81320690847,237748.72459521133,1565057.4648329352,1.0,0.0,,,HARDWARE_CALIBRATED_MODEL,Bootstrap resample of Stuart Robinson SX1280 short-range errors,https://stuartsprojects.github.io/2019/04/26/Semtech-SX1280-2-4Ghz-LoRa-ranging-tranceivers.html,"Resampling model built from Stuart Robinson's six published short-range SX1280 ranging observations (0-250 m, one hardware/environment configuration). The model draws errors with replacement from those six values; it does not condition on range, bandwidth, spreading factor, center frequency, LOS/NLOS state, temperature, oscillator, orientation or hardware, because six unrepeated points cannot support fitting any of those dependencies. Treat this as a rough, small-sample stand-in for a real conditional error model, not a validated one. It must not be used to claim SX1280 accuracy at ranges outside 0-250 m.",,,
scenario-000027,TDOA,Semtech SX1280,20x20x6m,20,30,20,20,6869.105710576581,16712.757941917058,25801.719038003517,28180.475533963523,38208.217789323666,8.656634065609921,72056.47794878935,104044.12989060351,106313.63116638425,1.0,0.0,,,HARDWARE_CALIBRATED_MODEL,Bootstrap resample of Stuart Robinson SX1280 short-range errors,https://stuartsprojects.github.io/2019/04/26/Semtech-SX1280-2-4Ghz-LoRa-ranging-tranceivers.html,"Resampling model built from Stuart Robinson's six published short-range SX1280 ranging observations (0-250 m, one hardware/environment configuration). The model draws errors with replacement from those six values; it does not condition on range, bandwidth, spreading factor, center frequency, LOS/NLOS state, temperature, oscillator, orientation or hardware, because six unrepeated points cannot support fitting any of those dependencies. Treat this as a rough, small-sample stand-in for a real conditional error model, not a validated one. It must not be used to claim SX1280 accuracy at ranges outside 0-250 m.",,,
scenario-000028,SX1280_RANGING,Semtech SX1280,20x20x6m,5,10,20,20,-1.2828599749732985,2.2879646176414745,4.045972439521384,5.873391902707864,7.132084227220043,7.07172509822583,9.818077901765578,10.388127779919136,11.003985523713277,1.0,0.0,,,HARDWARE_CALIBRATED_MODEL,Bootstrap resample of Stuart Robinson SX1280 short-range errors,https://stuartsprojects.github.io/2019/04/26/Semtech-SX1280-2-4Ghz-LoRa-ranging-tranceivers.html,"Resampling model built from Stuart Robinson's six published short-range SX1280 ranging observations (0-250 m, one hardware/environment configuration). The model draws errors with replacement from those six values; it does not condition on range, bandwidth, spreading factor, center frequency, LOS/NLOS state, temperature, oscillator, orientation or hardware, because six unrepeated points cannot support fitting any of those dependencies. Treat this as a rough, small-sample stand-in for a real conditional error model, not a validated one. It must not be used to claim SX1280 accuracy at ranges outside 0-250 m.",,,
scenario-000028,SX1280_RANGING,Semtech SX1280,20x20x6m,10,20,60,60,-0.48570955050469594,2.4861662591299196,3.638324571281382,6.7273388347614835,7.648169289684941,7.46353086727854,10.231749401358913,10.51161968303135,11.27677830035459,1.0,0.0,,,HARDWARE_CALIBRATED_MODEL,Bootstrap resample of Stuart Robinson SX1280 short-range errors,https://stuartsprojects.github.io/2019/04/26/Semtech-SX1280-2-4Ghz-LoRa-ranging-tranceivers.html,"Resampling model built from Stuart Robinson's six published short-range SX1280 ranging observations (0-250 m, one hardware/environment configuration). The model draws errors with replacement from those six values; it does not condition on range, bandwidth, spreading factor, center frequency, LOS/NLOS state, temperature, oscillator, orientation or hardware, because six unrepeated points cannot support fitting any of those dependencies. Treat this as a rough, small-sample stand-in for a real conditional error model, not a validated one. It must not be used to claim SX1280 accuracy at ranges outside 0-250 m.",,,
scenario-000028,SX1280_RANGING,Semtech SX1280,20x20x6m,20,30,20,20,1.350871044120343,2.6312644996179912,4.597188869026594,4.625204917371129,6.52124727526691,6.01284114545909,8.988553667962604,9.357199336038562,10.007205492232156,1.0,0.0,,,HARDWARE_CALIBRATED_MODEL,Bootstrap resample of Stuart Robinson SX1280 short-range errors,https://stuartsprojects.github.io/2019/04/26/Semtech-SX1280-2-4Ghz-LoRa-ranging-tranceivers.html,"Resampling model built from Stuart Robinson's six published short-range SX1280 ranging observations (0-250 m, one hardware/environment configuration). The model draws errors with replacement from those six values; it does not condition on range, bandwidth, spreading factor, center frequency, LOS/NLOS state, temperature, oscillator, orientation or hardware, because six unrepeated points cannot support fitting any of those dependencies. Treat this as a rough, small-sample stand-in for a real conditional error model, not a validated one. It must not be used to claim SX1280 accuracy at ranges outside 0-250 m.",,,
scenario-000029,SX1280_RANGING,Semtech SX1280,20x20x6m,5,10,20,20,-1.2828599749732985,2.2879646176414745,4.045972439521384,5.873391902707864,7.132084227220043,7.07172509822583,9.818077901765578,10.388127779919136,11.003985523713277,1.0,0.0,,,HARDWARE_CALIBRATED_MODEL,Bootstrap resample of Stuart Robinson SX1280 short-range errors,https://stuartsprojects.github.io/2019/04/26/Semtech-SX1280-2-4Ghz-LoRa-ranging-tranceivers.html,"Resampling model built from Stuart Robinson's six published short-range SX1280 ranging observations (0-250 m, one hardware/environment configuration). The model draws errors with replacement from those six values; it does not condition on range, bandwidth, spreading factor, center frequency, LOS/NLOS state, temperature, oscillator, orientation or hardware, because six unrepeated points cannot support fitting any of those dependencies. Treat this as a rough, small-sample stand-in for a real conditional error model, not a validated one. It must not be used to claim SX1280 accuracy at ranges outside 0-250 m.",,,
scenario-000029,SX1280_RANGING,Semtech SX1280,20x20x6m,10,20,60,60,-0.48570955050469594,2.4861662591299196,3.638324571281382,6.7273388347614835,7.648169289684941,7.46353086727854,10.231749401358913,10.51161968303135,11.27677830035459,1.0,0.0,,,HARDWARE_CALIBRATED_MODEL,Bootstrap resample of Stuart Robinson SX1280 short-range errors,https://stuartsprojects.github.io/2019/04/26/Semtech-SX1280-2-4Ghz-LoRa-ranging-tranceivers.html,"Resampling model built from Stuart Robinson's six published short-range SX1280 ranging observations (0-250 m, one hardware/environment configuration). The model draws errors with replacement from those six values; it does not condition on range, bandwidth, spreading factor, center frequency, LOS/NLOS state, temperature, oscillator, orientation or hardware, because six unrepeated points cannot support fitting any of those dependencies. Treat this as a rough, small-sample stand-in for a real conditional error model, not a validated one. It must not be used to claim SX1280 accuracy at ranges outside 0-250 m.",,,
scenario-000029,SX1280_RANGING,Semtech SX1280,20x20x6m,20,30,20,20,1.350871044120343,2.6312644996179912,4.597188869026594,4.625204917371129,6.52124727526691,6.01284114545909,8.988553667962604,9.357199336038562,10.007205492232156,1.0,0.0,,,HARDWARE_CALIBRATED_MODEL,Bootstrap resample of Stuart Robinson SX1280 short-range errors,https://stuartsprojects.github.io/2019/04/26/Semtech-SX1280-2-4Ghz-LoRa-ranging-tranceivers.html,"Resampling model built from Stuart Robinson's six published short-range SX1280 ranging observations (0-250 m, one hardware/environment configuration). The model draws errors with replacement from those six values; it does not condition on range, bandwidth, spreading factor, center frequency, LOS/NLOS state, temperature, oscillator, orientation or hardware, because six unrepeated points cannot support fitting any of those dependencies. Treat this as a rough, small-sample stand-in for a real conditional error model, not a validated one. It must not be used to claim SX1280 accuracy at ranges outside 0-250 m.",,,
scenario-000030,SX1280_RANGING,Semtech SX1280,20x20x6m,5,10,20,20,-1.2828599749732985,2.2879646176414745,4.045972439521384,5.873391902707864,7.132084227220043,7.07172509822583,9.818077901765578,10.388127779919136,11.003985523713277,1.0,0.0,,,HARDWARE_CALIBRATED_MODEL,Bootstrap resample of Stuart Robinson SX1280 short-range errors,https://stuartsprojects.github.io/2019/04/26/Semtech-SX1280-2-4Ghz-LoRa-ranging-tranceivers.html,"Resampling model built from Stuart Robinson's six published short-range SX1280 ranging observations (0-250 m, one hardware/environment configuration). The model draws errors with replacement from those six values; it does not condition on range, bandwidth, spreading factor, center frequency, LOS/NLOS state, temperature, oscillator, orientation or hardware, because six unrepeated points cannot support fitting any of those dependencies. Treat this as a rough, small-sample stand-in for a real conditional error model, not a validated one. It must not be used to claim SX1280 accuracy at ranges outside 0-250 m.",,,
scenario-000030,SX1280_RANGING,Semtech SX1280,20x20x6m,10,20,60,60,-0.48570955050469594,2.4861662591299196,3.638324571281382,6.7273388347614835,7.648169289684941,7.46353086727854,10.231749401358913,10.51161968303135,11.27677830035459,1.0,0.0,,,HARDWARE_CALIBRATED_MODEL,Bootstrap resample of Stuart Robinson SX1280 short-range errors,https://stuartsprojects.github.io/2019/04/26/Semtech-SX1280-2-4Ghz-LoRa-ranging-tranceivers.html,"Resampling model built from Stuart Robinson's six published short-range SX1280 ranging observations (0-250 m, one hardware/environment configuration). The model draws errors with replacement from those six values; it does not condition on range, bandwidth, spreading factor, center frequency, LOS/NLOS state, temperature, oscillator, orientation or hardware, because six unrepeated points cannot support fitting any of those dependencies. Treat this as a rough, small-sample stand-in for a real conditional error model, not a validated one. It must not be used to claim SX1280 accuracy at ranges outside 0-250 m.",,,
scenario-000030,SX1280_RANGING,Semtech SX1280,20x20x6m,20,30,20,20,1.350871044120343,2.6312644996179912,4.597188869026594,4.625204917371129,6.52124727526691,6.01284114545909,8.988553667962604,9.357199336038562,10.007205492232156,1.0,0.0,,,HARDWARE_CALIBRATED_MODEL,Bootstrap resample of Stuart Robinson SX1280 short-range errors,https://stuartsprojects.github.io/2019/04/26/Semtech-SX1280-2-4Ghz-LoRa-ranging-tranceivers.html,"Resampling model built from Stuart Robinson's six published short-range SX1280 ranging observations (0-250 m, one hardware/environment configuration). The model draws errors with replacement from those six values; it does not condition on range, bandwidth, spreading factor, center frequency, LOS/NLOS state, temperature, oscillator, orientation or hardware, because six unrepeated points cannot support fitting any of those dependencies. Treat this as a rough, small-sample stand-in for a real conditional error model, not a validated one. It must not be used to claim SX1280 accuracy at ranges outside 0-250 m.",,,
scenario-000031,SX1280_RANGING,Semtech SX1280,20x20x6m,5,10,20,20,-1.2828599749732985,2.2879646176414745,4.045972439521384,5.873391902707864,7.132084227220043,7.07172509822583,9.818077901765578,10.388127779919136,11.003985523713277,1.0,0.0,,,HARDWARE_CALIBRATED_MODEL,Bootstrap resample of Stuart Robinson SX1280 short-range errors,https://stuartsprojects.github.io/2019/04/26/Semtech-SX1280-2-4Ghz-LoRa-ranging-tranceivers.html,"Resampling model built from Stuart Robinson's six published short-range SX1280 ranging observations (0-250 m, one hardware/environment configuration). The model draws errors with replacement from those six values; it does not condition on range, bandwidth, spreading factor, center frequency, LOS/NLOS state, temperature, oscillator, orientation or hardware, because six unrepeated points cannot support fitting any of those dependencies. Treat this as a rough, small-sample stand-in for a real conditional error model, not a validated one. It must not be used to claim SX1280 accuracy at ranges outside 0-250 m.",,,
scenario-000031,SX1280_RANGING,Semtech SX1280,20x20x6m,10,20,60,60,-0.48570955050469594,2.4861662591299196,3.638324571281382,6.7273388347614835,7.648169289684941,7.46353086727854,10.231749401358913,10.51161968303135,11.27677830035459,1.0,0.0,,,HARDWARE_CALIBRATED_MODEL,Bootstrap resample of Stuart Robinson SX1280 short-range errors,https://stuartsprojects.github.io/2019/04/26/Semtech-SX1280-2-4Ghz-LoRa-ranging-tranceivers.html,"Resampling model built from Stuart Robinson's six published short-range SX1280 ranging observations (0-250 m, one hardware/environment configuration). The model draws errors with replacement from those six values; it does not condition on range, bandwidth, spreading factor, center frequency, LOS/NLOS state, temperature, oscillator, orientation or hardware, because six unrepeated points cannot support fitting any of those dependencies. Treat this as a rough, small-sample stand-in for a real conditional error model, not a validated one. It must not be used to claim SX1280 accuracy at ranges outside 0-250 m.",,,
scenario-000031,SX1280_RANGING,Semtech SX1280,20x20x6m,20,30,20,20,1.350871044120343,2.6312644996179912,4.597188869026594,4.625204917371129,6.52124727526691,6.01284114545909,8.988553667962604,9.357199336038562,10.007205492232156,1.0,0.0,,,HARDWARE_CALIBRATED_MODEL,Bootstrap resample of Stuart Robinson SX1280 short-range errors,https://stuartsprojects.github.io/2019/04/26/Semtech-SX1280-2-4Ghz-LoRa-ranging-tranceivers.html,"Resampling model built from Stuart Robinson's six published short-range SX1280 ranging observations (0-250 m, one hardware/environment configuration). The model draws errors with replacement from those six values; it does not condition on range, bandwidth, spreading factor, center frequency, LOS/NLOS state, temperature, oscillator, orientation or hardware, because six unrepeated points cannot support fitting any of those dependencies. Treat this as a rough, small-sample stand-in for a real conditional error model, not a validated one. It must not be used to claim SX1280 accuracy at ranges outside 0-250 m.",,,
scenario-000032,UWB_SS_TWR,unspecified,20x20x6m,5,10,20,20,-0.030498717666309648,0.17199146267031762,0.22066280554468534,0.5061602703132584,0.5521687178702197,0.3175489254234088,0.8805601860949162,0.9046561869734644,1.0821325670198803,1.0,0.0,,,SIMULATED_MONTE_CARLO,Configured Gaussian/NLOS-bias range-error model,,"Synthetic model: N(0, 0.1500 m) range noise, plus a 0.500 m bias applied to a randomly selected 10% of attempts. Parameters come directly from this scenario's configuration, not from a measurement or a hardware-calibrated fit.",,,
scenario-000032,UWB_SS_TWR,unspecified,20x20x6m,10,20,60,60,0.0021184786814484992,0.15291086345240404,0.23023790783263062,0.3317329980444387,0.40380227363735643,0.2915795798407598,0.6145688031371115,0.6579668048134822,0.8361379277015908,1.0,0.0,,,SIMULATED_MONTE_CARLO,Configured Gaussian/NLOS-bias range-error model,,"Synthetic model: N(0, 0.1500 m) range noise, plus a 0.500 m bias applied to a randomly selected 10% of attempts. Parameters come directly from this scenario's configuration, not from a measurement or a hardware-calibrated fit.",,,
scenario-000032,UWB_SS_TWR,unspecified,20x20x6m,20,30,20,20,-0.004147501735685033,0.11333652787841489,0.1922950489773568,0.4054863309868332,0.4487722701753838,0.20544897216794866,0.785992310881347,0.9204189937713725,1.0103141546356835,1.0,0.0,,,SIMULATED_MONTE_CARLO,Configured Gaussian/NLOS-bias range-error model,,"Synthetic model: N(0, 0.1500 m) range noise, plus a 0.500 m bias applied to a randomly selected 10% of attempts. Parameters come directly from this scenario's configuration, not from a measurement or a hardware-calibrated fit.",,,
scenario-000033,UWB_SS_TWR,unspecified,20x20x6m,5,10,20,20,-0.030498717666309648,0.17199146267031762,0.22066280554468534,0.5061602703132584,0.5521687178702197,0.3175489254234088,0.8805601860949162,0.9046561869734644,1.0821325670198803,1.0,0.0,,,SIMULATED_MONTE_CARLO,Configured Gaussian/NLOS-bias range-error model,,"Synthetic model: N(0, 0.1500 m) range noise, plus a 0.500 m bias applied to a randomly selected 10% of attempts. Parameters come directly from this scenario's configuration, not from a measurement or a hardware-calibrated fit.",,,
scenario-000033,UWB_SS_TWR,unspecified,20x20x6m,10,20,60,60,0.0021184786814484992,0.15291086345240404,0.23023790783263062,0.3317329980444387,0.40380227363735643,0.2915795798407598,0.6145688031371115,0.6579668048134822,0.8361379277015908,1.0,0.0,,,SIMULATED_MONTE_CARLO,Configured Gaussian/NLOS-bias range-error model,,"Synthetic model: N(0, 0.1500 m) range noise, plus a 0.500 m bias applied to a randomly selected 10% of attempts. Parameters come directly from this scenario's configuration, not from a measurement or a hardware-calibrated fit.",,,
scenario-000033,UWB_SS_TWR,unspecified,20x20x6m,20,30,20,20,-0.004147501735685033,0.11333652787841489,0.1922950489773568,0.4054863309868332,0.4487722701753838,0.20544897216794866,0.785992310881347,0.9204189937713725,1.0103141546356835,1.0,0.0,,,SIMULATED_MONTE_CARLO,Configured Gaussian/NLOS-bias range-error model,,"Synthetic model: N(0, 0.1500 m) range noise, plus a 0.500 m bias applied to a randomly selected 10% of attempts. Parameters come directly from this scenario's configuration, not from a measurement or a hardware-calibrated fit.",,,
scenario-000034,UWB_SS_TWR,unspecified,20x20x6m,5,10,20,20,-0.030498717666309648,0.17199146267031762,0.22066280554468534,0.5061602703132584,0.5521687178702197,0.3175489254234088,0.8805601860949162,0.9046561869734644,1.0821325670198803,1.0,0.0,,,SIMULATED_MONTE_CARLO,Configured Gaussian/NLOS-bias range-error model,,"Synthetic model: N(0, 0.1500 m) range noise, plus a 0.500 m bias applied to a randomly selected 10% of attempts. Parameters come directly from this scenario's configuration, not from a measurement or a hardware-calibrated fit.",,,
scenario-000034,UWB_SS_TWR,unspecified,20x20x6m,10,20,60,60,0.0021184786814484992,0.15291086345240404,0.23023790783263062,0.3317329980444387,0.40380227363735643,0.2915795798407598,0.6145688031371115,0.6579668048134822,0.8361379277015908,1.0,0.0,,,SIMULATED_MONTE_CARLO,Configured Gaussian/NLOS-bias range-error model,,"Synthetic model: N(0, 0.1500 m) range noise, plus a 0.500 m bias applied to a randomly selected 10% of attempts. Parameters come directly from this scenario's configuration, not from a measurement or a hardware-calibrated fit.",,,
scenario-000034,UWB_SS_TWR,unspecified,20x20x6m,20,30,20,20,-0.004147501735685033,0.11333652787841489,0.1922950489773568,0.4054863309868332,0.4487722701753838,0.20544897216794866,0.785992310881347,0.9204189937713725,1.0103141546356835,1.0,0.0,,,SIMULATED_MONTE_CARLO,Configured Gaussian/NLOS-bias range-error model,,"Synthetic model: N(0, 0.1500 m) range noise, plus a 0.500 m bias applied to a randomly selected 10% of attempts. Parameters come directly from this scenario's configuration, not from a measurement or a hardware-calibrated fit.",,,
scenario-000035,UWB_SS_TWR,unspecified,20x20x6m,5,10,20,20,-0.030498717666309648,0.17199146267031762,0.22066280554468534,0.5061602703132584,0.5521687178702197,0.3175489254234088,0.8805601860949162,0.9046561869734644,1.0821325670198803,1.0,0.0,,,SIMULATED_MONTE_CARLO,Configured Gaussian/NLOS-bias range-error model,,"Synthetic model: N(0, 0.1500 m) range noise, plus a 0.500 m bias applied to a randomly selected 10% of attempts. Parameters come directly from this scenario's configuration, not from a measurement or a hardware-calibrated fit.",,,
scenario-000035,UWB_SS_TWR,unspecified,20x20x6m,10,20,60,60,0.0021184786814484992,0.15291086345240404,0.23023790783263062,0.3317329980444387,0.40380227363735643,0.2915795798407598,0.6145688031371115,0.6579668048134822,0.8361379277015908,1.0,0.0,,,SIMULATED_MONTE_CARLO,Configured Gaussian/NLOS-bias range-error model,,"Synthetic model: N(0, 0.1500 m) range noise, plus a 0.500 m bias applied to a randomly selected 10% of attempts. Parameters come directly from this scenario's configuration, not from a measurement or a hardware-calibrated fit.",,,
scenario-000035,UWB_SS_TWR,unspecified,20x20x6m,20,30,20,20,-0.004147501735685033,0.11333652787841489,0.1922950489773568,0.4054863309868332,0.4487722701753838,0.20544897216794866,0.785992310881347,0.9204189937713725,1.0103141546356835,1.0,0.0,,,SIMULATED_MONTE_CARLO,Configured Gaussian/NLOS-bias range-error model,,"Synthetic model: N(0, 0.1500 m) range noise, plus a 0.500 m bias applied to a randomly selected 10% of attempts. Parameters come directly from this scenario's configuration, not from a measurement or a hardware-calibrated fit.",,,
scenario-000036,UWB_DS_TWR,unspecified,20x20x6m,5,10,20,20,-0.030498717666309648,0.17199146267031762,0.22066280554468534,0.5061602703132584,0.5521687178702197,0.3175489254234088,0.8805601860949162,0.9046561869734644,1.0821325670198803,1.0,0.0,,,SIMULATED_MONTE_CARLO,Configured Gaussian/NLOS-bias range-error model,,"Synthetic model: N(0, 0.1500 m) range noise, plus a 0.500 m bias applied to a randomly selected 10% of attempts. Parameters come directly from this scenario's configuration, not from a measurement or a hardware-calibrated fit.",,,
scenario-000036,UWB_DS_TWR,unspecified,20x20x6m,10,20,60,60,0.0021184786814484992,0.15291086345240404,0.23023790783263062,0.3317329980444387,0.40380227363735643,0.2915795798407598,0.6145688031371115,0.6579668048134822,0.8361379277015908,1.0,0.0,,,SIMULATED_MONTE_CARLO,Configured Gaussian/NLOS-bias range-error model,,"Synthetic model: N(0, 0.1500 m) range noise, plus a 0.500 m bias applied to a randomly selected 10% of attempts. Parameters come directly from this scenario's configuration, not from a measurement or a hardware-calibrated fit.",,,
scenario-000036,UWB_DS_TWR,unspecified,20x20x6m,20,30,20,20,-0.004147501735685033,0.11333652787841489,0.1922950489773568,0.4054863309868332,0.4487722701753838,0.20544897216794866,0.785992310881347,0.9204189937713725,1.0103141546356835,1.0,0.0,,,SIMULATED_MONTE_CARLO,Configured Gaussian/NLOS-bias range-error model,,"Synthetic model: N(0, 0.1500 m) range noise, plus a 0.500 m bias applied to a randomly selected 10% of attempts. Parameters come directly from this scenario's configuration, not from a measurement or a hardware-calibrated fit.",,,
scenario-000037,UWB_DS_TWR,unspecified,20x20x6m,5,10,20,20,-0.030498717666309648,0.17199146267031762,0.22066280554468534,0.5061602703132584,0.5521687178702197,0.3175489254234088,0.8805601860949162,0.9046561869734644,1.0821325670198803,1.0,0.0,,,SIMULATED_MONTE_CARLO,Configured Gaussian/NLOS-bias range-error model,,"Synthetic model: N(0, 0.1500 m) range noise, plus a 0.500 m bias applied to a randomly selected 10% of attempts. Parameters come directly from this scenario's configuration, not from a measurement or a hardware-calibrated fit.",,,
scenario-000037,UWB_DS_TWR,unspecified,20x20x6m,10,20,60,60,0.0021184786814484992,0.15291086345240404,0.23023790783263062,0.3317329980444387,0.40380227363735643,0.2915795798407598,0.6145688031371115,0.6579668048134822,0.8361379277015908,1.0,0.0,,,SIMULATED_MONTE_CARLO,Configured Gaussian/NLOS-bias range-error model,,"Synthetic model: N(0, 0.1500 m) range noise, plus a 0.500 m bias applied to a randomly selected 10% of attempts. Parameters come directly from this scenario's configuration, not from a measurement or a hardware-calibrated fit.",,,
scenario-000037,UWB_DS_TWR,unspecified,20x20x6m,20,30,20,20,-0.004147501735685033,0.11333652787841489,0.1922950489773568,0.4054863309868332,0.4487722701753838,0.20544897216794866,0.785992310881347,0.9204189937713725,1.0103141546356835,1.0,0.0,,,SIMULATED_MONTE_CARLO,Configured Gaussian/NLOS-bias range-error model,,"Synthetic model: N(0, 0.1500 m) range noise, plus a 0.500 m bias applied to a randomly selected 10% of attempts. Parameters come directly from this scenario's configuration, not from a measurement or a hardware-calibrated fit.",,,
scenario-000038,UWB_DS_TWR,unspecified,20x20x6m,5,10,20,20,-0.030498717666309648,0.17199146267031762,0.22066280554468534,0.5061602703132584,0.5521687178702197,0.3175489254234088,0.8805601860949162,0.9046561869734644,1.0821325670198803,1.0,0.0,,,SIMULATED_MONTE_CARLO,Configured Gaussian/NLOS-bias range-error model,,"Synthetic model: N(0, 0.1500 m) range noise, plus a 0.500 m bias applied to a randomly selected 10% of attempts. Parameters come directly from this scenario's configuration, not from a measurement or a hardware-calibrated fit.",,,
scenario-000038,UWB_DS_TWR,unspecified,20x20x6m,10,20,60,60,0.0021184786814484992,0.15291086345240404,0.23023790783263062,0.3317329980444387,0.40380227363735643,0.2915795798407598,0.6145688031371115,0.6579668048134822,0.8361379277015908,1.0,0.0,,,SIMULATED_MONTE_CARLO,Configured Gaussian/NLOS-bias range-error model,,"Synthetic model: N(0, 0.1500 m) range noise, plus a 0.500 m bias applied to a randomly selected 10% of attempts. Parameters come directly from this scenario's configuration, not from a measurement or a hardware-calibrated fit.",,,
scenario-000038,UWB_DS_TWR,unspecified,20x20x6m,20,30,20,20,-0.004147501735685033,0.11333652787841489,0.1922950489773568,0.4054863309868332,0.4487722701753838,0.20544897216794866,0.785992310881347,0.9204189937713725,1.0103141546356835,1.0,0.0,,,SIMULATED_MONTE_CARLO,Configured Gaussian/NLOS-bias range-error model,,"Synthetic model: N(0, 0.1500 m) range noise, plus a 0.500 m bias applied to a randomly selected 10% of attempts. Parameters come directly from this scenario's configuration, not from a measurement or a hardware-calibrated fit.",,,
scenario-000039,UWB_DS_TWR,unspecified,20x20x6m,5,10,20,20,-0.030498717666309648,0.17199146267031762,0.22066280554468534,0.5061602703132584,0.5521687178702197,0.3175489254234088,0.8805601860949162,0.9046561869734644,1.0821325670198803,1.0,0.0,,,SIMULATED_MONTE_CARLO,Configured Gaussian/NLOS-bias range-error model,,"Synthetic model: N(0, 0.1500 m) range noise, plus a 0.500 m bias applied to a randomly selected 10% of attempts. Parameters come directly from this scenario's configuration, not from a measurement or a hardware-calibrated fit.",,,
scenario-000039,UWB_DS_TWR,unspecified,20x20x6m,10,20,60,60,0.0021184786814484992,0.15291086345240404,0.23023790783263062,0.3317329980444387,0.40380227363735643,0.2915795798407598,0.6145688031371115,0.6579668048134822,0.8361379277015908,1.0,0.0,,,SIMULATED_MONTE_CARLO,Configured Gaussian/NLOS-bias range-error model,,"Synthetic model: N(0, 0.1500 m) range noise, plus a 0.500 m bias applied to a randomly selected 10% of attempts. Parameters come directly from this scenario's configuration, not from a measurement or a hardware-calibrated fit.",,,
scenario-000039,UWB_DS_TWR,unspecified,20x20x6m,20,30,20,20,-0.004147501735685033,0.11333652787841489,0.1922950489773568,0.4054863309868332,0.4487722701753838,0.20544897216794866,0.785992310881347,0.9204189937713725,1.0103141546356835,1.0,0.0,,,SIMULATED_MONTE_CARLO,Configured Gaussian/NLOS-bias range-error model,,"Synthetic model: N(0, 0.1500 m) range noise, plus a 0.500 m bias applied to a randomly selected 10% of attempts. Parameters come directly from this scenario's configuration, not from a measurement or a hardware-calibrated fit.",,,
scenario-000040,TDOA,unspecified,20x20x6m,5,10,20,20,0.011491015209372013,0.17949398275112832,0.2514493297336524,0.4685150755019366,0.531726566381715,0.3984463052582544,0.7227672272629472,0.764977833022812,1.0568803662432995,1.0,0.0,,,SIMULATED_MONTE_CARLO,Configured Gaussian/NLOS-bias range-error model,,"Synthetic model: N(0, 0.1500 m) range noise, plus a 0.500 m bias applied to a randomly selected 10% of attempts. Parameters come directly from this scenario's configuration, not from a measurement or a hardware-calibrated fit.",,,
scenario-000040,TDOA,unspecified,20x20x6m,10,20,60,60,-0.007474015810635744,0.16774256784358804,0.23869937957304382,0.33541208980581994,0.4116778641079254,0.3289614222479954,0.6088203733039731,0.7623589818699174,0.9006166744270568,1.0,0.0,,,SIMULATED_MONTE_CARLO,Configured Gaussian/NLOS-bias range-error model,,"Synthetic model: N(0, 0.1500 m) range noise, plus a 0.500 m bias applied to a randomly selected 10% of attempts. Parameters come directly from this scenario's configuration, not from a measurement or a hardware-calibrated fit.",,,
scenario-000040,TDOA,unspecified,20x20x6m,20,30,20,20,-0.021476469844964364,0.21417145369980578,0.39469521602981106,0.7859931418454754,0.8795280169414393,0.40057648383268435,1.0322797625337543,2.017193082553593,2.604311187015676,1.0,0.0,,,SIMULATED_MONTE_CARLO,Configured Gaussian/NLOS-bias range-error model,,"Synthetic model: N(0, 0.1500 m) range noise, plus a 0.500 m bias applied to a randomly selected 10% of attempts. Parameters come directly from this scenario's configuration, not from a measurement or a hardware-calibrated fit.",,,
scenario-000041,TDOA,unspecified,20x20x6m,5,10,20,20,0.011491015209372013,0.17949398275112832,0.2514493297336524,0.4685150755019366,0.531726566381715,0.3984463052582544,0.7227672272629472,0.764977833022812,1.0568803662432995,1.0,0.0,,,SIMULATED_MONTE_CARLO,Configured Gaussian/NLOS-bias range-error model,,"Synthetic model: N(0, 0.1500 m) range noise, plus a 0.500 m bias applied to a randomly selected 10% of attempts. Parameters come directly from this scenario's configuration, not from a measurement or a hardware-calibrated fit.",,,
scenario-000041,TDOA,unspecified,20x20x6m,10,20,60,60,-0.007474015810635744,0.16774256784358804,0.23869937957304382,0.33541208980581994,0.4116778641079254,0.3289614222479954,0.6088203733039731,0.7623589818699174,0.9006166744270568,1.0,0.0,,,SIMULATED_MONTE_CARLO,Configured Gaussian/NLOS-bias range-error model,,"Synthetic model: N(0, 0.1500 m) range noise, plus a 0.500 m bias applied to a randomly selected 10% of attempts. Parameters come directly from this scenario's configuration, not from a measurement or a hardware-calibrated fit.",,,
scenario-000041,TDOA,unspecified,20x20x6m,20,30,20,20,-0.021476469844964364,0.21417145369980578,0.39469521602981106,0.7859931418454754,0.8795280169414393,0.40057648383268435,1.0322797625337543,2.017193082553593,2.604311187015676,1.0,0.0,,,SIMULATED_MONTE_CARLO,Configured Gaussian/NLOS-bias range-error model,,"Synthetic model: N(0, 0.1500 m) range noise, plus a 0.500 m bias applied to a randomly selected 10% of attempts. Parameters come directly from this scenario's configuration, not from a measurement or a hardware-calibrated fit.",,,
scenario-000042,TDOA,unspecified,20x20x6m,5,10,20,20,0.011491015209372013,0.17949398275112832,0.2514493297336524,0.4685150755019366,0.531726566381715,0.3984463052582544,0.7227672272629472,0.764977833022812,1.0568803662432995,1.0,0.0,,,SIMULATED_MONTE_CARLO,Configured Gaussian/NLOS-bias range-error model,,"Synthetic model: N(0, 0.1500 m) range noise, plus a 0.500 m bias applied to a randomly selected 10% of attempts. Parameters come directly from this scenario's configuration, not from a measurement or a hardware-calibrated fit.",,,
scenario-000042,TDOA,unspecified,20x20x6m,10,20,60,60,-0.007474015810635744,0.16774256784358804,0.23869937957304382,0.33541208980581994,0.4116778641079254,0.3289614222479954,0.6088203733039731,0.7623589818699174,0.9006166744270568,1.0,0.0,,,SIMULATED_MONTE_CARLO,Configured Gaussian/NLOS-bias range-error model,,"Synthetic model: N(0, 0.1500 m) range noise, plus a 0.500 m bias applied to a randomly selected 10% of attempts. Parameters come directly from this scenario's configuration, not from a measurement or a hardware-calibrated fit.",,,
scenario-000042,TDOA,unspecified,20x20x6m,20,30,20,20,-0.021476469844964364,0.21417145369980578,0.39469521602981106,0.7859931418454754,0.8795280169414393,0.40057648383268435,1.0322797625337543,2.017193082553593,2.604311187015676,1.0,0.0,,,SIMULATED_MONTE_CARLO,Configured Gaussian/NLOS-bias range-error model,,"Synthetic model: N(0, 0.1500 m) range noise, plus a 0.500 m bias applied to a randomly selected 10% of attempts. Parameters come directly from this scenario's configuration, not from a measurement or a hardware-calibrated fit.",,,
scenario-000043,TDOA,unspecified,20x20x6m,5,10,20,20,0.011491015209372013,0.17949398275112832,0.2514493297336524,0.4685150755019366,0.531726566381715,0.3984463052582544,0.7227672272629472,0.764977833022812,1.0568803662432995,1.0,0.0,,,SIMULATED_MONTE_CARLO,Configured Gaussian/NLOS-bias range-error model,,"Synthetic model: N(0, 0.1500 m) range noise, plus a 0.500 m bias applied to a randomly selected 10% of attempts. Parameters come directly from this scenario's configuration, not from a measurement or a hardware-calibrated fit.",,,
scenario-000043,TDOA,unspecified,20x20x6m,10,20,60,60,-0.007474015810635744,0.16774256784358804,0.23869937957304382,0.33541208980581994,0.4116778641079254,0.3289614222479954,0.6088203733039731,0.7623589818699174,0.9006166744270568,1.0,0.0,,,SIMULATED_MONTE_CARLO,Configured Gaussian/NLOS-bias range-error model,,"Synthetic model: N(0, 0.1500 m) range noise, plus a 0.500 m bias applied to a randomly selected 10% of attempts. Parameters come directly from this scenario's configuration, not from a measurement or a hardware-calibrated fit.",,,
scenario-000043,TDOA,unspecified,20x20x6m,20,30,20,20,-0.021476469844964364,0.21417145369980578,0.39469521602981106,0.7859931418454754,0.8795280169414393,0.40057648383268435,1.0322797625337543,2.017193082553593,2.604311187015676,1.0,0.0,,,SIMULATED_MONTE_CARLO,Configured Gaussian/NLOS-bias range-error model,,"Synthetic model: N(0, 0.1500 m) range noise, plus a 0.500 m bias applied to a randomly selected 10% of attempts. Parameters come directly from this scenario's configuration, not from a measurement or a hardware-calibrated fit.",,,
scenario-000044,SX1280_RANGING,unspecified,20x20x6m,5,10,20,20,-0.030498717666309648,0.17199146267031762,0.22066280554468534,0.5061602703132584,0.5521687178702197,0.3175489254234088,0.8805601860949162,0.9046561869734644,1.0821325670198803,1.0,0.0,,,SIMULATED_MONTE_CARLO,Configured Gaussian/NLOS-bias range-error model,,"Synthetic model: N(0, 0.1500 m) range noise, plus a 0.500 m bias applied to a randomly selected 10% of attempts. Parameters come directly from this scenario's configuration, not from a measurement or a hardware-calibrated fit.",,,
scenario-000044,SX1280_RANGING,unspecified,20x20x6m,10,20,60,60,0.0021184786814484992,0.15291086345240404,0.23023790783263062,0.3317329980444387,0.40380227363735643,0.2915795798407598,0.6145688031371115,0.6579668048134822,0.8361379277015908,1.0,0.0,,,SIMULATED_MONTE_CARLO,Configured Gaussian/NLOS-bias range-error model,,"Synthetic model: N(0, 0.1500 m) range noise, plus a 0.500 m bias applied to a randomly selected 10% of attempts. Parameters come directly from this scenario's configuration, not from a measurement or a hardware-calibrated fit.",,,
scenario-000044,SX1280_RANGING,unspecified,20x20x6m,20,30,20,20,-0.004147501735685033,0.11333652787841489,0.1922950489773568,0.4054863309868332,0.4487722701753838,0.20544897216794866,0.785992310881347,0.9204189937713725,1.0103141546356835,1.0,0.0,,,SIMULATED_MONTE_CARLO,Configured Gaussian/NLOS-bias range-error model,,"Synthetic model: N(0, 0.1500 m) range noise, plus a 0.500 m bias applied to a randomly selected 10% of attempts. Parameters come directly from this scenario's configuration, not from a measurement or a hardware-calibrated fit.",,,
scenario-000045,SX1280_RANGING,unspecified,20x20x6m,5,10,20,20,-0.030498717666309648,0.17199146267031762,0.22066280554468534,0.5061602703132584,0.5521687178702197,0.3175489254234088,0.8805601860949162,0.9046561869734644,1.0821325670198803,1.0,0.0,,,SIMULATED_MONTE_CARLO,Configured Gaussian/NLOS-bias range-error model,,"Synthetic model: N(0, 0.1500 m) range noise, plus a 0.500 m bias applied to a randomly selected 10% of attempts. Parameters come directly from this scenario's configuration, not from a measurement or a hardware-calibrated fit.",,,
scenario-000045,SX1280_RANGING,unspecified,20x20x6m,10,20,60,60,0.0021184786814484992,0.15291086345240404,0.23023790783263062,0.3317329980444387,0.40380227363735643,0.2915795798407598,0.6145688031371115,0.6579668048134822,0.8361379277015908,1.0,0.0,,,SIMULATED_MONTE_CARLO,Configured Gaussian/NLOS-bias range-error model,,"Synthetic model: N(0, 0.1500 m) range noise, plus a 0.500 m bias applied to a randomly selected 10% of attempts. Parameters come directly from this scenario's configuration, not from a measurement or a hardware-calibrated fit.",,,
scenario-000045,SX1280_RANGING,unspecified,20x20x6m,20,30,20,20,-0.004147501735685033,0.11333652787841489,0.1922950489773568,0.4054863309868332,0.4487722701753838,0.20544897216794866,0.785992310881347,0.9204189937713725,1.0103141546356835,1.0,0.0,,,SIMULATED_MONTE_CARLO,Configured Gaussian/NLOS-bias range-error model,,"Synthetic model: N(0, 0.1500 m) range noise, plus a 0.500 m bias applied to a randomly selected 10% of attempts. Parameters come directly from this scenario's configuration, not from a measurement or a hardware-calibrated fit.",,,
scenario-000046,SX1280_RANGING,unspecified,20x20x6m,5,10,20,20,-0.030498717666309648,0.17199146267031762,0.22066280554468534,0.5061602703132584,0.5521687178702197,0.3175489254234088,0.8805601860949162,0.9046561869734644,1.0821325670198803,1.0,0.0,,,SIMULATED_MONTE_CARLO,Configured Gaussian/NLOS-bias range-error model,,"Synthetic model: N(0, 0.1500 m) range noise, plus a 0.500 m bias applied to a randomly selected 10% of attempts. Parameters come directly from this scenario's configuration, not from a measurement or a hardware-calibrated fit.",,,
scenario-000046,SX1280_RANGING,unspecified,20x20x6m,10,20,60,60,0.0021184786814484992,0.15291086345240404,0.23023790783263062,0.3317329980444387,0.40380227363735643,0.2915795798407598,0.6145688031371115,0.6579668048134822,0.8361379277015908,1.0,0.0,,,SIMULATED_MONTE_CARLO,Configured Gaussian/NLOS-bias range-error model,,"Synthetic model: N(0, 0.1500 m) range noise, plus a 0.500 m bias applied to a randomly selected 10% of attempts. Parameters come directly from this scenario's configuration, not from a measurement or a hardware-calibrated fit.",,,
scenario-000046,SX1280_RANGING,unspecified,20x20x6m,20,30,20,20,-0.004147501735685033,0.11333652787841489,0.1922950489773568,0.4054863309868332,0.4487722701753838,0.20544897216794866,0.785992310881347,0.9204189937713725,1.0103141546356835,1.0,0.0,,,SIMULATED_MONTE_CARLO,Configured Gaussian/NLOS-bias range-error model,,"Synthetic model: N(0, 0.1500 m) range noise, plus a 0.500 m bias applied to a randomly selected 10% of attempts. Parameters come directly from this scenario's configuration, not from a measurement or a hardware-calibrated fit.",,,
scenario-000047,SX1280_RANGING,unspecified,20x20x6m,5,10,20,20,-0.030498717666309648,0.17199146267031762,0.22066280554468534,0.5061602703132584,0.5521687178702197,0.3175489254234088,0.8805601860949162,0.9046561869734644,1.0821325670198803,1.0,0.0,,,SIMULATED_MONTE_CARLO,Configured Gaussian/NLOS-bias range-error model,,"Synthetic model: N(0, 0.1500 m) range noise, plus a 0.500 m bias applied to a randomly selected 10% of attempts. Parameters come directly from this scenario's configuration, not from a measurement or a hardware-calibrated fit.",,,
scenario-000047,SX1280_RANGING,unspecified,20x20x6m,10,20,60,60,0.0021184786814484992,0.15291086345240404,0.23023790783263062,0.3317329980444387,0.40380227363735643,0.2915795798407598,0.6145688031371115,0.6579668048134822,0.8361379277015908,1.0,0.0,,,SIMULATED_MONTE_CARLO,Configured Gaussian/NLOS-bias range-error model,,"Synthetic model: N(0, 0.1500 m) range noise, plus a 0.500 m bias applied to a randomly selected 10% of attempts. Parameters come directly from this scenario's configuration, not from a measurement or a hardware-calibrated fit.",,,
scenario-000047,SX1280_RANGING,unspecified,20x20x6m,20,30,20,20,-0.004147501735685033,0.11333652787841489,0.1922950489773568,0.4054863309868332,0.4487722701753838,0.20544897216794866,0.785992310881347,0.9204189937713725,1.0103141546356835,1.0,0.0,,,SIMULATED_MONTE_CARLO,Configured Gaussian/NLOS-bias range-error model,,"Synthetic model: N(0, 0.1500 m) range noise, plus a 0.500 m bias applied to a randomly selected 10% of attempts. Parameters come directly from this scenario's configuration, not from a measurement or a hardware-calibrated fit.",,,
scenario-000048,UWB_SS_TWR,Semtech SX1280,20x20x6m,5,10,20,20,-1.0117336092155582,2.618211431294263,3.6414925285759825,6.9511438487248505,7.847220440470627,7.530415479078567,8.988117282024195,10.460057218450055,12.901015475001401,1.0,0.0,,,HARDWARE_CALIBRATED_MODEL,Bootstrap resample of Stuart Robinson SX1280 short-range errors,https://stuartsprojects.github.io/2019/04/26/Semtech-SX1280-2-4Ghz-LoRa-ranging-tranceivers.html,"Resampling model built from Stuart Robinson's six published short-range SX1280 ranging observations (0-250 m, one hardware/environment configuration). The model draws errors with replacement from those six values; it does not condition on range, bandwidth, spreading factor, center frequency, LOS/NLOS state, temperature, oscillator, orientation or hardware, because six unrepeated points cannot support fitting any of those dependencies. Treat this as a rough, small-sample stand-in for a real conditional error model, not a validated one. It must not be used to claim SX1280 accuracy at ranges outside 0-250 m.",,,
scenario-000048,UWB_SS_TWR,Semtech SX1280,20x20x6m,10,20,60,60,0.03225357198425467,2.461332098342869,3.2764430091504018,7.094389247526614,7.814437765292636,7.862256520042985,10.276721879663729,10.707937739994101,11.22489196799908,1.0,0.0,,,HARDWARE_CALIBRATED_MODEL,Bootstrap resample of Stuart Robinson SX1280 short-range errors,https://stuartsprojects.github.io/2019/04/26/Semtech-SX1280-2-4Ghz-LoRa-ranging-tranceivers.html,"Resampling model built from Stuart Robinson's six published short-range SX1280 ranging observations (0-250 m, one hardware/environment configuration). The model draws errors with replacement from those six values; it does not condition on range, bandwidth, spreading factor, center frequency, LOS/NLOS state, temperature, oscillator, orientation or hardware, because six unrepeated points cannot support fitting any of those dependencies. Treat this as a rough, small-sample stand-in for a real conditional error model, not a validated one. It must not be used to claim SX1280 accuracy at ranges outside 0-250 m.",,,
scenario-000048,UWB_SS_TWR,Semtech SX1280,20x20x6m,20,30,20,20,0.34064703107954725,2.392143595016445,3.5666413648603026,9.013644442473252,9.693643110867116,8.042159313878186,13.980272124307321,14.526364773341355,15.045805563338217,1.0,0.0,,,HARDWARE_CALIBRATED_MODEL,Bootstrap resample of Stuart Robinson SX1280 short-range errors,https://stuartsprojects.github.io/2019/04/26/Semtech-SX1280-2-4Ghz-LoRa-ranging-tranceivers.html,"Resampling model built from Stuart Robinson's six published short-range SX1280 ranging observations (0-250 m, one hardware/environment configuration). The model draws errors with replacement from those six values; it does not condition on range, bandwidth, spreading factor, center frequency, LOS/NLOS state, temperature, oscillator, orientation or hardware, because six unrepeated points cannot support fitting any of those dependencies. Treat this as a rough, small-sample stand-in for a real conditional error model, not a validated one. It must not be used to claim SX1280 accuracy at ranges outside 0-250 m.",,,
scenario-000049,UWB_SS_TWR,Semtech SX1280,20x20x6m,5,10,20,20,-1.0117336092155582,2.618211431294263,3.6414925285759825,6.9511438487248505,7.847220440470627,7.530415479078567,8.988117282024195,10.460057218450055,12.901015475001401,1.0,0.0,,,HARDWARE_CALIBRATED_MODEL,Bootstrap resample of Stuart Robinson SX1280 short-range errors,https://stuartsprojects.github.io/2019/04/26/Semtech-SX1280-2-4Ghz-LoRa-ranging-tranceivers.html,"Resampling model built from Stuart Robinson's six published short-range SX1280 ranging observations (0-250 m, one hardware/environment configuration). The model draws errors with replacement from those six values; it does not condition on range, bandwidth, spreading factor, center frequency, LOS/NLOS state, temperature, oscillator, orientation or hardware, because six unrepeated points cannot support fitting any of those dependencies. Treat this as a rough, small-sample stand-in for a real conditional error model, not a validated one. It must not be used to claim SX1280 accuracy at ranges outside 0-250 m.",,,
scenario-000049,UWB_SS_TWR,Semtech SX1280,20x20x6m,10,20,60,60,0.03225357198425467,2.461332098342869,3.2764430091504018,7.094389247526614,7.814437765292636,7.862256520042985,10.276721879663729,10.707937739994101,11.22489196799908,1.0,0.0,,,HARDWARE_CALIBRATED_MODEL,Bootstrap resample of Stuart Robinson SX1280 short-range errors,https://stuartsprojects.github.io/2019/04/26/Semtech-SX1280-2-4Ghz-LoRa-ranging-tranceivers.html,"Resampling model built from Stuart Robinson's six published short-range SX1280 ranging observations (0-250 m, one hardware/environment configuration). The model draws errors with replacement from those six values; it does not condition on range, bandwidth, spreading factor, center frequency, LOS/NLOS state, temperature, oscillator, orientation or hardware, because six unrepeated points cannot support fitting any of those dependencies. Treat this as a rough, small-sample stand-in for a real conditional error model, not a validated one. It must not be used to claim SX1280 accuracy at ranges outside 0-250 m.",,,
scenario-000049,UWB_SS_TWR,Semtech SX1280,20x20x6m,20,30,20,20,0.34064703107954725,2.392143595016445,3.5666413648603026,9.013644442473252,9.693643110867116,8.042159313878186,13.980272124307321,14.526364773341355,15.045805563338217,1.0,0.0,,,HARDWARE_CALIBRATED_MODEL,Bootstrap resample of Stuart Robinson SX1280 short-range errors,https://stuartsprojects.github.io/2019/04/26/Semtech-SX1280-2-4Ghz-LoRa-ranging-tranceivers.html,"Resampling model built from Stuart Robinson's six published short-range SX1280 ranging observations (0-250 m, one hardware/environment configuration). The model draws errors with replacement from those six values; it does not condition on range, bandwidth, spreading factor, center frequency, LOS/NLOS state, temperature, oscillator, orientation or hardware, because six unrepeated points cannot support fitting any of those dependencies. Treat this as a rough, small-sample stand-in for a real conditional error model, not a validated one. It must not be used to claim SX1280 accuracy at ranges outside 0-250 m.",,,
scenario-000050,UWB_SS_TWR,Semtech SX1280,20x20x6m,5,10,20,20,-1.0117336092155582,2.618211431294263,3.6414925285759825,6.9511438487248505,7.847220440470627,7.530415479078567,8.988117282024195,10.460057218450055,12.901015475001401,1.0,0.0,,,HARDWARE_CALIBRATED_MODEL,Bootstrap resample of Stuart Robinson SX1280 short-range errors,https://stuartsprojects.github.io/2019/04/26/Semtech-SX1280-2-4Ghz-LoRa-ranging-tranceivers.html,"Resampling model built from Stuart Robinson's six published short-range SX1280 ranging observations (0-250 m, one hardware/environment configuration). The model draws errors with replacement from those six values; it does not condition on range, bandwidth, spreading factor, center frequency, LOS/NLOS state, temperature, oscillator, orientation or hardware, because six unrepeated points cannot support fitting any of those dependencies. Treat this as a rough, small-sample stand-in for a real conditional error model, not a validated one. It must not be used to claim SX1280 accuracy at ranges outside 0-250 m.",,,
scenario-000050,UWB_SS_TWR,Semtech SX1280,20x20x6m,10,20,60,60,0.03225357198425467,2.461332098342869,3.2764430091504018,7.094389247526614,7.814437765292636,7.862256520042985,10.276721879663729,10.707937739994101,11.22489196799908,1.0,0.0,,,HARDWARE_CALIBRATED_MODEL,Bootstrap resample of Stuart Robinson SX1280 short-range errors,https://stuartsprojects.github.io/2019/04/26/Semtech-SX1280-2-4Ghz-LoRa-ranging-tranceivers.html,"Resampling model built from Stuart Robinson's six published short-range SX1280 ranging observations (0-250 m, one hardware/environment configuration). The model draws errors with replacement from those six values; it does not condition on range, bandwidth, spreading factor, center frequency, LOS/NLOS state, temperature, oscillator, orientation or hardware, because six unrepeated points cannot support fitting any of those dependencies. Treat this as a rough, small-sample stand-in for a real conditional error model, not a validated one. It must not be used to claim SX1280 accuracy at ranges outside 0-250 m.",,,
scenario-000050,UWB_SS_TWR,Semtech SX1280,20x20x6m,20,30,20,20,0.34064703107954725,2.392143595016445,3.5666413648603026,9.013644442473252,9.693643110867116,8.042159313878186,13.980272124307321,14.526364773341355,15.045805563338217,1.0,0.0,,,HARDWARE_CALIBRATED_MODEL,Bootstrap resample of Stuart Robinson SX1280 short-range errors,https://stuartsprojects.github.io/2019/04/26/Semtech-SX1280-2-4Ghz-LoRa-ranging-tranceivers.html,"Resampling model built from Stuart Robinson's six published short-range SX1280 ranging observations (0-250 m, one hardware/environment configuration). The model draws errors with replacement from those six values; it does not condition on range, bandwidth, spreading factor, center frequency, LOS/NLOS state, temperature, oscillator, orientation or hardware, because six unrepeated points cannot support fitting any of those dependencies. Treat this as a rough, small-sample stand-in for a real conditional error model, not a validated one. It must not be used to claim SX1280 accuracy at ranges outside 0-250 m.",,,
scenario-000051,UWB_SS_TWR,Semtech SX1280,20x20x6m,5,10,20,20,-1.0117336092155582,2.618211431294263,3.6414925285759825,6.9511438487248505,7.847220440470627,7.530415479078567,8.988117282024195,10.460057218450055,12.901015475001401,1.0,0.0,,,HARDWARE_CALIBRATED_MODEL,Bootstrap resample of Stuart Robinson SX1280 short-range errors,https://stuartsprojects.github.io/2019/04/26/Semtech-SX1280-2-4Ghz-LoRa-ranging-tranceivers.html,"Resampling model built from Stuart Robinson's six published short-range SX1280 ranging observations (0-250 m, one hardware/environment configuration). The model draws errors with replacement from those six values; it does not condition on range, bandwidth, spreading factor, center frequency, LOS/NLOS state, temperature, oscillator, orientation or hardware, because six unrepeated points cannot support fitting any of those dependencies. Treat this as a rough, small-sample stand-in for a real conditional error model, not a validated one. It must not be used to claim SX1280 accuracy at ranges outside 0-250 m.",,,
scenario-000051,UWB_SS_TWR,Semtech SX1280,20x20x6m,10,20,60,60,0.03225357198425467,2.461332098342869,3.2764430091504018,7.094389247526614,7.814437765292636,7.862256520042985,10.276721879663729,10.707937739994101,11.22489196799908,1.0,0.0,,,HARDWARE_CALIBRATED_MODEL,Bootstrap resample of Stuart Robinson SX1280 short-range errors,https://stuartsprojects.github.io/2019/04/26/Semtech-SX1280-2-4Ghz-LoRa-ranging-tranceivers.html,"Resampling model built from Stuart Robinson's six published short-range SX1280 ranging observations (0-250 m, one hardware/environment configuration). The model draws errors with replacement from those six values; it does not condition on range, bandwidth, spreading factor, center frequency, LOS/NLOS state, temperature, oscillator, orientation or hardware, because six unrepeated points cannot support fitting any of those dependencies. Treat this as a rough, small-sample stand-in for a real conditional error model, not a validated one. It must not be used to claim SX1280 accuracy at ranges outside 0-250 m.",,,
scenario-000051,UWB_SS_TWR,Semtech SX1280,20x20x6m,20,30,20,20,0.34064703107954725,2.392143595016445,3.5666413648603026,9.013644442473252,9.693643110867116,8.042159313878186,13.980272124307321,14.526364773341355,15.045805563338217,1.0,0.0,,,HARDWARE_CALIBRATED_MODEL,Bootstrap resample of Stuart Robinson SX1280 short-range errors,https://stuartsprojects.github.io/2019/04/26/Semtech-SX1280-2-4Ghz-LoRa-ranging-tranceivers.html,"Resampling model built from Stuart Robinson's six published short-range SX1280 ranging observations (0-250 m, one hardware/environment configuration). The model draws errors with replacement from those six values; it does not condition on range, bandwidth, spreading factor, center frequency, LOS/NLOS state, temperature, oscillator, orientation or hardware, because six unrepeated points cannot support fitting any of those dependencies. Treat this as a rough, small-sample stand-in for a real conditional error model, not a validated one. It must not be used to claim SX1280 accuracy at ranges outside 0-250 m.",,,
scenario-000052,UWB_DS_TWR,Semtech SX1280,20x20x6m,5,10,20,20,-1.0117336092155582,2.618211431294263,3.6414925285759825,6.9511438487248505,7.847220440470627,7.530415479078567,8.988117282024195,10.460057218450055,12.901015475001401,1.0,0.0,,,HARDWARE_CALIBRATED_MODEL,Bootstrap resample of Stuart Robinson SX1280 short-range errors,https://stuartsprojects.github.io/2019/04/26/Semtech-SX1280-2-4Ghz-LoRa-ranging-tranceivers.html,"Resampling model built from Stuart Robinson's six published short-range SX1280 ranging observations (0-250 m, one hardware/environment configuration). The model draws errors with replacement from those six values; it does not condition on range, bandwidth, spreading factor, center frequency, LOS/NLOS state, temperature, oscillator, orientation or hardware, because six unrepeated points cannot support fitting any of those dependencies. Treat this as a rough, small-sample stand-in for a real conditional error model, not a validated one. It must not be used to claim SX1280 accuracy at ranges outside 0-250 m.",,,
scenario-000052,UWB_DS_TWR,Semtech SX1280,20x20x6m,10,20,60,60,0.03225357198425467,2.461332098342869,3.2764430091504018,7.094389247526614,7.814437765292636,7.862256520042985,10.276721879663729,10.707937739994101,11.22489196799908,1.0,0.0,,,HARDWARE_CALIBRATED_MODEL,Bootstrap resample of Stuart Robinson SX1280 short-range errors,https://stuartsprojects.github.io/2019/04/26/Semtech-SX1280-2-4Ghz-LoRa-ranging-tranceivers.html,"Resampling model built from Stuart Robinson's six published short-range SX1280 ranging observations (0-250 m, one hardware/environment configuration). The model draws errors with replacement from those six values; it does not condition on range, bandwidth, spreading factor, center frequency, LOS/NLOS state, temperature, oscillator, orientation or hardware, because six unrepeated points cannot support fitting any of those dependencies. Treat this as a rough, small-sample stand-in for a real conditional error model, not a validated one. It must not be used to claim SX1280 accuracy at ranges outside 0-250 m.",,,
scenario-000052,UWB_DS_TWR,Semtech SX1280,20x20x6m,20,30,20,20,0.34064703107954725,2.392143595016445,3.5666413648603026,9.013644442473252,9.693643110867116,8.042159313878186,13.980272124307321,14.526364773341355,15.045805563338217,1.0,0.0,,,HARDWARE_CALIBRATED_MODEL,Bootstrap resample of Stuart Robinson SX1280 short-range errors,https://stuartsprojects.github.io/2019/04/26/Semtech-SX1280-2-4Ghz-LoRa-ranging-tranceivers.html,"Resampling model built from Stuart Robinson's six published short-range SX1280 ranging observations (0-250 m, one hardware/environment configuration). The model draws errors with replacement from those six values; it does not condition on range, bandwidth, spreading factor, center frequency, LOS/NLOS state, temperature, oscillator, orientation or hardware, because six unrepeated points cannot support fitting any of those dependencies. Treat this as a rough, small-sample stand-in for a real conditional error model, not a validated one. It must not be used to claim SX1280 accuracy at ranges outside 0-250 m.",,,
scenario-000053,UWB_DS_TWR,Semtech SX1280,20x20x6m,5,10,20,20,-1.0117336092155582,2.618211431294263,3.6414925285759825,6.9511438487248505,7.847220440470627,7.530415479078567,8.988117282024195,10.460057218450055,12.901015475001401,1.0,0.0,,,HARDWARE_CALIBRATED_MODEL,Bootstrap resample of Stuart Robinson SX1280 short-range errors,https://stuartsprojects.github.io/2019/04/26/Semtech-SX1280-2-4Ghz-LoRa-ranging-tranceivers.html,"Resampling model built from Stuart Robinson's six published short-range SX1280 ranging observations (0-250 m, one hardware/environment configuration). The model draws errors with replacement from those six values; it does not condition on range, bandwidth, spreading factor, center frequency, LOS/NLOS state, temperature, oscillator, orientation or hardware, because six unrepeated points cannot support fitting any of those dependencies. Treat this as a rough, small-sample stand-in for a real conditional error model, not a validated one. It must not be used to claim SX1280 accuracy at ranges outside 0-250 m.",,,
scenario-000053,UWB_DS_TWR,Semtech SX1280,20x20x6m,10,20,60,60,0.03225357198425467,2.461332098342869,3.2764430091504018,7.094389247526614,7.814437765292636,7.862256520042985,10.276721879663729,10.707937739994101,11.22489196799908,1.0,0.0,,,HARDWARE_CALIBRATED_MODEL,Bootstrap resample of Stuart Robinson SX1280 short-range errors,https://stuartsprojects.github.io/2019/04/26/Semtech-SX1280-2-4Ghz-LoRa-ranging-tranceivers.html,"Resampling model built from Stuart Robinson's six published short-range SX1280 ranging observations (0-250 m, one hardware/environment configuration). The model draws errors with replacement from those six values; it does not condition on range, bandwidth, spreading factor, center frequency, LOS/NLOS state, temperature, oscillator, orientation or hardware, because six unrepeated points cannot support fitting any of those dependencies. Treat this as a rough, small-sample stand-in for a real conditional error model, not a validated one. It must not be used to claim SX1280 accuracy at ranges outside 0-250 m.",,,
scenario-000053,UWB_DS_TWR,Semtech SX1280,20x20x6m,20,30,20,20,0.34064703107954725,2.392143595016445,3.5666413648603026,9.013644442473252,9.693643110867116,8.042159313878186,13.980272124307321,14.526364773341355,15.045805563338217,1.0,0.0,,,HARDWARE_CALIBRATED_MODEL,Bootstrap resample of Stuart Robinson SX1280 short-range errors,https://stuartsprojects.github.io/2019/04/26/Semtech-SX1280-2-4Ghz-LoRa-ranging-tranceivers.html,"Resampling model built from Stuart Robinson's six published short-range SX1280 ranging observations (0-250 m, one hardware/environment configuration). The model draws errors with replacement from those six values; it does not condition on range, bandwidth, spreading factor, center frequency, LOS/NLOS state, temperature, oscillator, orientation or hardware, because six unrepeated points cannot support fitting any of those dependencies. Treat this as a rough, small-sample stand-in for a real conditional error model, not a validated one. It must not be used to claim SX1280 accuracy at ranges outside 0-250 m.",,,
scenario-000054,UWB_DS_TWR,Semtech SX1280,20x20x6m,5,10,20,20,-1.0117336092155582,2.618211431294263,3.6414925285759825,6.9511438487248505,7.847220440470627,7.530415479078567,8.988117282024195,10.460057218450055,12.901015475001401,1.0,0.0,,,HARDWARE_CALIBRATED_MODEL,Bootstrap resample of Stuart Robinson SX1280 short-range errors,https://stuartsprojects.github.io/2019/04/26/Semtech-SX1280-2-4Ghz-LoRa-ranging-tranceivers.html,"Resampling model built from Stuart Robinson's six published short-range SX1280 ranging observations (0-250 m, one hardware/environment configuration). The model draws errors with replacement from those six values; it does not condition on range, bandwidth, spreading factor, center frequency, LOS/NLOS state, temperature, oscillator, orientation or hardware, because six unrepeated points cannot support fitting any of those dependencies. Treat this as a rough, small-sample stand-in for a real conditional error model, not a validated one. It must not be used to claim SX1280 accuracy at ranges outside 0-250 m.",,,
scenario-000054,UWB_DS_TWR,Semtech SX1280,20x20x6m,10,20,60,60,0.03225357198425467,2.461332098342869,3.2764430091504018,7.094389247526614,7.814437765292636,7.862256520042985,10.276721879663729,10.707937739994101,11.22489196799908,1.0,0.0,,,HARDWARE_CALIBRATED_MODEL,Bootstrap resample of Stuart Robinson SX1280 short-range errors,https://stuartsprojects.github.io/2019/04/26/Semtech-SX1280-2-4Ghz-LoRa-ranging-tranceivers.html,"Resampling model built from Stuart Robinson's six published short-range SX1280 ranging observations (0-250 m, one hardware/environment configuration). The model draws errors with replacement from those six values; it does not condition on range, bandwidth, spreading factor, center frequency, LOS/NLOS state, temperature, oscillator, orientation or hardware, because six unrepeated points cannot support fitting any of those dependencies. Treat this as a rough, small-sample stand-in for a real conditional error model, not a validated one. It must not be used to claim SX1280 accuracy at ranges outside 0-250 m.",,,
scenario-000054,UWB_DS_TWR,Semtech SX1280,20x20x6m,20,30,20,20,0.34064703107954725,2.392143595016445,3.5666413648603026,9.013644442473252,9.693643110867116,8.042159313878186,13.980272124307321,14.526364773341355,15.045805563338217,1.0,0.0,,,HARDWARE_CALIBRATED_MODEL,Bootstrap resample of Stuart Robinson SX1280 short-range errors,https://stuartsprojects.github.io/2019/04/26/Semtech-SX1280-2-4Ghz-LoRa-ranging-tranceivers.html,"Resampling model built from Stuart Robinson's six published short-range SX1280 ranging observations (0-250 m, one hardware/environment configuration). The model draws errors with replacement from those six values; it does not condition on range, bandwidth, spreading factor, center frequency, LOS/NLOS state, temperature, oscillator, orientation or hardware, because six unrepeated points cannot support fitting any of those dependencies. Treat this as a rough, small-sample stand-in for a real conditional error model, not a validated one. It must not be used to claim SX1280 accuracy at ranges outside 0-250 m.",,,
scenario-000055,UWB_DS_TWR,Semtech SX1280,20x20x6m,5,10,20,20,-1.0117336092155582,2.618211431294263,3.6414925285759825,6.9511438487248505,7.847220440470627,7.530415479078567,8.988117282024195,10.460057218450055,12.901015475001401,1.0,0.0,,,HARDWARE_CALIBRATED_MODEL,Bootstrap resample of Stuart Robinson SX1280 short-range errors,https://stuartsprojects.github.io/2019/04/26/Semtech-SX1280-2-4Ghz-LoRa-ranging-tranceivers.html,"Resampling model built from Stuart Robinson's six published short-range SX1280 ranging observations (0-250 m, one hardware/environment configuration). The model draws errors with replacement from those six values; it does not condition on range, bandwidth, spreading factor, center frequency, LOS/NLOS state, temperature, oscillator, orientation or hardware, because six unrepeated points cannot support fitting any of those dependencies. Treat this as a rough, small-sample stand-in for a real conditional error model, not a validated one. It must not be used to claim SX1280 accuracy at ranges outside 0-250 m.",,,
scenario-000055,UWB_DS_TWR,Semtech SX1280,20x20x6m,10,20,60,60,0.03225357198425467,2.461332098342869,3.2764430091504018,7.094389247526614,7.814437765292636,7.862256520042985,10.276721879663729,10.707937739994101,11.22489196799908,1.0,0.0,,,HARDWARE_CALIBRATED_MODEL,Bootstrap resample of Stuart Robinson SX1280 short-range errors,https://stuartsprojects.github.io/2019/04/26/Semtech-SX1280-2-4Ghz-LoRa-ranging-tranceivers.html,"Resampling model built from Stuart Robinson's six published short-range SX1280 ranging observations (0-250 m, one hardware/environment configuration). The model draws errors with replacement from those six values; it does not condition on range, bandwidth, spreading factor, center frequency, LOS/NLOS state, temperature, oscillator, orientation or hardware, because six unrepeated points cannot support fitting any of those dependencies. Treat this as a rough, small-sample stand-in for a real conditional error model, not a validated one. It must not be used to claim SX1280 accuracy at ranges outside 0-250 m.",,,
scenario-000055,UWB_DS_TWR,Semtech SX1280,20x20x6m,20,30,20,20,0.34064703107954725,2.392143595016445,3.5666413648603026,9.013644442473252,9.693643110867116,8.042159313878186,13.980272124307321,14.526364773341355,15.045805563338217,1.0,0.0,,,HARDWARE_CALIBRATED_MODEL,Bootstrap resample of Stuart Robinson SX1280 short-range errors,https://stuartsprojects.github.io/2019/04/26/Semtech-SX1280-2-4Ghz-LoRa-ranging-tranceivers.html,"Resampling model built from Stuart Robinson's six published short-range SX1280 ranging observations (0-250 m, one hardware/environment configuration). The model draws errors with replacement from those six values; it does not condition on range, bandwidth, spreading factor, center frequency, LOS/NLOS state, temperature, oscillator, orientation or hardware, because six unrepeated points cannot support fitting any of those dependencies. Treat this as a rough, small-sample stand-in for a real conditional error model, not a validated one. It must not be used to claim SX1280 accuracy at ranges outside 0-250 m.",,,
scenario-000056,TDOA,Semtech SX1280,20x20x6m,5,10,20,20,-1.743599106895988,3.8444539435616703,4.938812432331657,9.965411831677688,11.12210866772553,6.284714920315601,12.846509887638444,25.59045470010588,31.80575792800663,1.0,0.0,,,HARDWARE_CALIBRATED_MODEL,Bootstrap resample of Stuart Robinson SX1280 short-range errors,https://stuartsprojects.github.io/2019/04/26/Semtech-SX1280-2-4Ghz-LoRa-ranging-tranceivers.html,"Resampling model built from Stuart Robinson's six published short-range SX1280 ranging observations (0-250 m, one hardware/environment configuration). The model draws errors with replacement from those six values; it does not condition on range, bandwidth, spreading factor, center frequency, LOS/NLOS state, temperature, oscillator, orientation or hardware, because six unrepeated points cannot support fitting any of those dependencies. Treat this as a rough, small-sample stand-in for a real conditional error model, not a validated one. It must not be used to claim SX1280 accuracy at ranges outside 0-250 m.",,,
scenario-000056,TDOA,Semtech SX1280,20x20x6m,10,20,60,60,266.9924594501218,2063.3068124274764,3539.4913849995173,4557.121937892697,5770.2131348251505,4.646833770528626,10.378880010725215,19.224570912930183,18348.21925021922,1.0,0.0,,,HARDWARE_CALIBRATED_MODEL,Bootstrap resample of Stuart Robinson SX1280 short-range errors,https://stuartsprojects.github.io/2019/04/26/Semtech-SX1280-2-4Ghz-LoRa-ranging-tranceivers.html,"Resampling model built from Stuart Robinson's six published short-range SX1280 ranging observations (0-250 m, one hardware/environment configuration). The model draws errors with replacement from those six values; it does not condition on range, bandwidth, spreading factor, center frequency, LOS/NLOS state, temperature, oscillator, orientation or hardware, because six unrepeated points cannot support fitting any of those dependencies. Treat this as a rough, small-sample stand-in for a real conditional error model, not a validated one. It must not be used to claim SX1280 accuracy at ranges outside 0-250 m.",,,
scenario-000056,TDOA,Semtech SX1280,20x20x6m,20,30,20,20,3360.931895248804,15024.300683898242,28474.53683740258,22464.774065077312,36269.3441062775,7.877979407168673,26.832352184984934,8137.238479835677,131388.5914645325,1.0,0.0,,,HARDWARE_CALIBRATED_MODEL,Bootstrap resample of Stuart Robinson SX1280 short-range errors,https://stuartsprojects.github.io/2019/04/26/Semtech-SX1280-2-4Ghz-LoRa-ranging-tranceivers.html,"Resampling model built from Stuart Robinson's six published short-range SX1280 ranging observations (0-250 m, one hardware/environment configuration). The model draws errors with replacement from those six values; it does not condition on range, bandwidth, spreading factor, center frequency, LOS/NLOS state, temperature, oscillator, orientation or hardware, because six unrepeated points cannot support fitting any of those dependencies. Treat this as a rough, small-sample stand-in for a real conditional error model, not a validated one. It must not be used to claim SX1280 accuracy at ranges outside 0-250 m.",,,
scenario-000057,TDOA,Semtech SX1280,20x20x6m,5,10,20,20,-1.743599106895988,3.8444539435616703,4.938812432331657,9.965411831677688,11.12210866772553,6.284714920315601,12.846509887638444,25.59045470010588,31.80575792800663,1.0,0.0,,,HARDWARE_CALIBRATED_MODEL,Bootstrap resample of Stuart Robinson SX1280 short-range errors,https://stuartsprojects.github.io/2019/04/26/Semtech-SX1280-2-4Ghz-LoRa-ranging-tranceivers.html,"Resampling model built from Stuart Robinson's six published short-range SX1280 ranging observations (0-250 m, one hardware/environment configuration). The model draws errors with replacement from those six values; it does not condition on range, bandwidth, spreading factor, center frequency, LOS/NLOS state, temperature, oscillator, orientation or hardware, because six unrepeated points cannot support fitting any of those dependencies. Treat this as a rough, small-sample stand-in for a real conditional error model, not a validated one. It must not be used to claim SX1280 accuracy at ranges outside 0-250 m.",,,
scenario-000057,TDOA,Semtech SX1280,20x20x6m,10,20,60,60,266.9924594501218,2063.3068124274764,3539.4913849995173,4557.121937892697,5770.2131348251505,4.646833770528626,10.378880010725215,19.224570912930183,18348.21925021922,1.0,0.0,,,HARDWARE_CALIBRATED_MODEL,Bootstrap resample of Stuart Robinson SX1280 short-range errors,https://stuartsprojects.github.io/2019/04/26/Semtech-SX1280-2-4Ghz-LoRa-ranging-tranceivers.html,"Resampling model built from Stuart Robinson's six published short-range SX1280 ranging observations (0-250 m, one hardware/environment configuration). The model draws errors with replacement from those six values; it does not condition on range, bandwidth, spreading factor, center frequency, LOS/NLOS state, temperature, oscillator, orientation or hardware, because six unrepeated points cannot support fitting any of those dependencies. Treat this as a rough, small-sample stand-in for a real conditional error model, not a validated one. It must not be used to claim SX1280 accuracy at ranges outside 0-250 m.",,,
scenario-000057,TDOA,Semtech SX1280,20x20x6m,20,30,20,20,3360.931895248804,15024.300683898242,28474.53683740258,22464.774065077312,36269.3441062775,7.877979407168673,26.832352184984934,8137.238479835677,131388.5914645325,1.0,0.0,,,HARDWARE_CALIBRATED_MODEL,Bootstrap resample of Stuart Robinson SX1280 short-range errors,https://stuartsprojects.github.io/2019/04/26/Semtech-SX1280-2-4Ghz-LoRa-ranging-tranceivers.html,"Resampling model built from Stuart Robinson's six published short-range SX1280 ranging observations (0-250 m, one hardware/environment configuration). The model draws errors with replacement from those six values; it does not condition on range, bandwidth, spreading factor, center frequency, LOS/NLOS state, temperature, oscillator, orientation or hardware, because six unrepeated points cannot support fitting any of those dependencies. Treat this as a rough, small-sample stand-in for a real conditional error model, not a validated one. It must not be used to claim SX1280 accuracy at ranges outside 0-250 m.",,,
scenario-000058,TDOA,Semtech SX1280,20x20x6m,5,10,20,20,-1.743599106895988,3.8444539435616703,4.938812432331657,9.965411831677688,11.12210866772553,6.284714920315601,12.846509887638444,25.59045470010588,31.80575792800663,1.0,0.0,,,HARDWARE_CALIBRATED_MODEL,Bootstrap resample of Stuart Robinson SX1280 short-range errors,https://stuartsprojects.github.io/2019/04/26/Semtech-SX1280-2-4Ghz-LoRa-ranging-tranceivers.html,"Resampling model built from Stuart Robinson's six published short-range SX1280 ranging observations (0-250 m, one hardware/environment configuration). The model draws errors with replacement from those six values; it does not condition on range, bandwidth, spreading factor, center frequency, LOS/NLOS state, temperature, oscillator, orientation or hardware, because six unrepeated points cannot support fitting any of those dependencies. Treat this as a rough, small-sample stand-in for a real conditional error model, not a validated one. It must not be used to claim SX1280 accuracy at ranges outside 0-250 m.",,,
scenario-000058,TDOA,Semtech SX1280,20x20x6m,10,20,60,60,266.9924594501218,2063.3068124274764,3539.4913849995173,4557.121937892697,5770.2131348251505,4.646833770528626,10.378880010725215,19.224570912930183,18348.21925021922,1.0,0.0,,,HARDWARE_CALIBRATED_MODEL,Bootstrap resample of Stuart Robinson SX1280 short-range errors,https://stuartsprojects.github.io/2019/04/26/Semtech-SX1280-2-4Ghz-LoRa-ranging-tranceivers.html,"Resampling model built from Stuart Robinson's six published short-range SX1280 ranging observations (0-250 m, one hardware/environment configuration). The model draws errors with replacement from those six values; it does not condition on range, bandwidth, spreading factor, center frequency, LOS/NLOS state, temperature, oscillator, orientation or hardware, because six unrepeated points cannot support fitting any of those dependencies. Treat this as a rough, small-sample stand-in for a real conditional error model, not a validated one. It must not be used to claim SX1280 accuracy at ranges outside 0-250 m.",,,
scenario-000058,TDOA,Semtech SX1280,20x20x6m,20,30,20,20,3360.931895248804,15024.300683898242,28474.53683740258,22464.774065077312,36269.3441062775,7.877979407168673,26.832352184984934,8137.238479835677,131388.5914645325,1.0,0.0,,,HARDWARE_CALIBRATED_MODEL,Bootstrap resample of Stuart Robinson SX1280 short-range errors,https://stuartsprojects.github.io/2019/04/26/Semtech-SX1280-2-4Ghz-LoRa-ranging-tranceivers.html,"Resampling model built from Stuart Robinson's six published short-range SX1280 ranging observations (0-250 m, one hardware/environment configuration). The model draws errors with replacement from those six values; it does not condition on range, bandwidth, spreading factor, center frequency, LOS/NLOS state, temperature, oscillator, orientation or hardware, because six unrepeated points cannot support fitting any of those dependencies. Treat this as a rough, small-sample stand-in for a real conditional error model, not a validated one. It must not be used to claim SX1280 accuracy at ranges outside 0-250 m.",,,
scenario-000059,TDOA,Semtech SX1280,20x20x6m,5,10,20,20,-1.743599106895988,3.8444539435616703,4.938812432331657,9.965411831677688,11.12210866772553,6.284714920315601,12.846509887638444,25.59045470010588,31.80575792800663,1.0,0.0,,,HARDWARE_CALIBRATED_MODEL,Bootstrap resample of Stuart Robinson SX1280 short-range errors,https://stuartsprojects.github.io/2019/04/26/Semtech-SX1280-2-4Ghz-LoRa-ranging-tranceivers.html,"Resampling model built from Stuart Robinson's six published short-range SX1280 ranging observations (0-250 m, one hardware/environment configuration). The model draws errors with replacement from those six values; it does not condition on range, bandwidth, spreading factor, center frequency, LOS/NLOS state, temperature, oscillator, orientation or hardware, because six unrepeated points cannot support fitting any of those dependencies. Treat this as a rough, small-sample stand-in for a real conditional error model, not a validated one. It must not be used to claim SX1280 accuracy at ranges outside 0-250 m.",,,
scenario-000059,TDOA,Semtech SX1280,20x20x6m,10,20,60,60,266.9924594501218,2063.3068124274764,3539.4913849995173,4557.121937892697,5770.2131348251505,4.646833770528626,10.378880010725215,19.224570912930183,18348.21925021922,1.0,0.0,,,HARDWARE_CALIBRATED_MODEL,Bootstrap resample of Stuart Robinson SX1280 short-range errors,https://stuartsprojects.github.io/2019/04/26/Semtech-SX1280-2-4Ghz-LoRa-ranging-tranceivers.html,"Resampling model built from Stuart Robinson's six published short-range SX1280 ranging observations (0-250 m, one hardware/environment configuration). The model draws errors with replacement from those six values; it does not condition on range, bandwidth, spreading factor, center frequency, LOS/NLOS state, temperature, oscillator, orientation or hardware, because six unrepeated points cannot support fitting any of those dependencies. Treat this as a rough, small-sample stand-in for a real conditional error model, not a validated one. It must not be used to claim SX1280 accuracy at ranges outside 0-250 m.",,,
scenario-000059,TDOA,Semtech SX1280,20x20x6m,20,30,20,20,3360.931895248804,15024.300683898242,28474.53683740258,22464.774065077312,36269.3441062775,7.877979407168673,26.832352184984934,8137.238479835677,131388.5914645325,1.0,0.0,,,HARDWARE_CALIBRATED_MODEL,Bootstrap resample of Stuart Robinson SX1280 short-range errors,https://stuartsprojects.github.io/2019/04/26/Semtech-SX1280-2-4Ghz-LoRa-ranging-tranceivers.html,"Resampling model built from Stuart Robinson's six published short-range SX1280 ranging observations (0-250 m, one hardware/environment configuration). The model draws errors with replacement from those six values; it does not condition on range, bandwidth, spreading factor, center frequency, LOS/NLOS state, temperature, oscillator, orientation or hardware, because six unrepeated points cannot support fitting any of those dependencies. Treat this as a rough, small-sample stand-in for a real conditional error model, not a validated one. It must not be used to claim SX1280 accuracy at ranges outside 0-250 m.",,,
scenario-000060,SX1280_RANGING,Semtech SX1280,20x20x6m,5,10,20,20,-1.0117336092155582,2.618211431294263,3.6414925285759825,6.9511438487248505,7.847220440470627,7.530415479078567,8.988117282024195,10.460057218450055,12.901015475001401,1.0,0.0,,,HARDWARE_CALIBRATED_MODEL,Bootstrap resample of Stuart Robinson SX1280 short-range errors,https://stuartsprojects.github.io/2019/04/26/Semtech-SX1280-2-4Ghz-LoRa-ranging-tranceivers.html,"Resampling model built from Stuart Robinson's six published short-range SX1280 ranging observations (0-250 m, one hardware/environment configuration). The model draws errors with replacement from those six values; it does not condition on range, bandwidth, spreading factor, center frequency, LOS/NLOS state, temperature, oscillator, orientation or hardware, because six unrepeated points cannot support fitting any of those dependencies. Treat this as a rough, small-sample stand-in for a real conditional error model, not a validated one. It must not be used to claim SX1280 accuracy at ranges outside 0-250 m.",,,
scenario-000060,SX1280_RANGING,Semtech SX1280,20x20x6m,10,20,60,60,0.03225357198425467,2.461332098342869,3.2764430091504018,7.094389247526614,7.814437765292636,7.862256520042985,10.276721879663729,10.707937739994101,11.22489196799908,1.0,0.0,,,HARDWARE_CALIBRATED_MODEL,Bootstrap resample of Stuart Robinson SX1280 short-range errors,https://stuartsprojects.github.io/2019/04/26/Semtech-SX1280-2-4Ghz-LoRa-ranging-tranceivers.html,"Resampling model built from Stuart Robinson's six published short-range SX1280 ranging observations (0-250 m, one hardware/environment configuration). The model draws errors with replacement from those six values; it does not condition on range, bandwidth, spreading factor, center frequency, LOS/NLOS state, temperature, oscillator, orientation or hardware, because six unrepeated points cannot support fitting any of those dependencies. Treat this as a rough, small-sample stand-in for a real conditional error model, not a validated one. It must not be used to claim SX1280 accuracy at ranges outside 0-250 m.",,,
scenario-000060,SX1280_RANGING,Semtech SX1280,20x20x6m,20,30,20,20,0.34064703107954725,2.392143595016445,3.5666413648603026,9.013644442473252,9.693643110867116,8.042159313878186,13.980272124307321,14.526364773341355,15.045805563338217,1.0,0.0,,,HARDWARE_CALIBRATED_MODEL,Bootstrap resample of Stuart Robinson SX1280 short-range errors,https://stuartsprojects.github.io/2019/04/26/Semtech-SX1280-2-4Ghz-LoRa-ranging-tranceivers.html,"Resampling model built from Stuart Robinson's six published short-range SX1280 ranging observations (0-250 m, one hardware/environment configuration). The model draws errors with replacement from those six values; it does not condition on range, bandwidth, spreading factor, center frequency, LOS/NLOS state, temperature, oscillator, orientation or hardware, because six unrepeated points cannot support fitting any of those dependencies. Treat this as a rough, small-sample stand-in for a real conditional error model, not a validated one. It must not be used to claim SX1280 accuracy at ranges outside 0-250 m.",,,
scenario-000061,SX1280_RANGING,Semtech SX1280,20x20x6m,5,10,20,20,-1.0117336092155582,2.618211431294263,3.6414925285759825,6.9511438487248505,7.847220440470627,7.530415479078567,8.988117282024195,10.460057218450055,12.901015475001401,1.0,0.0,,,HARDWARE_CALIBRATED_MODEL,Bootstrap resample of Stuart Robinson SX1280 short-range errors,https://stuartsprojects.github.io/2019/04/26/Semtech-SX1280-2-4Ghz-LoRa-ranging-tranceivers.html,"Resampling model built from Stuart Robinson's six published short-range SX1280 ranging observations (0-250 m, one hardware/environment configuration). The model draws errors with replacement from those six values; it does not condition on range, bandwidth, spreading factor, center frequency, LOS/NLOS state, temperature, oscillator, orientation or hardware, because six unrepeated points cannot support fitting any of those dependencies. Treat this as a rough, small-sample stand-in for a real conditional error model, not a validated one. It must not be used to claim SX1280 accuracy at ranges outside 0-250 m.",,,
scenario-000061,SX1280_RANGING,Semtech SX1280,20x20x6m,10,20,60,60,0.03225357198425467,2.461332098342869,3.2764430091504018,7.094389247526614,7.814437765292636,7.862256520042985,10.276721879663729,10.707937739994101,11.22489196799908,1.0,0.0,,,HARDWARE_CALIBRATED_MODEL,Bootstrap resample of Stuart Robinson SX1280 short-range errors,https://stuartsprojects.github.io/2019/04/26/Semtech-SX1280-2-4Ghz-LoRa-ranging-tranceivers.html,"Resampling model built from Stuart Robinson's six published short-range SX1280 ranging observations (0-250 m, one hardware/environment configuration). The model draws errors with replacement from those six values; it does not condition on range, bandwidth, spreading factor, center frequency, LOS/NLOS state, temperature, oscillator, orientation or hardware, because six unrepeated points cannot support fitting any of those dependencies. Treat this as a rough, small-sample stand-in for a real conditional error model, not a validated one. It must not be used to claim SX1280 accuracy at ranges outside 0-250 m.",,,
scenario-000061,SX1280_RANGING,Semtech SX1280,20x20x6m,20,30,20,20,0.34064703107954725,2.392143595016445,3.5666413648603026,9.013644442473252,9.693643110867116,8.042159313878186,13.980272124307321,14.526364773341355,15.045805563338217,1.0,0.0,,,HARDWARE_CALIBRATED_MODEL,Bootstrap resample of Stuart Robinson SX1280 short-range errors,https://stuartsprojects.github.io/2019/04/26/Semtech-SX1280-2-4Ghz-LoRa-ranging-tranceivers.html,"Resampling model built from Stuart Robinson's six published short-range SX1280 ranging observations (0-250 m, one hardware/environment configuration). The model draws errors with replacement from those six values; it does not condition on range, bandwidth, spreading factor, center frequency, LOS/NLOS state, temperature, oscillator, orientation or hardware, because six unrepeated points cannot support fitting any of those dependencies. Treat this as a rough, small-sample stand-in for a real conditional error model, not a validated one. It must not be used to claim SX1280 accuracy at ranges outside 0-250 m.",,,
scenario-000062,SX1280_RANGING,Semtech SX1280,20x20x6m,5,10,20,20,-1.0117336092155582,2.618211431294263,3.6414925285759825,6.9511438487248505,7.847220440470627,7.530415479078567,8.988117282024195,10.460057218450055,12.901015475001401,1.0,0.0,,,HARDWARE_CALIBRATED_MODEL,Bootstrap resample of Stuart Robinson SX1280 short-range errors,https://stuartsprojects.github.io/2019/04/26/Semtech-SX1280-2-4Ghz-LoRa-ranging-tranceivers.html,"Resampling model built from Stuart Robinson's six published short-range SX1280 ranging observations (0-250 m, one hardware/environment configuration). The model draws errors with replacement from those six values; it does not condition on range, bandwidth, spreading factor, center frequency, LOS/NLOS state, temperature, oscillator, orientation or hardware, because six unrepeated points cannot support fitting any of those dependencies. Treat this as a rough, small-sample stand-in for a real conditional error model, not a validated one. It must not be used to claim SX1280 accuracy at ranges outside 0-250 m.",,,
scenario-000062,SX1280_RANGING,Semtech SX1280,20x20x6m,10,20,60,60,0.03225357198425467,2.461332098342869,3.2764430091504018,7.094389247526614,7.814437765292636,7.862256520042985,10.276721879663729,10.707937739994101,11.22489196799908,1.0,0.0,,,HARDWARE_CALIBRATED_MODEL,Bootstrap resample of Stuart Robinson SX1280 short-range errors,https://stuartsprojects.github.io/2019/04/26/Semtech-SX1280-2-4Ghz-LoRa-ranging-tranceivers.html,"Resampling model built from Stuart Robinson's six published short-range SX1280 ranging observations (0-250 m, one hardware/environment configuration). The model draws errors with replacement from those six values; it does not condition on range, bandwidth, spreading factor, center frequency, LOS/NLOS state, temperature, oscillator, orientation or hardware, because six unrepeated points cannot support fitting any of those dependencies. Treat this as a rough, small-sample stand-in for a real conditional error model, not a validated one. It must not be used to claim SX1280 accuracy at ranges outside 0-250 m.",,,
scenario-000062,SX1280_RANGING,Semtech SX1280,20x20x6m,20,30,20,20,0.34064703107954725,2.392143595016445,3.5666413648603026,9.013644442473252,9.693643110867116,8.042159313878186,13.980272124307321,14.526364773341355,15.045805563338217,1.0,0.0,,,HARDWARE_CALIBRATED_MODEL,Bootstrap resample of Stuart Robinson SX1280 short-range errors,https://stuartsprojects.github.io/2019/04/26/Semtech-SX1280-2-4Ghz-LoRa-ranging-tranceivers.html,"Resampling model built from Stuart Robinson's six published short-range SX1280 ranging observations (0-250 m, one hardware/environment configuration). The model draws errors with replacement from those six values; it does not condition on range, bandwidth, spreading factor, center frequency, LOS/NLOS state, temperature, oscillator, orientation or hardware, because six unrepeated points cannot support fitting any of those dependencies. Treat this as a rough, small-sample stand-in for a real conditional error model, not a validated one. It must not be used to claim SX1280 accuracy at ranges outside 0-250 m.",,,
scenario-000063,SX1280_RANGING,Semtech SX1280,20x20x6m,5,10,20,20,-1.0117336092155582,2.618211431294263,3.6414925285759825,6.9511438487248505,7.847220440470627,7.530415479078567,8.988117282024195,10.460057218450055,12.901015475001401,1.0,0.0,,,HARDWARE_CALIBRATED_MODEL,Bootstrap resample of Stuart Robinson SX1280 short-range errors,https://stuartsprojects.github.io/2019/04/26/Semtech-SX1280-2-4Ghz-LoRa-ranging-tranceivers.html,"Resampling model built from Stuart Robinson's six published short-range SX1280 ranging observations (0-250 m, one hardware/environment configuration). The model draws errors with replacement from those six values; it does not condition on range, bandwidth, spreading factor, center frequency, LOS/NLOS state, temperature, oscillator, orientation or hardware, because six unrepeated points cannot support fitting any of those dependencies. Treat this as a rough, small-sample stand-in for a real conditional error model, not a validated one. It must not be used to claim SX1280 accuracy at ranges outside 0-250 m.",,,
scenario-000063,SX1280_RANGING,Semtech SX1280,20x20x6m,10,20,60,60,0.03225357198425467,2.461332098342869,3.2764430091504018,7.094389247526614,7.814437765292636,7.862256520042985,10.276721879663729,10.707937739994101,11.22489196799908,1.0,0.0,,,HARDWARE_CALIBRATED_MODEL,Bootstrap resample of Stuart Robinson SX1280 short-range errors,https://stuartsprojects.github.io/2019/04/26/Semtech-SX1280-2-4Ghz-LoRa-ranging-tranceivers.html,"Resampling model built from Stuart Robinson's six published short-range SX1280 ranging observations (0-250 m, one hardware/environment configuration). The model draws errors with replacement from those six values; it does not condition on range, bandwidth, spreading factor, center frequency, LOS/NLOS state, temperature, oscillator, orientation or hardware, because six unrepeated points cannot support fitting any of those dependencies. Treat this as a rough, small-sample stand-in for a real conditional error model, not a validated one. It must not be used to claim SX1280 accuracy at ranges outside 0-250 m.",,,
scenario-000063,SX1280_RANGING,Semtech SX1280,20x20x6m,20,30,20,20,0.34064703107954725,2.392143595016445,3.5666413648603026,9.013644442473252,9.693643110867116,8.042159313878186,13.980272124307321,14.526364773341355,15.045805563338217,1.0,0.0,,,HARDWARE_CALIBRATED_MODEL,Bootstrap resample of Stuart Robinson SX1280 short-range errors,https://stuartsprojects.github.io/2019/04/26/Semtech-SX1280-2-4Ghz-LoRa-ranging-tranceivers.html,"Resampling model built from Stuart Robinson's six published short-range SX1280 ranging observations (0-250 m, one hardware/environment configuration). The model draws errors with replacement from those six values; it does not condition on range, bandwidth, spreading factor, center frequency, LOS/NLOS state, temperature, oscillator, orientation or hardware, because six unrepeated points cannot support fitting any of those dependencies. Treat this as a rough, small-sample stand-in for a real conditional error model, not a validated one. It must not be used to claim SX1280 accuracy at ranges outside 0-250 m.",,,
scenario-000064,UWB_SS_TWR,unspecified,20x20x6m,5,10,20,20,-0.050696744921402456,0.14748223713452976,0.23319695578850347,0.2487651425166342,0.3409764160764592,0.2993846759845362,0.5019518389224855,0.5415863481515283,0.5877463773316538,1.0,0.0,,,SIMULATED_MONTE_CARLO,Configured Gaussian/NLOS-bias range-error model,,"Synthetic model: N(0, 0.1500 m) range noise, plus a 0.500 m bias applied to a randomly selected 10% of attempts. Parameters come directly from this scenario's configuration, not from a measurement or a hardware-calibrated fit.",,,
scenario-000064,UWB_SS_TWR,unspecified,20x20x6m,10,20,60,60,0.018630105620513933,0.12797458016773688,0.1693458406564215,0.26703060941195533,0.316201454946922,0.21370785809036297,0.5258183992030404,0.6113123106160281,0.7063053856652349,1.0,0.0,,,SIMULATED_MONTE_CARLO,Configured Gaussian/NLOS-bias range-error model,,"Synthetic model: N(0, 0.1500 m) range noise, plus a 0.500 m bias applied to a randomly selected 10% of attempts. Parameters come directly from this scenario's configuration, not from a measurement or a hardware-calibrated fit.",,,
scenario-000064,UWB_SS_TWR,unspecified,20x20x6m,20,30,20,20,-0.018131119884987345,0.1382019760635903,0.2114599623704213,0.2894809550361697,0.3584892453259273,0.30284768327957445,0.4949798264691616,0.637652712627761,0.6635092689917685,1.0,0.0,,,SIMULATED_MONTE_CARLO,Configured Gaussian/NLOS-bias range-error model,,"Synthetic model: N(0, 0.1500 m) range noise, plus a 0.500 m bias applied to a randomly selected 10% of attempts. Parameters come directly from this scenario's configuration, not from a measurement or a hardware-calibrated fit.",,,
scenario-000065,UWB_SS_TWR,unspecified,20x20x6m,5,10,20,20,-0.050696744921402456,0.14748223713452976,0.23319695578850347,0.2487651425166342,0.3409764160764592,0.2993846759845362,0.5019518389224855,0.5415863481515283,0.5877463773316538,1.0,0.0,,,SIMULATED_MONTE_CARLO,Configured Gaussian/NLOS-bias range-error model,,"Synthetic model: N(0, 0.1500 m) range noise, plus a 0.500 m bias applied to a randomly selected 10% of attempts. Parameters come directly from this scenario's configuration, not from a measurement or a hardware-calibrated fit.",,,
scenario-000065,UWB_SS_TWR,unspecified,20x20x6m,10,20,60,60,0.018630105620513933,0.12797458016773688,0.1693458406564215,0.26703060941195533,0.316201454946922,0.21370785809036297,0.5258183992030404,0.6113123106160281,0.7063053856652349,1.0,0.0,,,SIMULATED_MONTE_CARLO,Configured Gaussian/NLOS-bias range-error model,,"Synthetic model: N(0, 0.1500 m) range noise, plus a 0.500 m bias applied to a randomly selected 10% of attempts. Parameters come directly from this scenario's configuration, not from a measurement or a hardware-calibrated fit.",,,
scenario-000065,UWB_SS_TWR,unspecified,20x20x6m,20,30,20,20,-0.018131119884987345,0.1382019760635903,0.2114599623704213,0.2894809550361697,0.3584892453259273,0.30284768327957445,0.4949798264691616,0.637652712627761,0.6635092689917685,1.0,0.0,,,SIMULATED_MONTE_CARLO,Configured Gaussian/NLOS-bias range-error model,,"Synthetic model: N(0, 0.1500 m) range noise, plus a 0.500 m bias applied to a randomly selected 10% of attempts. Parameters come directly from this scenario's configuration, not from a measurement or a hardware-calibrated fit.",,,
scenario-000066,UWB_SS_TWR,unspecified,20x20x6m,5,10,20,20,-0.050696744921402456,0.14748223713452976,0.23319695578850347,0.2487651425166342,0.3409764160764592,0.2993846759845362,0.5019518389224855,0.5415863481515283,0.5877463773316538,1.0,0.0,,,SIMULATED_MONTE_CARLO,Configured Gaussian/NLOS-bias range-error model,,"Synthetic model: N(0, 0.1500 m) range noise, plus a 0.500 m bias applied to a randomly selected 10% of attempts. Parameters come directly from this scenario's configuration, not from a measurement or a hardware-calibrated fit.",,,
scenario-000066,UWB_SS_TWR,unspecified,20x20x6m,10,20,60,60,0.018630105620513933,0.12797458016773688,0.1693458406564215,0.26703060941195533,0.316201454946922,0.21370785809036297,0.5258183992030404,0.6113123106160281,0.7063053856652349,1.0,0.0,,,SIMULATED_MONTE_CARLO,Configured Gaussian/NLOS-bias range-error model,,"Synthetic model: N(0, 0.1500 m) range noise, plus a 0.500 m bias applied to a randomly selected 10% of attempts. Parameters come directly from this scenario's configuration, not from a measurement or a hardware-calibrated fit.",,,
scenario-000066,UWB_SS_TWR,unspecified,20x20x6m,20,30,20,20,-0.018131119884987345,0.1382019760635903,0.2114599623704213,0.2894809550361697,0.3584892453259273,0.30284768327957445,0.4949798264691616,0.637652712627761,0.6635092689917685,1.0,0.0,,,SIMULATED_MONTE_CARLO,Configured Gaussian/NLOS-bias range-error model,,"Synthetic model: N(0, 0.1500 m) range noise, plus a 0.500 m bias applied to a randomly selected 10% of attempts. Parameters come directly from this scenario's configuration, not from a measurement or a hardware-calibrated fit.",,,
scenario-000067,UWB_SS_TWR,unspecified,20x20x6m,5,10,20,20,-0.050696744921402456,0.14748223713452976,0.23319695578850347,0.2487651425166342,0.3409764160764592,0.2993846759845362,0.5019518389224855,0.5415863481515283,0.5877463773316538,1.0,0.0,,,SIMULATED_MONTE_CARLO,Configured Gaussian/NLOS-bias range-error model,,"Synthetic model: N(0, 0.1500 m) range noise, plus a 0.500 m bias applied to a randomly selected 10% of attempts. Parameters come directly from this scenario's configuration, not from a measurement or a hardware-calibrated fit.",,,
scenario-000067,UWB_SS_TWR,unspecified,20x20x6m,10,20,60,60,0.018630105620513933,0.12797458016773688,0.1693458406564215,0.26703060941195533,0.316201454946922,0.21370785809036297,0.5258183992030404,0.6113123106160281,0.7063053856652349,1.0,0.0,,,SIMULATED_MONTE_CARLO,Configured Gaussian/NLOS-bias range-error model,,"Synthetic model: N(0, 0.1500 m) range noise, plus a 0.500 m bias applied to a randomly selected 10% of attempts. Parameters come directly from this scenario's configuration, not from a measurement or a hardware-calibrated fit.",,,
scenario-000067,UWB_SS_TWR,unspecified,20x20x6m,20,30,20,20,-0.018131119884987345,0.1382019760635903,0.2114599623704213,0.2894809550361697,0.3584892453259273,0.30284768327957445,0.4949798264691616,0.637652712627761,0.6635092689917685,1.0,0.0,,,SIMULATED_MONTE_CARLO,Configured Gaussian/NLOS-bias range-error model,,"Synthetic model: N(0, 0.1500 m) range noise, plus a 0.500 m bias applied to a randomly selected 10% of attempts. Parameters come directly from this scenario's configuration, not from a measurement or a hardware-calibrated fit.",,,
scenario-000068,UWB_DS_TWR,unspecified,20x20x6m,5,10,20,20,-0.050696744921402456,0.14748223713452976,0.23319695578850347,0.2487651425166342,0.3409764160764592,0.2993846759845362,0.5019518389224855,0.5415863481515283,0.5877463773316538,1.0,0.0,,,SIMULATED_MONTE_CARLO,Configured Gaussian/NLOS-bias range-error model,,"Synthetic model: N(0, 0.1500 m) range noise, plus a 0.500 m bias applied to a randomly selected 10% of attempts. Parameters come directly from this scenario's configuration, not from a measurement or a hardware-calibrated fit.",,,
scenario-000068,UWB_DS_TWR,unspecified,20x20x6m,10,20,60,60,0.018630105620513933,0.12797458016773688,0.1693458406564215,0.26703060941195533,0.316201454946922,0.21370785809036297,0.5258183992030404,0.6113123106160281,0.7063053856652349,1.0,0.0,,,SIMULATED_MONTE_CARLO,Configured Gaussian/NLOS-bias range-error model,,"Synthetic model: N(0, 0.1500 m) range noise, plus a 0.500 m bias applied to a randomly selected 10% of attempts. Parameters come directly from this scenario's configuration, not from a measurement or a hardware-calibrated fit.",,,
scenario-000068,UWB_DS_TWR,unspecified,20x20x6m,20,30,20,20,-0.018131119884987345,0.1382019760635903,0.2114599623704213,0.2894809550361697,0.3584892453259273,0.30284768327957445,0.4949798264691616,0.637652712627761,0.6635092689917685,1.0,0.0,,,SIMULATED_MONTE_CARLO,Configured Gaussian/NLOS-bias range-error model,,"Synthetic model: N(0, 0.1500 m) range noise, plus a 0.500 m bias applied to a randomly selected 10% of attempts. Parameters come directly from this scenario's configuration, not from a measurement or a hardware-calibrated fit.",,,
scenario-000069,UWB_DS_TWR,unspecified,20x20x6m,5,10,20,20,-0.050696744921402456,0.14748223713452976,0.23319695578850347,0.2487651425166342,0.3409764160764592,0.2993846759845362,0.5019518389224855,0.5415863481515283,0.5877463773316538,1.0,0.0,,,SIMULATED_MONTE_CARLO,Configured Gaussian/NLOS-bias range-error model,,"Synthetic model: N(0, 0.1500 m) range noise, plus a 0.500 m bias applied to a randomly selected 10% of attempts. Parameters come directly from this scenario's configuration, not from a measurement or a hardware-calibrated fit.",,,
scenario-000069,UWB_DS_TWR,unspecified,20x20x6m,10,20,60,60,0.018630105620513933,0.12797458016773688,0.1693458406564215,0.26703060941195533,0.316201454946922,0.21370785809036297,0.5258183992030404,0.6113123106160281,0.7063053856652349,1.0,0.0,,,SIMULATED_MONTE_CARLO,Configured Gaussian/NLOS-bias range-error model,,"Synthetic model: N(0, 0.1500 m) range noise, plus a 0.500 m bias applied to a randomly selected 10% of attempts. Parameters come directly from this scenario's configuration, not from a measurement or a hardware-calibrated fit.",,,
scenario-000069,UWB_DS_TWR,unspecified,20x20x6m,20,30,20,20,-0.018131119884987345,0.1382019760635903,0.2114599623704213,0.2894809550361697,0.3584892453259273,0.30284768327957445,0.4949798264691616,0.637652712627761,0.6635092689917685,1.0,0.0,,,SIMULATED_MONTE_CARLO,Configured Gaussian/NLOS-bias range-error model,,"Synthetic model: N(0, 0.1500 m) range noise, plus a 0.500 m bias applied to a randomly selected 10% of attempts. Parameters come directly from this scenario's configuration, not from a measurement or a hardware-calibrated fit.",,,
scenario-000070,UWB_DS_TWR,unspecified,20x20x6m,5,10,20,20,-0.050696744921402456,0.14748223713452976,0.23319695578850347,0.2487651425166342,0.3409764160764592,0.2993846759845362,0.5019518389224855,0.5415863481515283,0.5877463773316538,1.0,0.0,,,SIMULATED_MONTE_CARLO,Configured Gaussian/NLOS-bias range-error model,,"Synthetic model: N(0, 0.1500 m) range noise, plus a 0.500 m bias applied to a randomly selected 10% of attempts. Parameters come directly from this scenario's configuration, not from a measurement or a hardware-calibrated fit.",,,
scenario-000070,UWB_DS_TWR,unspecified,20x20x6m,10,20,60,60,0.018630105620513933,0.12797458016773688,0.1693458406564215,0.26703060941195533,0.316201454946922,0.21370785809036297,0.5258183992030404,0.6113123106160281,0.7063053856652349,1.0,0.0,,,SIMULATED_MONTE_CARLO,Configured Gaussian/NLOS-bias range-error model,,"Synthetic model: N(0, 0.1500 m) range noise, plus a 0.500 m bias applied to a randomly selected 10% of attempts. Parameters come directly from this scenario's configuration, not from a measurement or a hardware-calibrated fit.",,,
scenario-000070,UWB_DS_TWR,unspecified,20x20x6m,20,30,20,20,-0.018131119884987345,0.1382019760635903,0.2114599623704213,0.2894809550361697,0.3584892453259273,0.30284768327957445,0.4949798264691616,0.637652712627761,0.6635092689917685,1.0,0.0,,,SIMULATED_MONTE_CARLO,Configured Gaussian/NLOS-bias range-error model,,"Synthetic model: N(0, 0.1500 m) range noise, plus a 0.500 m bias applied to a randomly selected 10% of attempts. Parameters come directly from this scenario's configuration, not from a measurement or a hardware-calibrated fit.",,,
scenario-000071,UWB_DS_TWR,unspecified,20x20x6m,5,10,20,20,-0.050696744921402456,0.14748223713452976,0.23319695578850347,0.2487651425166342,0.3409764160764592,0.2993846759845362,0.5019518389224855,0.5415863481515283,0.5877463773316538,1.0,0.0,,,SIMULATED_MONTE_CARLO,Configured Gaussian/NLOS-bias range-error model,,"Synthetic model: N(0, 0.1500 m) range noise, plus a 0.500 m bias applied to a randomly selected 10% of attempts. Parameters come directly from this scenario's configuration, not from a measurement or a hardware-calibrated fit.",,,
scenario-000071,UWB_DS_TWR,unspecified,20x20x6m,10,20,60,60,0.018630105620513933,0.12797458016773688,0.1693458406564215,0.26703060941195533,0.316201454946922,0.21370785809036297,0.5258183992030404,0.6113123106160281,0.7063053856652349,1.0,0.0,,,SIMULATED_MONTE_CARLO,Configured Gaussian/NLOS-bias range-error model,,"Synthetic model: N(0, 0.1500 m) range noise, plus a 0.500 m bias applied to a randomly selected 10% of attempts. Parameters come directly from this scenario's configuration, not from a measurement or a hardware-calibrated fit.",,,
scenario-000071,UWB_DS_TWR,unspecified,20x20x6m,20,30,20,20,-0.018131119884987345,0.1382019760635903,0.2114599623704213,0.2894809550361697,0.3584892453259273,0.30284768327957445,0.4949798264691616,0.637652712627761,0.6635092689917685,1.0,0.0,,,SIMULATED_MONTE_CARLO,Configured Gaussian/NLOS-bias range-error model,,"Synthetic model: N(0, 0.1500 m) range noise, plus a 0.500 m bias applied to a randomly selected 10% of attempts. Parameters come directly from this scenario's configuration, not from a measurement or a hardware-calibrated fit.",,,
scenario-000072,TDOA,unspecified,20x20x6m,5,10,20,20,-0.019165208578968085,0.15337965077002833,0.2275604010278003,0.24284861457638712,0.3328050265810358,0.28588724695814716,0.44890180226278903,0.4711088014846223,0.6023680014381062,1.0,0.0,,,SIMULATED_MONTE_CARLO,Configured Gaussian/NLOS-bias range-error model,,"Synthetic model: N(0, 0.1500 m) range noise, plus a 0.500 m bias applied to a randomly selected 10% of attempts. Parameters come directly from this scenario's configuration, not from a measurement or a hardware-calibrated fit.",,,
scenario-000072,TDOA,unspecified,20x20x6m,10,20,60,60,0.028369059542048478,0.14284438136092323,0.19292326637811197,0.28088232514371303,0.340755436182812,0.22852809015682607,0.5110350184283885,0.592058012880509,0.7339884191122049,1.0,0.0,,,SIMULATED_MONTE_CARLO,Configured Gaussian/NLOS-bias range-error model,,"Synthetic model: N(0, 0.1500 m) range noise, plus a 0.500 m bias applied to a randomly selected 10% of attempts. Parameters come directly from this scenario's configuration, not from a measurement or a hardware-calibrated fit.",,,
scenario-000072,TDOA,unspecified,20x20x6m,20,30,20,20,-0.03284919079790276,0.18185633828853928,0.2345395928092446,0.40716954492834423,0.4698891985482122,0.37959596814737306,0.7567521072822954,0.8251648865542223,0.8419903094402403,1.0,0.0,,,SIMULATED_MONTE_CARLO,Configured Gaussian/NLOS-bias range-error model,,"Synthetic model: N(0, 0.1500 m) range noise, plus a 0.500 m bias applied to a randomly selected 10% of attempts. Parameters come directly from this scenario's configuration, not from a measurement or a hardware-calibrated fit.",,,
scenario-000073,TDOA,unspecified,20x20x6m,5,10,20,20,-0.019165208578968085,0.15337965077002833,0.2275604010278003,0.24284861457638712,0.3328050265810358,0.28588724695814716,0.44890180226278903,0.4711088014846223,0.6023680014381062,1.0,0.0,,,SIMULATED_MONTE_CARLO,Configured Gaussian/NLOS-bias range-error model,,"Synthetic model: N(0, 0.1500 m) range noise, plus a 0.500 m bias applied to a randomly selected 10% of attempts. Parameters come directly from this scenario's configuration, not from a measurement or a hardware-calibrated fit.",,,
scenario-000073,TDOA,unspecified,20x20x6m,10,20,60,60,0.028369059542048478,0.14284438136092323,0.19292326637811197,0.28088232514371303,0.340755436182812,0.22852809015682607,0.5110350184283885,0.592058012880509,0.7339884191122049,1.0,0.0,,,SIMULATED_MONTE_CARLO,Configured Gaussian/NLOS-bias range-error model,,"Synthetic model: N(0, 0.1500 m) range noise, plus a 0.500 m bias applied to a randomly selected 10% of attempts. Parameters come directly from this scenario's configuration, not from a measurement or a hardware-calibrated fit.",,,
scenario-000073,TDOA,unspecified,20x20x6m,20,30,20,20,-0.03284919079790276,0.18185633828853928,0.2345395928092446,0.40716954492834423,0.4698891985482122,0.37959596814737306,0.7567521072822954,0.8251648865542223,0.8419903094402403,1.0,0.0,,,SIMULATED_MONTE_CARLO,Configured Gaussian/NLOS-bias range-error model,,"Synthetic model: N(0, 0.1500 m) range noise, plus a 0.500 m bias applied to a randomly selected 10% of attempts. Parameters come directly from this scenario's configuration, not from a measurement or a hardware-calibrated fit.",,,
scenario-000074,TDOA,unspecified,20x20x6m,5,10,20,20,-0.019165208578968085,0.15337965077002833,0.2275604010278003,0.24284861457638712,0.3328050265810358,0.28588724695814716,0.44890180226278903,0.4711088014846223,0.6023680014381062,1.0,0.0,,,SIMULATED_MONTE_CARLO,Configured Gaussian/NLOS-bias range-error model,,"Synthetic model: N(0, 0.1500 m) range noise, plus a 0.500 m bias applied to a randomly selected 10% of attempts. Parameters come directly from this scenario's configuration, not from a measurement or a hardware-calibrated fit.",,,
scenario-000074,TDOA,unspecified,20x20x6m,10,20,60,60,0.028369059542048478,0.14284438136092323,0.19292326637811197,0.28088232514371303,0.340755436182812,0.22852809015682607,0.5110350184283885,0.592058012880509,0.7339884191122049,1.0,0.0,,,SIMULATED_MONTE_CARLO,Configured Gaussian/NLOS-bias range-error model,,"Synthetic model: N(0, 0.1500 m) range noise, plus a 0.500 m bias applied to a randomly selected 10% of attempts. Parameters come directly from this scenario's configuration, not from a measurement or a hardware-calibrated fit.",,,
scenario-000074,TDOA,unspecified,20x20x6m,20,30,20,20,-0.03284919079790276,0.18185633828853928,0.2345395928092446,0.40716954492834423,0.4698891985482122,0.37959596814737306,0.7567521072822954,0.8251648865542223,0.8419903094402403,1.0,0.0,,,SIMULATED_MONTE_CARLO,Configured Gaussian/NLOS-bias range-error model,,"Synthetic model: N(0, 0.1500 m) range noise, plus a 0.500 m bias applied to a randomly selected 10% of attempts. Parameters come directly from this scenario's configuration, not from a measurement or a hardware-calibrated fit.",,,
scenario-000075,TDOA,unspecified,20x20x6m,5,10,20,20,-0.019165208578968085,0.15337965077002833,0.2275604010278003,0.24284861457638712,0.3328050265810358,0.28588724695814716,0.44890180226278903,0.4711088014846223,0.6023680014381062,1.0,0.0,,,SIMULATED_MONTE_CARLO,Configured Gaussian/NLOS-bias range-error model,,"Synthetic model: N(0, 0.1500 m) range noise, plus a 0.500 m bias applied to a randomly selected 10% of attempts. Parameters come directly from this scenario's configuration, not from a measurement or a hardware-calibrated fit.",,,
scenario-000075,TDOA,unspecified,20x20x6m,10,20,60,60,0.028369059542048478,0.14284438136092323,0.19292326637811197,0.28088232514371303,0.340755436182812,0.22852809015682607,0.5110350184283885,0.592058012880509,0.7339884191122049,1.0,0.0,,,SIMULATED_MONTE_CARLO,Configured Gaussian/NLOS-bias range-error model,,"Synthetic model: N(0, 0.1500 m) range noise, plus a 0.500 m bias applied to a randomly selected 10% of attempts. Parameters come directly from this scenario's configuration, not from a measurement or a hardware-calibrated fit.",,,
scenario-000075,TDOA,unspecified,20x20x6m,20,30,20,20,-0.03284919079790276,0.18185633828853928,0.2345395928092446,0.40716954492834423,0.4698891985482122,0.37959596814737306,0.7567521072822954,0.8251648865542223,0.8419903094402403,1.0,0.0,,,SIMULATED_MONTE_CARLO,Configured Gaussian/NLOS-bias range-error model,,"Synthetic model: N(0, 0.1500 m) range noise, plus a 0.500 m bias applied to a randomly selected 10% of attempts. Parameters come directly from this scenario's configuration, not from a measurement or a hardware-calibrated fit.",,,
scenario-000076,SX1280_RANGING,unspecified,20x20x6m,5,10,20,20,-0.050696744921402456,0.14748223713452976,0.23319695578850347,0.2487651425166342,0.3409764160764592,0.2993846759845362,0.5019518389224855,0.5415863481515283,0.5877463773316538,1.0,0.0,,,SIMULATED_MONTE_CARLO,Configured Gaussian/NLOS-bias range-error model,,"Synthetic model: N(0, 0.1500 m) range noise, plus a 0.500 m bias applied to a randomly selected 10% of attempts. Parameters come directly from this scenario's configuration, not from a measurement or a hardware-calibrated fit.",,,
scenario-000076,SX1280_RANGING,unspecified,20x20x6m,10,20,60,60,0.018630105620513933,0.12797458016773688,0.1693458406564215,0.26703060941195533,0.316201454946922,0.21370785809036297,0.5258183992030404,0.6113123106160281,0.7063053856652349,1.0,0.0,,,SIMULATED_MONTE_CARLO,Configured Gaussian/NLOS-bias range-error model,,"Synthetic model: N(0, 0.1500 m) range noise, plus a 0.500 m bias applied to a randomly selected 10% of attempts. Parameters come directly from this scenario's configuration, not from a measurement or a hardware-calibrated fit.",,,
scenario-000076,SX1280_RANGING,unspecified,20x20x6m,20,30,20,20,-0.018131119884987345,0.1382019760635903,0.2114599623704213,0.2894809550361697,0.3584892453259273,0.30284768327957445,0.4949798264691616,0.637652712627761,0.6635092689917685,1.0,0.0,,,SIMULATED_MONTE_CARLO,Configured Gaussian/NLOS-bias range-error model,,"Synthetic model: N(0, 0.1500 m) range noise, plus a 0.500 m bias applied to a randomly selected 10% of attempts. Parameters come directly from this scenario's configuration, not from a measurement or a hardware-calibrated fit.",,,
scenario-000077,SX1280_RANGING,unspecified,20x20x6m,5,10,20,20,-0.050696744921402456,0.14748223713452976,0.23319695578850347,0.2487651425166342,0.3409764160764592,0.2993846759845362,0.5019518389224855,0.5415863481515283,0.5877463773316538,1.0,0.0,,,SIMULATED_MONTE_CARLO,Configured Gaussian/NLOS-bias range-error model,,"Synthetic model: N(0, 0.1500 m) range noise, plus a 0.500 m bias applied to a randomly selected 10% of attempts. Parameters come directly from this scenario's configuration, not from a measurement or a hardware-calibrated fit.",,,
scenario-000077,SX1280_RANGING,unspecified,20x20x6m,10,20,60,60,0.018630105620513933,0.12797458016773688,0.1693458406564215,0.26703060941195533,0.316201454946922,0.21370785809036297,0.5258183992030404,0.6113123106160281,0.7063053856652349,1.0,0.0,,,SIMULATED_MONTE_CARLO,Configured Gaussian/NLOS-bias range-error model,,"Synthetic model: N(0, 0.1500 m) range noise, plus a 0.500 m bias applied to a randomly selected 10% of attempts. Parameters come directly from this scenario's configuration, not from a measurement or a hardware-calibrated fit.",,,
scenario-000077,SX1280_RANGING,unspecified,20x20x6m,20,30,20,20,-0.018131119884987345,0.1382019760635903,0.2114599623704213,0.2894809550361697,0.3584892453259273,0.30284768327957445,0.4949798264691616,0.637652712627761,0.6635092689917685,1.0,0.0,,,SIMULATED_MONTE_CARLO,Configured Gaussian/NLOS-bias range-error model,,"Synthetic model: N(0, 0.1500 m) range noise, plus a 0.500 m bias applied to a randomly selected 10% of attempts. Parameters come directly from this scenario's configuration, not from a measurement or a hardware-calibrated fit.",,,
scenario-000078,SX1280_RANGING,unspecified,20x20x6m,5,10,20,20,-0.050696744921402456,0.14748223713452976,0.23319695578850347,0.2487651425166342,0.3409764160764592,0.2993846759845362,0.5019518389224855,0.5415863481515283,0.5877463773316538,1.0,0.0,,,SIMULATED_MONTE_CARLO,Configured Gaussian/NLOS-bias range-error model,,"Synthetic model: N(0, 0.1500 m) range noise, plus a 0.500 m bias applied to a randomly selected 10% of attempts. Parameters come directly from this scenario's configuration, not from a measurement or a hardware-calibrated fit.",,,
scenario-000078,SX1280_RANGING,unspecified,20x20x6m,10,20,60,60,0.018630105620513933,0.12797458016773688,0.1693458406564215,0.26703060941195533,0.316201454946922,0.21370785809036297,0.5258183992030404,0.6113123106160281,0.7063053856652349,1.0,0.0,,,SIMULATED_MONTE_CARLO,Configured Gaussian/NLOS-bias range-error model,,"Synthetic model: N(0, 0.1500 m) range noise, plus a 0.500 m bias applied to a randomly selected 10% of attempts. Parameters come directly from this scenario's configuration, not from a measurement or a hardware-calibrated fit.",,,
scenario-000078,SX1280_RANGING,unspecified,20x20x6m,20,30,20,20,-0.018131119884987345,0.1382019760635903,0.2114599623704213,0.2894809550361697,0.3584892453259273,0.30284768327957445,0.4949798264691616,0.637652712627761,0.6635092689917685,1.0,0.0,,,SIMULATED_MONTE_CARLO,Configured Gaussian/NLOS-bias range-error model,,"Synthetic model: N(0, 0.1500 m) range noise, plus a 0.500 m bias applied to a randomly selected 10% of attempts. Parameters come directly from this scenario's configuration, not from a measurement or a hardware-calibrated fit.",,,
scenario-000079,SX1280_RANGING,unspecified,20x20x6m,5,10,20,20,-0.050696744921402456,0.14748223713452976,0.23319695578850347,0.2487651425166342,0.3409764160764592,0.2993846759845362,0.5019518389224855,0.5415863481515283,0.5877463773316538,1.0,0.0,,,SIMULATED_MONTE_CARLO,Configured Gaussian/NLOS-bias range-error model,,"Synthetic model: N(0, 0.1500 m) range noise, plus a 0.500 m bias applied to a randomly selected 10% of attempts. Parameters come directly from this scenario's configuration, not from a measurement or a hardware-calibrated fit.",,,
scenario-000079,SX1280_RANGING,unspecified,20x20x6m,10,20,60,60,0.018630105620513933,0.12797458016773688,0.1693458406564215,0.26703060941195533,0.316201454946922,0.21370785809036297,0.5258183992030404,0.6113123106160281,0.7063053856652349,1.0,0.0,,,SIMULATED_MONTE_CARLO,Configured Gaussian/NLOS-bias range-error model,,"Synthetic model: N(0, 0.1500 m) range noise, plus a 0.500 m bias applied to a randomly selected 10% of attempts. Parameters come directly from this scenario's configuration, not from a measurement or a hardware-calibrated fit.",,,
scenario-000079,SX1280_RANGING,unspecified,20x20x6m,20,30,20,20,-0.018131119884987345,0.1382019760635903,0.2114599623704213,0.2894809550361697,0.3584892453259273,0.30284768327957445,0.4949798264691616,0.637652712627761,0.6635092689917685,1.0,0.0,,,SIMULATED_MONTE_CARLO,Configured Gaussian/NLOS-bias range-error model,,"Synthetic model: N(0, 0.1500 m) range noise, plus a 0.500 m bias applied to a randomly selected 10% of attempts. Parameters come directly from this scenario's configuration, not from a measurement or a hardware-calibrated fit.",,,
scenario-000080,UWB_SS_TWR,Semtech SX1280,20x20x6m,5,10,20,20,-0.5443634793927994,2.1033719855808113,3.670089087065976,7.021664012094152,7.922961529992361,7.3033533600834355,10.908029223138255,11.18425577768878,11.825743014354067,1.0,0.0,,,HARDWARE_CALIBRATED_MODEL,Bootstrap resample of Stuart Robinson SX1280 short-range errors,https://stuartsprojects.github.io/2019/04/26/Semtech-SX1280-2-4Ghz-LoRa-ranging-tranceivers.html,"Resampling model built from Stuart Robinson's six published short-range SX1280 ranging observations (0-250 m, one hardware/environment configuration). The model draws errors with replacement from those six values; it does not condition on range, bandwidth, spreading factor, center frequency, LOS/NLOS state, temperature, oscillator, orientation or hardware, because six unrepeated points cannot support fitting any of those dependencies. Treat this as a rough, small-sample stand-in for a real conditional error model, not a validated one. It must not be used to claim SX1280 accuracy at ranges outside 0-250 m.",,,
scenario-000080,UWB_SS_TWR,Semtech SX1280,20x20x6m,10,20,60,60,-0.13731836582352733,2.226219490395143,2.916802176536679,7.0149915501645195,7.59722590067774,7.5239126129099985,9.63113525966014,10.274657450659578,11.275486577371076,1.0,0.0,,,HARDWARE_CALIBRATED_MODEL,Bootstrap resample of Stuart Robinson SX1280 short-range errors,https://stuartsprojects.github.io/2019/04/26/Semtech-SX1280-2-4Ghz-LoRa-ranging-tranceivers.html,"Resampling model built from Stuart Robinson's six published short-range SX1280 ranging observations (0-250 m, one hardware/environment configuration). The model draws errors with replacement from those six values; it does not condition on range, bandwidth, spreading factor, center frequency, LOS/NLOS state, temperature, oscillator, orientation or hardware, because six unrepeated points cannot support fitting any of those dependencies. Treat this as a rough, small-sample stand-in for a real conditional error model, not a validated one. It must not be used to claim SX1280 accuracy at ranges outside 0-250 m.",,,
scenario-000080,UWB_SS_TWR,Semtech SX1280,20x20x6m,20,30,20,20,1.0310742071029848,1.968776884879903,2.9149566791508654,7.007889737907487,7.589959882634118,7.498815829677389,9.719267186530605,9.918141460632583,10.429906432395118,1.0,0.0,,,HARDWARE_CALIBRATED_MODEL,Bootstrap resample of Stuart Robinson SX1280 short-range errors,https://stuartsprojects.github.io/2019/04/26/Semtech-SX1280-2-4Ghz-LoRa-ranging-tranceivers.html,"Resampling model built from Stuart Robinson's six published short-range SX1280 ranging observations (0-250 m, one hardware/environment configuration). The model draws errors with replacement from those six values; it does not condition on range, bandwidth, spreading factor, center frequency, LOS/NLOS state, temperature, oscillator, orientation or hardware, because six unrepeated points cannot support fitting any of those dependencies. Treat this as a rough, small-sample stand-in for a real conditional error model, not a validated one. It must not be used to claim SX1280 accuracy at ranges outside 0-250 m.",,,
scenario-000081,UWB_SS_TWR,Semtech SX1280,20x20x6m,5,10,20,20,-0.5443634793927994,2.1033719855808113,3.670089087065976,7.021664012094152,7.922961529992361,7.3033533600834355,10.908029223138255,11.18425577768878,11.825743014354067,1.0,0.0,,,HARDWARE_CALIBRATED_MODEL,Bootstrap resample of Stuart Robinson SX1280 short-range errors,https://stuartsprojects.github.io/2019/04/26/Semtech-SX1280-2-4Ghz-LoRa-ranging-tranceivers.html,"Resampling model built from Stuart Robinson's six published short-range SX1280 ranging observations (0-250 m, one hardware/environment configuration). The model draws errors with replacement from those six values; it does not condition on range, bandwidth, spreading factor, center frequency, LOS/NLOS state, temperature, oscillator, orientation or hardware, because six unrepeated points cannot support fitting any of those dependencies. Treat this as a rough, small-sample stand-in for a real conditional error model, not a validated one. It must not be used to claim SX1280 accuracy at ranges outside 0-250 m.",,,
scenario-000081,UWB_SS_TWR,Semtech SX1280,20x20x6m,10,20,60,60,-0.13731836582352733,2.226219490395143,2.916802176536679,7.0149915501645195,7.59722590067774,7.5239126129099985,9.63113525966014,10.274657450659578,11.275486577371076,1.0,0.0,,,HARDWARE_CALIBRATED_MODEL,Bootstrap resample of Stuart Robinson SX1280 short-range errors,https://stuartsprojects.github.io/2019/04/26/Semtech-SX1280-2-4Ghz-LoRa-ranging-tranceivers.html,"Resampling model built from Stuart Robinson's six published short-range SX1280 ranging observations (0-250 m, one hardware/environment configuration). The model draws errors with replacement from those six values; it does not condition on range, bandwidth, spreading factor, center frequency, LOS/NLOS state, temperature, oscillator, orientation or hardware, because six unrepeated points cannot support fitting any of those dependencies. Treat this as a rough, small-sample stand-in for a real conditional error model, not a validated one. It must not be used to claim SX1280 accuracy at ranges outside 0-250 m.",,,
scenario-000081,UWB_SS_TWR,Semtech SX1280,20x20x6m,20,30,20,20,1.0310742071029848,1.968776884879903,2.9149566791508654,7.007889737907487,7.589959882634118,7.498815829677389,9.719267186530605,9.918141460632583,10.429906432395118,1.0,0.0,,,HARDWARE_CALIBRATED_MODEL,Bootstrap resample of Stuart Robinson SX1280 short-range errors,https://stuartsprojects.github.io/2019/04/26/Semtech-SX1280-2-4Ghz-LoRa-ranging-tranceivers.html,"Resampling model built from Stuart Robinson's six published short-range SX1280 ranging observations (0-250 m, one hardware/environment configuration). The model draws errors with replacement from those six values; it does not condition on range, bandwidth, spreading factor, center frequency, LOS/NLOS state, temperature, oscillator, orientation or hardware, because six unrepeated points cannot support fitting any of those dependencies. Treat this as a rough, small-sample stand-in for a real conditional error model, not a validated one. It must not be used to claim SX1280 accuracy at ranges outside 0-250 m.",,,
scenario-000082,UWB_SS_TWR,Semtech SX1280,20x20x6m,5,10,20,20,-0.5443634793927994,2.1033719855808113,3.670089087065976,7.021664012094152,7.922961529992361,7.3033533600834355,10.908029223138255,11.18425577768878,11.825743014354067,1.0,0.0,,,HARDWARE_CALIBRATED_MODEL,Bootstrap resample of Stuart Robinson SX1280 short-range errors,https://stuartsprojects.github.io/2019/04/26/Semtech-SX1280-2-4Ghz-LoRa-ranging-tranceivers.html,"Resampling model built from Stuart Robinson's six published short-range SX1280 ranging observations (0-250 m, one hardware/environment configuration). The model draws errors with replacement from those six values; it does not condition on range, bandwidth, spreading factor, center frequency, LOS/NLOS state, temperature, oscillator, orientation or hardware, because six unrepeated points cannot support fitting any of those dependencies. Treat this as a rough, small-sample stand-in for a real conditional error model, not a validated one. It must not be used to claim SX1280 accuracy at ranges outside 0-250 m.",,,
scenario-000082,UWB_SS_TWR,Semtech SX1280,20x20x6m,10,20,60,60,-0.13731836582352733,2.226219490395143,2.916802176536679,7.0149915501645195,7.59722590067774,7.5239126129099985,9.63113525966014,10.274657450659578,11.275486577371076,1.0,0.0,,,HARDWARE_CALIBRATED_MODEL,Bootstrap resample of Stuart Robinson SX1280 short-range errors,https://stuartsprojects.github.io/2019/04/26/Semtech-SX1280-2-4Ghz-LoRa-ranging-tranceivers.html,"Resampling model built from Stuart Robinson's six published short-range SX1280 ranging observations (0-250 m, one hardware/environment configuration). The model draws errors with replacement from those six values; it does not condition on range, bandwidth, spreading factor, center frequency, LOS/NLOS state, temperature, oscillator, orientation or hardware, because six unrepeated points cannot support fitting any of those dependencies. Treat this as a rough, small-sample stand-in for a real conditional error model, not a validated one. It must not be used to claim SX1280 accuracy at ranges outside 0-250 m.",,,
scenario-000082,UWB_SS_TWR,Semtech SX1280,20x20x6m,20,30,20,20,1.0310742071029848,1.968776884879903,2.9149566791508654,7.007889737907487,7.589959882634118,7.498815829677389,9.719267186530605,9.918141460632583,10.429906432395118,1.0,0.0,,,HARDWARE_CALIBRATED_MODEL,Bootstrap resample of Stuart Robinson SX1280 short-range errors,https://stuartsprojects.github.io/2019/04/26/Semtech-SX1280-2-4Ghz-LoRa-ranging-tranceivers.html,"Resampling model built from Stuart Robinson's six published short-range SX1280 ranging observations (0-250 m, one hardware/environment configuration). The model draws errors with replacement from those six values; it does not condition on range, bandwidth, spreading factor, center frequency, LOS/NLOS state, temperature, oscillator, orientation or hardware, because six unrepeated points cannot support fitting any of those dependencies. Treat this as a rough, small-sample stand-in for a real conditional error model, not a validated one. It must not be used to claim SX1280 accuracy at ranges outside 0-250 m.",,,
scenario-000083,UWB_SS_TWR,Semtech SX1280,20x20x6m,5,10,20,20,-0.5443634793927994,2.1033719855808113,3.670089087065976,7.021664012094152,7.922961529992361,7.3033533600834355,10.908029223138255,11.18425577768878,11.825743014354067,1.0,0.0,,,HARDWARE_CALIBRATED_MODEL,Bootstrap resample of Stuart Robinson SX1280 short-range errors,https://stuartsprojects.github.io/2019/04/26/Semtech-SX1280-2-4Ghz-LoRa-ranging-tranceivers.html,"Resampling model built from Stuart Robinson's six published short-range SX1280 ranging observations (0-250 m, one hardware/environment configuration). The model draws errors with replacement from those six values; it does not condition on range, bandwidth, spreading factor, center frequency, LOS/NLOS state, temperature, oscillator, orientation or hardware, because six unrepeated points cannot support fitting any of those dependencies. Treat this as a rough, small-sample stand-in for a real conditional error model, not a validated one. It must not be used to claim SX1280 accuracy at ranges outside 0-250 m.",,,
scenario-000083,UWB_SS_TWR,Semtech SX1280,20x20x6m,10,20,60,60,-0.13731836582352733,2.226219490395143,2.916802176536679,7.0149915501645195,7.59722590067774,7.5239126129099985,9.63113525966014,10.274657450659578,11.275486577371076,1.0,0.0,,,HARDWARE_CALIBRATED_MODEL,Bootstrap resample of Stuart Robinson SX1280 short-range errors,https://stuartsprojects.github.io/2019/04/26/Semtech-SX1280-2-4Ghz-LoRa-ranging-tranceivers.html,"Resampling model built from Stuart Robinson's six published short-range SX1280 ranging observations (0-250 m, one hardware/environment configuration). The model draws errors with replacement from those six values; it does not condition on range, bandwidth, spreading factor, center frequency, LOS/NLOS state, temperature, oscillator, orientation or hardware, because six unrepeated points cannot support fitting any of those dependencies. Treat this as a rough, small-sample stand-in for a real conditional error model, not a validated one. It must not be used to claim SX1280 accuracy at ranges outside 0-250 m.",,,
scenario-000083,UWB_SS_TWR,Semtech SX1280,20x20x6m,20,30,20,20,1.0310742071029848,1.968776884879903,2.9149566791508654,7.007889737907487,7.589959882634118,7.498815829677389,9.719267186530605,9.918141460632583,10.429906432395118,1.0,0.0,,,HARDWARE_CALIBRATED_MODEL,Bootstrap resample of Stuart Robinson SX1280 short-range errors,https://stuartsprojects.github.io/2019/04/26/Semtech-SX1280-2-4Ghz-LoRa-ranging-tranceivers.html,"Resampling model built from Stuart Robinson's six published short-range SX1280 ranging observations (0-250 m, one hardware/environment configuration). The model draws errors with replacement from those six values; it does not condition on range, bandwidth, spreading factor, center frequency, LOS/NLOS state, temperature, oscillator, orientation or hardware, because six unrepeated points cannot support fitting any of those dependencies. Treat this as a rough, small-sample stand-in for a real conditional error model, not a validated one. It must not be used to claim SX1280 accuracy at ranges outside 0-250 m.",,,
scenario-000084,UWB_DS_TWR,Semtech SX1280,20x20x6m,5,10,20,20,-0.5443634793927994,2.1033719855808113,3.670089087065976,7.021664012094152,7.922961529992361,7.3033533600834355,10.908029223138255,11.18425577768878,11.825743014354067,1.0,0.0,,,HARDWARE_CALIBRATED_MODEL,Bootstrap resample of Stuart Robinson SX1280 short-range errors,https://stuartsprojects.github.io/2019/04/26/Semtech-SX1280-2-4Ghz-LoRa-ranging-tranceivers.html,"Resampling model built from Stuart Robinson's six published short-range SX1280 ranging observations (0-250 m, one hardware/environment configuration). The model draws errors with replacement from those six values; it does not condition on range, bandwidth, spreading factor, center frequency, LOS/NLOS state, temperature, oscillator, orientation or hardware, because six unrepeated points cannot support fitting any of those dependencies. Treat this as a rough, small-sample stand-in for a real conditional error model, not a validated one. It must not be used to claim SX1280 accuracy at ranges outside 0-250 m.",,,
scenario-000084,UWB_DS_TWR,Semtech SX1280,20x20x6m,10,20,60,60,-0.13731836582352733,2.226219490395143,2.916802176536679,7.0149915501645195,7.59722590067774,7.5239126129099985,9.63113525966014,10.274657450659578,11.275486577371076,1.0,0.0,,,HARDWARE_CALIBRATED_MODEL,Bootstrap resample of Stuart Robinson SX1280 short-range errors,https://stuartsprojects.github.io/2019/04/26/Semtech-SX1280-2-4Ghz-LoRa-ranging-tranceivers.html,"Resampling model built from Stuart Robinson's six published short-range SX1280 ranging observations (0-250 m, one hardware/environment configuration). The model draws errors with replacement from those six values; it does not condition on range, bandwidth, spreading factor, center frequency, LOS/NLOS state, temperature, oscillator, orientation or hardware, because six unrepeated points cannot support fitting any of those dependencies. Treat this as a rough, small-sample stand-in for a real conditional error model, not a validated one. It must not be used to claim SX1280 accuracy at ranges outside 0-250 m.",,,
scenario-000084,UWB_DS_TWR,Semtech SX1280,20x20x6m,20,30,20,20,1.0310742071029848,1.968776884879903,2.9149566791508654,7.007889737907487,7.589959882634118,7.498815829677389,9.719267186530605,9.918141460632583,10.429906432395118,1.0,0.0,,,HARDWARE_CALIBRATED_MODEL,Bootstrap resample of Stuart Robinson SX1280 short-range errors,https://stuartsprojects.github.io/2019/04/26/Semtech-SX1280-2-4Ghz-LoRa-ranging-tranceivers.html,"Resampling model built from Stuart Robinson's six published short-range SX1280 ranging observations (0-250 m, one hardware/environment configuration). The model draws errors with replacement from those six values; it does not condition on range, bandwidth, spreading factor, center frequency, LOS/NLOS state, temperature, oscillator, orientation or hardware, because six unrepeated points cannot support fitting any of those dependencies. Treat this as a rough, small-sample stand-in for a real conditional error model, not a validated one. It must not be used to claim SX1280 accuracy at ranges outside 0-250 m.",,,
scenario-000085,UWB_DS_TWR,Semtech SX1280,20x20x6m,5,10,20,20,-0.5443634793927994,2.1033719855808113,3.670089087065976,7.021664012094152,7.922961529992361,7.3033533600834355,10.908029223138255,11.18425577768878,11.825743014354067,1.0,0.0,,,HARDWARE_CALIBRATED_MODEL,Bootstrap resample of Stuart Robinson SX1280 short-range errors,https://stuartsprojects.github.io/2019/04/26/Semtech-SX1280-2-4Ghz-LoRa-ranging-tranceivers.html,"Resampling model built from Stuart Robinson's six published short-range SX1280 ranging observations (0-250 m, one hardware/environment configuration). The model draws errors with replacement from those six values; it does not condition on range, bandwidth, spreading factor, center frequency, LOS/NLOS state, temperature, oscillator, orientation or hardware, because six unrepeated points cannot support fitting any of those dependencies. Treat this as a rough, small-sample stand-in for a real conditional error model, not a validated one. It must not be used to claim SX1280 accuracy at ranges outside 0-250 m.",,,
scenario-000085,UWB_DS_TWR,Semtech SX1280,20x20x6m,10,20,60,60,-0.13731836582352733,2.226219490395143,2.916802176536679,7.0149915501645195,7.59722590067774,7.5239126129099985,9.63113525966014,10.274657450659578,11.275486577371076,1.0,0.0,,,HARDWARE_CALIBRATED_MODEL,Bootstrap resample of Stuart Robinson SX1280 short-range errors,https://stuartsprojects.github.io/2019/04/26/Semtech-SX1280-2-4Ghz-LoRa-ranging-tranceivers.html,"Resampling model built from Stuart Robinson's six published short-range SX1280 ranging observations (0-250 m, one hardware/environment configuration). The model draws errors with replacement from those six values; it does not condition on range, bandwidth, spreading factor, center frequency, LOS/NLOS state, temperature, oscillator, orientation or hardware, because six unrepeated points cannot support fitting any of those dependencies. Treat this as a rough, small-sample stand-in for a real conditional error model, not a validated one. It must not be used to claim SX1280 accuracy at ranges outside 0-250 m.",,,
scenario-000085,UWB_DS_TWR,Semtech SX1280,20x20x6m,20,30,20,20,1.0310742071029848,1.968776884879903,2.9149566791508654,7.007889737907487,7.589959882634118,7.498815829677389,9.719267186530605,9.918141460632583,10.429906432395118,1.0,0.0,,,HARDWARE_CALIBRATED_MODEL,Bootstrap resample of Stuart Robinson SX1280 short-range errors,https://stuartsprojects.github.io/2019/04/26/Semtech-SX1280-2-4Ghz-LoRa-ranging-tranceivers.html,"Resampling model built from Stuart Robinson's six published short-range SX1280 ranging observations (0-250 m, one hardware/environment configuration). The model draws errors with replacement from those six values; it does not condition on range, bandwidth, spreading factor, center frequency, LOS/NLOS state, temperature, oscillator, orientation or hardware, because six unrepeated points cannot support fitting any of those dependencies. Treat this as a rough, small-sample stand-in for a real conditional error model, not a validated one. It must not be used to claim SX1280 accuracy at ranges outside 0-250 m.",,,
scenario-000086,UWB_DS_TWR,Semtech SX1280,20x20x6m,5,10,20,20,-0.5443634793927994,2.1033719855808113,3.670089087065976,7.021664012094152,7.922961529992361,7.3033533600834355,10.908029223138255,11.18425577768878,11.825743014354067,1.0,0.0,,,HARDWARE_CALIBRATED_MODEL,Bootstrap resample of Stuart Robinson SX1280 short-range errors,https://stuartsprojects.github.io/2019/04/26/Semtech-SX1280-2-4Ghz-LoRa-ranging-tranceivers.html,"Resampling model built from Stuart Robinson's six published short-range SX1280 ranging observations (0-250 m, one hardware/environment configuration). The model draws errors with replacement from those six values; it does not condition on range, bandwidth, spreading factor, center frequency, LOS/NLOS state, temperature, oscillator, orientation or hardware, because six unrepeated points cannot support fitting any of those dependencies. Treat this as a rough, small-sample stand-in for a real conditional error model, not a validated one. It must not be used to claim SX1280 accuracy at ranges outside 0-250 m.",,,
scenario-000086,UWB_DS_TWR,Semtech SX1280,20x20x6m,10,20,60,60,-0.13731836582352733,2.226219490395143,2.916802176536679,7.0149915501645195,7.59722590067774,7.5239126129099985,9.63113525966014,10.274657450659578,11.275486577371076,1.0,0.0,,,HARDWARE_CALIBRATED_MODEL,Bootstrap resample of Stuart Robinson SX1280 short-range errors,https://stuartsprojects.github.io/2019/04/26/Semtech-SX1280-2-4Ghz-LoRa-ranging-tranceivers.html,"Resampling model built from Stuart Robinson's six published short-range SX1280 ranging observations (0-250 m, one hardware/environment configuration). The model draws errors with replacement from those six values; it does not condition on range, bandwidth, spreading factor, center frequency, LOS/NLOS state, temperature, oscillator, orientation or hardware, because six unrepeated points cannot support fitting any of those dependencies. Treat this as a rough, small-sample stand-in for a real conditional error model, not a validated one. It must not be used to claim SX1280 accuracy at ranges outside 0-250 m.",,,
scenario-000086,UWB_DS_TWR,Semtech SX1280,20x20x6m,20,30,20,20,1.0310742071029848,1.968776884879903,2.9149566791508654,7.007889737907487,7.589959882634118,7.498815829677389,9.719267186530605,9.918141460632583,10.429906432395118,1.0,0.0,,,HARDWARE_CALIBRATED_MODEL,Bootstrap resample of Stuart Robinson SX1280 short-range errors,https://stuartsprojects.github.io/2019/04/26/Semtech-SX1280-2-4Ghz-LoRa-ranging-tranceivers.html,"Resampling model built from Stuart Robinson's six published short-range SX1280 ranging observations (0-250 m, one hardware/environment configuration). The model draws errors with replacement from those six values; it does not condition on range, bandwidth, spreading factor, center frequency, LOS/NLOS state, temperature, oscillator, orientation or hardware, because six unrepeated points cannot support fitting any of those dependencies. Treat this as a rough, small-sample stand-in for a real conditional error model, not a validated one. It must not be used to claim SX1280 accuracy at ranges outside 0-250 m.",,,
scenario-000087,UWB_DS_TWR,Semtech SX1280,20x20x6m,5,10,20,20,-0.5443634793927994,2.1033719855808113,3.670089087065976,7.021664012094152,7.922961529992361,7.3033533600834355,10.908029223138255,11.18425577768878,11.825743014354067,1.0,0.0,,,HARDWARE_CALIBRATED_MODEL,Bootstrap resample of Stuart Robinson SX1280 short-range errors,https://stuartsprojects.github.io/2019/04/26/Semtech-SX1280-2-4Ghz-LoRa-ranging-tranceivers.html,"Resampling model built from Stuart Robinson's six published short-range SX1280 ranging observations (0-250 m, one hardware/environment configuration). The model draws errors with replacement from those six values; it does not condition on range, bandwidth, spreading factor, center frequency, LOS/NLOS state, temperature, oscillator, orientation or hardware, because six unrepeated points cannot support fitting any of those dependencies. Treat this as a rough, small-sample stand-in for a real conditional error model, not a validated one. It must not be used to claim SX1280 accuracy at ranges outside 0-250 m.",,,
scenario-000087,UWB_DS_TWR,Semtech SX1280,20x20x6m,10,20,60,60,-0.13731836582352733,2.226219490395143,2.916802176536679,7.0149915501645195,7.59722590067774,7.5239126129099985,9.63113525966014,10.274657450659578,11.275486577371076,1.0,0.0,,,HARDWARE_CALIBRATED_MODEL,Bootstrap resample of Stuart Robinson SX1280 short-range errors,https://stuartsprojects.github.io/2019/04/26/Semtech-SX1280-2-4Ghz-LoRa-ranging-tranceivers.html,"Resampling model built from Stuart Robinson's six published short-range SX1280 ranging observations (0-250 m, one hardware/environment configuration). The model draws errors with replacement from those six values; it does not condition on range, bandwidth, spreading factor, center frequency, LOS/NLOS state, temperature, oscillator, orientation or hardware, because six unrepeated points cannot support fitting any of those dependencies. Treat this as a rough, small-sample stand-in for a real conditional error model, not a validated one. It must not be used to claim SX1280 accuracy at ranges outside 0-250 m.",,,
scenario-000087,UWB_DS_TWR,Semtech SX1280,20x20x6m,20,30,20,20,1.0310742071029848,1.968776884879903,2.9149566791508654,7.007889737907487,7.589959882634118,7.498815829677389,9.719267186530605,9.918141460632583,10.429906432395118,1.0,0.0,,,HARDWARE_CALIBRATED_MODEL,Bootstrap resample of Stuart Robinson SX1280 short-range errors,https://stuartsprojects.github.io/2019/04/26/Semtech-SX1280-2-4Ghz-LoRa-ranging-tranceivers.html,"Resampling model built from Stuart Robinson's six published short-range SX1280 ranging observations (0-250 m, one hardware/environment configuration). The model draws errors with replacement from those six values; it does not condition on range, bandwidth, spreading factor, center frequency, LOS/NLOS state, temperature, oscillator, orientation or hardware, because six unrepeated points cannot support fitting any of those dependencies. Treat this as a rough, small-sample stand-in for a real conditional error model, not a validated one. It must not be used to claim SX1280 accuracy at ranges outside 0-250 m.",,,
scenario-000088,TDOA,Semtech SX1280,20x20x6m,5,10,20,20,-0.47591689035156176,1.9816923859836741,2.9179793423285503,4.381788676092684,5.264472950276242,3.313952208582821,8.79229866556211,9.147331142190527,9.362119790134285,1.0,0.0,,,HARDWARE_CALIBRATED_MODEL,Bootstrap resample of Stuart Robinson SX1280 short-range errors,https://stuartsprojects.github.io/2019/04/26/Semtech-SX1280-2-4Ghz-LoRa-ranging-tranceivers.html,"Resampling model built from Stuart Robinson's six published short-range SX1280 ranging observations (0-250 m, one hardware/environment configuration). The model draws errors with replacement from those six values; it does not condition on range, bandwidth, spreading factor, center frequency, LOS/NLOS state, temperature, oscillator, orientation or hardware, because six unrepeated points cannot support fitting any of those dependencies. Treat this as a rough, small-sample stand-in for a real conditional error model, not a validated one. It must not be used to claim SX1280 accuracy at ranges outside 0-250 m.",,,
scenario-000088,TDOA,Semtech SX1280,20x20x6m,10,20,60,60,-0.23160434291759677,3.218590187030998,3.7654166025763254,8.678917692580773,9.460548319497608,4.409681309921588,8.282022568828912,14.606565313464966,37.03103924239618,1.0,0.0,,,HARDWARE_CALIBRATED_MODEL,Bootstrap resample of Stuart Robinson SX1280 short-range errors,https://stuartsprojects.github.io/2019/04/26/Semtech-SX1280-2-4Ghz-LoRa-ranging-tranceivers.html,"Resampling model built from Stuart Robinson's six published short-range SX1280 ranging observations (0-250 m, one hardware/environment configuration). The model draws errors with replacement from those six values; it does not condition on range, bandwidth, spreading factor, center frequency, LOS/NLOS state, temperature, oscillator, orientation or hardware, because six unrepeated points cannot support fitting any of those dependencies. Treat this as a rough, small-sample stand-in for a real conditional error model, not a validated one. It must not be used to claim SX1280 accuracy at ranges outside 0-250 m.",,,
scenario-000088,TDOA,Semtech SX1280,20x20x6m,20,30,20,20,3510.096344290219,10740.056921369098,13780.003064902217,11326.004402078397,17837.232413819518,5.7625670012173575,20007.552036097924,40562.39775738364,61837.41883435675,1.0,0.0,,,HARDWARE_CALIBRATED_MODEL,Bootstrap resample of Stuart Robinson SX1280 short-range errors,https://stuartsprojects.github.io/2019/04/26/Semtech-SX1280-2-4Ghz-LoRa-ranging-tranceivers.html,"Resampling model built from Stuart Robinson's six published short-range SX1280 ranging observations (0-250 m, one hardware/environment configuration). The model draws errors with replacement from those six values; it does not condition on range, bandwidth, spreading factor, center frequency, LOS/NLOS state, temperature, oscillator, orientation or hardware, because six unrepeated points cannot support fitting any of those dependencies. Treat this as a rough, small-sample stand-in for a real conditional error model, not a validated one. It must not be used to claim SX1280 accuracy at ranges outside 0-250 m.",,,
scenario-000089,TDOA,Semtech SX1280,20x20x6m,5,10,20,20,-0.47591689035156176,1.9816923859836741,2.9179793423285503,4.381788676092684,5.264472950276242,3.313952208582821,8.79229866556211,9.147331142190527,9.362119790134285,1.0,0.0,,,HARDWARE_CALIBRATED_MODEL,Bootstrap resample of Stuart Robinson SX1280 short-range errors,https://stuartsprojects.github.io/2019/04/26/Semtech-SX1280-2-4Ghz-LoRa-ranging-tranceivers.html,"Resampling model built from Stuart Robinson's six published short-range SX1280 ranging observations (0-250 m, one hardware/environment configuration). The model draws errors with replacement from those six values; it does not condition on range, bandwidth, spreading factor, center frequency, LOS/NLOS state, temperature, oscillator, orientation or hardware, because six unrepeated points cannot support fitting any of those dependencies. Treat this as a rough, small-sample stand-in for a real conditional error model, not a validated one. It must not be used to claim SX1280 accuracy at ranges outside 0-250 m.",,,
scenario-000089,TDOA,Semtech SX1280,20x20x6m,10,20,60,60,-0.23160434291759677,3.218590187030998,3.7654166025763254,8.678917692580773,9.460548319497608,4.409681309921588,8.282022568828912,14.606565313464966,37.03103924239618,1.0,0.0,,,HARDWARE_CALIBRATED_MODEL,Bootstrap resample of Stuart Robinson SX1280 short-range errors,https://stuartsprojects.github.io/2019/04/26/Semtech-SX1280-2-4Ghz-LoRa-ranging-tranceivers.html,"Resampling model built from Stuart Robinson's six published short-range SX1280 ranging observations (0-250 m, one hardware/environment configuration). The model draws errors with replacement from those six values; it does not condition on range, bandwidth, spreading factor, center frequency, LOS/NLOS state, temperature, oscillator, orientation or hardware, because six unrepeated points cannot support fitting any of those dependencies. Treat this as a rough, small-sample stand-in for a real conditional error model, not a validated one. It must not be used to claim SX1280 accuracy at ranges outside 0-250 m.",,,
scenario-000089,TDOA,Semtech SX1280,20x20x6m,20,30,20,20,3510.096344290219,10740.056921369098,13780.003064902217,11326.004402078397,17837.232413819518,5.7625670012173575,20007.552036097924,40562.39775738364,61837.41883435675,1.0,0.0,,,HARDWARE_CALIBRATED_MODEL,Bootstrap resample of Stuart Robinson SX1280 short-range errors,https://stuartsprojects.github.io/2019/04/26/Semtech-SX1280-2-4Ghz-LoRa-ranging-tranceivers.html,"Resampling model built from Stuart Robinson's six published short-range SX1280 ranging observations (0-250 m, one hardware/environment configuration). The model draws errors with replacement from those six values; it does not condition on range, bandwidth, spreading factor, center frequency, LOS/NLOS state, temperature, oscillator, orientation or hardware, because six unrepeated points cannot support fitting any of those dependencies. Treat this as a rough, small-sample stand-in for a real conditional error model, not a validated one. It must not be used to claim SX1280 accuracy at ranges outside 0-250 m.",,,
scenario-000090,TDOA,Semtech SX1280,20x20x6m,5,10,20,20,-0.47591689035156176,1.9816923859836741,2.9179793423285503,4.381788676092684,5.264472950276242,3.313952208582821,8.79229866556211,9.147331142190527,9.362119790134285,1.0,0.0,,,HARDWARE_CALIBRATED_MODEL,Bootstrap resample of Stuart Robinson SX1280 short-range errors,https://stuartsprojects.github.io/2019/04/26/Semtech-SX1280-2-4Ghz-LoRa-ranging-tranceivers.html,"Resampling model built from Stuart Robinson's six published short-range SX1280 ranging observations (0-250 m, one hardware/environment configuration). The model draws errors with replacement from those six values; it does not condition on range, bandwidth, spreading factor, center frequency, LOS/NLOS state, temperature, oscillator, orientation or hardware, because six unrepeated points cannot support fitting any of those dependencies. Treat this as a rough, small-sample stand-in for a real conditional error model, not a validated one. It must not be used to claim SX1280 accuracy at ranges outside 0-250 m.",,,
scenario-000090,TDOA,Semtech SX1280,20x20x6m,10,20,60,60,-0.23160434291759677,3.218590187030998,3.7654166025763254,8.678917692580773,9.460548319497608,4.409681309921588,8.282022568828912,14.606565313464966,37.03103924239618,1.0,0.0,,,HARDWARE_CALIBRATED_MODEL,Bootstrap resample of Stuart Robinson SX1280 short-range errors,https://stuartsprojects.github.io/2019/04/26/Semtech-SX1280-2-4Ghz-LoRa-ranging-tranceivers.html,"Resampling model built from Stuart Robinson's six published short-range SX1280 ranging observations (0-250 m, one hardware/environment configuration). The model draws errors with replacement from those six values; it does not condition on range, bandwidth, spreading factor, center frequency, LOS/NLOS state, temperature, oscillator, orientation or hardware, because six unrepeated points cannot support fitting any of those dependencies. Treat this as a rough, small-sample stand-in for a real conditional error model, not a validated one. It must not be used to claim SX1280 accuracy at ranges outside 0-250 m.",,,
scenario-000090,TDOA,Semtech SX1280,20x20x6m,20,30,20,20,3510.096344290219,10740.056921369098,13780.003064902217,11326.004402078397,17837.232413819518,5.7625670012173575,20007.552036097924,40562.39775738364,61837.41883435675,1.0,0.0,,,HARDWARE_CALIBRATED_MODEL,Bootstrap resample of Stuart Robinson SX1280 short-range errors,https://stuartsprojects.github.io/2019/04/26/Semtech-SX1280-2-4Ghz-LoRa-ranging-tranceivers.html,"Resampling model built from Stuart Robinson's six published short-range SX1280 ranging observations (0-250 m, one hardware/environment configuration). The model draws errors with replacement from those six values; it does not condition on range, bandwidth, spreading factor, center frequency, LOS/NLOS state, temperature, oscillator, orientation or hardware, because six unrepeated points cannot support fitting any of those dependencies. Treat this as a rough, small-sample stand-in for a real conditional error model, not a validated one. It must not be used to claim SX1280 accuracy at ranges outside 0-250 m.",,,
scenario-000091,TDOA,Semtech SX1280,20x20x6m,5,10,20,20,-0.47591689035156176,1.9816923859836741,2.9179793423285503,4.381788676092684,5.264472950276242,3.313952208582821,8.79229866556211,9.147331142190527,9.362119790134285,1.0,0.0,,,HARDWARE_CALIBRATED_MODEL,Bootstrap resample of Stuart Robinson SX1280 short-range errors,https://stuartsprojects.github.io/2019/04/26/Semtech-SX1280-2-4Ghz-LoRa-ranging-tranceivers.html,"Resampling model built from Stuart Robinson's six published short-range SX1280 ranging observations (0-250 m, one hardware/environment configuration). The model draws errors with replacement from those six values; it does not condition on range, bandwidth, spreading factor, center frequency, LOS/NLOS state, temperature, oscillator, orientation or hardware, because six unrepeated points cannot support fitting any of those dependencies. Treat this as a rough, small-sample stand-in for a real conditional error model, not a validated one. It must not be used to claim SX1280 accuracy at ranges outside 0-250 m.",,,
scenario-000091,TDOA,Semtech SX1280,20x20x6m,10,20,60,60,-0.23160434291759677,3.218590187030998,3.7654166025763254,8.678917692580773,9.460548319497608,4.409681309921588,8.282022568828912,14.606565313464966,37.03103924239618,1.0,0.0,,,HARDWARE_CALIBRATED_MODEL,Bootstrap resample of Stuart Robinson SX1280 short-range errors,https://stuartsprojects.github.io/2019/04/26/Semtech-SX1280-2-4Ghz-LoRa-ranging-tranceivers.html,"Resampling model built from Stuart Robinson's six published short-range SX1280 ranging observations (0-250 m, one hardware/environment configuration). The model draws errors with replacement from those six values; it does not condition on range, bandwidth, spreading factor, center frequency, LOS/NLOS state, temperature, oscillator, orientation or hardware, because six unrepeated points cannot support fitting any of those dependencies. Treat this as a rough, small-sample stand-in for a real conditional error model, not a validated one. It must not be used to claim SX1280 accuracy at ranges outside 0-250 m.",,,
scenario-000091,TDOA,Semtech SX1280,20x20x6m,20,30,20,20,3510.096344290219,10740.056921369098,13780.003064902217,11326.004402078397,17837.232413819518,5.7625670012173575,20007.552036097924,40562.39775738364,61837.41883435675,1.0,0.0,,,HARDWARE_CALIBRATED_MODEL,Bootstrap resample of Stuart Robinson SX1280 short-range errors,https://stuartsprojects.github.io/2019/04/26/Semtech-SX1280-2-4Ghz-LoRa-ranging-tranceivers.html,"Resampling model built from Stuart Robinson's six published short-range SX1280 ranging observations (0-250 m, one hardware/environment configuration). The model draws errors with replacement from those six values; it does not condition on range, bandwidth, spreading factor, center frequency, LOS/NLOS state, temperature, oscillator, orientation or hardware, because six unrepeated points cannot support fitting any of those dependencies. Treat this as a rough, small-sample stand-in for a real conditional error model, not a validated one. It must not be used to claim SX1280 accuracy at ranges outside 0-250 m.",,,
scenario-000092,SX1280_RANGING,Semtech SX1280,20x20x6m,5,10,20,20,-0.5443634793927994,2.1033719855808113,3.670089087065976,7.021664012094152,7.922961529992361,7.3033533600834355,10.908029223138255,11.18425577768878,11.825743014354067,1.0,0.0,,,HARDWARE_CALIBRATED_MODEL,Bootstrap resample of Stuart Robinson SX1280 short-range errors,https://stuartsprojects.github.io/2019/04/26/Semtech-SX1280-2-4Ghz-LoRa-ranging-tranceivers.html,"Resampling model built from Stuart Robinson's six published short-range SX1280 ranging observations (0-250 m, one hardware/environment configuration). The model draws errors with replacement from those six values; it does not condition on range, bandwidth, spreading factor, center frequency, LOS/NLOS state, temperature, oscillator, orientation or hardware, because six unrepeated points cannot support fitting any of those dependencies. Treat this as a rough, small-sample stand-in for a real conditional error model, not a validated one. It must not be used to claim SX1280 accuracy at ranges outside 0-250 m.",,,
scenario-000092,SX1280_RANGING,Semtech SX1280,20x20x6m,10,20,60,60,-0.13731836582352733,2.226219490395143,2.916802176536679,7.0149915501645195,7.59722590067774,7.5239126129099985,9.63113525966014,10.274657450659578,11.275486577371076,1.0,0.0,,,HARDWARE_CALIBRATED_MODEL,Bootstrap resample of Stuart Robinson SX1280 short-range errors,https://stuartsprojects.github.io/2019/04/26/Semtech-SX1280-2-4Ghz-LoRa-ranging-tranceivers.html,"Resampling model built from Stuart Robinson's six published short-range SX1280 ranging observations (0-250 m, one hardware/environment configuration). The model draws errors with replacement from those six values; it does not condition on range, bandwidth, spreading factor, center frequency, LOS/NLOS state, temperature, oscillator, orientation or hardware, because six unrepeated points cannot support fitting any of those dependencies. Treat this as a rough, small-sample stand-in for a real conditional error model, not a validated one. It must not be used to claim SX1280 accuracy at ranges outside 0-250 m.",,,
scenario-000092,SX1280_RANGING,Semtech SX1280,20x20x6m,20,30,20,20,1.0310742071029848,1.968776884879903,2.9149566791508654,7.007889737907487,7.589959882634118,7.498815829677389,9.719267186530605,9.918141460632583,10.429906432395118,1.0,0.0,,,HARDWARE_CALIBRATED_MODEL,Bootstrap resample of Stuart Robinson SX1280 short-range errors,https://stuartsprojects.github.io/2019/04/26/Semtech-SX1280-2-4Ghz-LoRa-ranging-tranceivers.html,"Resampling model built from Stuart Robinson's six published short-range SX1280 ranging observations (0-250 m, one hardware/environment configuration). The model draws errors with replacement from those six values; it does not condition on range, bandwidth, spreading factor, center frequency, LOS/NLOS state, temperature, oscillator, orientation or hardware, because six unrepeated points cannot support fitting any of those dependencies. Treat this as a rough, small-sample stand-in for a real conditional error model, not a validated one. It must not be used to claim SX1280 accuracy at ranges outside 0-250 m.",,,
scenario-000093,SX1280_RANGING,Semtech SX1280,20x20x6m,5,10,20,20,-0.5443634793927994,2.1033719855808113,3.670089087065976,7.021664012094152,7.922961529992361,7.3033533600834355,10.908029223138255,11.18425577768878,11.825743014354067,1.0,0.0,,,HARDWARE_CALIBRATED_MODEL,Bootstrap resample of Stuart Robinson SX1280 short-range errors,https://stuartsprojects.github.io/2019/04/26/Semtech-SX1280-2-4Ghz-LoRa-ranging-tranceivers.html,"Resampling model built from Stuart Robinson's six published short-range SX1280 ranging observations (0-250 m, one hardware/environment configuration). The model draws errors with replacement from those six values; it does not condition on range, bandwidth, spreading factor, center frequency, LOS/NLOS state, temperature, oscillator, orientation or hardware, because six unrepeated points cannot support fitting any of those dependencies. Treat this as a rough, small-sample stand-in for a real conditional error model, not a validated one. It must not be used to claim SX1280 accuracy at ranges outside 0-250 m.",,,
scenario-000093,SX1280_RANGING,Semtech SX1280,20x20x6m,10,20,60,60,-0.13731836582352733,2.226219490395143,2.916802176536679,7.0149915501645195,7.59722590067774,7.5239126129099985,9.63113525966014,10.274657450659578,11.275486577371076,1.0,0.0,,,HARDWARE_CALIBRATED_MODEL,Bootstrap resample of Stuart Robinson SX1280 short-range errors,https://stuartsprojects.github.io/2019/04/26/Semtech-SX1280-2-4Ghz-LoRa-ranging-tranceivers.html,"Resampling model built from Stuart Robinson's six published short-range SX1280 ranging observations (0-250 m, one hardware/environment configuration). The model draws errors with replacement from those six values; it does not condition on range, bandwidth, spreading factor, center frequency, LOS/NLOS state, temperature, oscillator, orientation or hardware, because six unrepeated points cannot support fitting any of those dependencies. Treat this as a rough, small-sample stand-in for a real conditional error model, not a validated one. It must not be used to claim SX1280 accuracy at ranges outside 0-250 m.",,,
scenario-000093,SX1280_RANGING,Semtech SX1280,20x20x6m,20,30,20,20,1.0310742071029848,1.968776884879903,2.9149566791508654,7.007889737907487,7.589959882634118,7.498815829677389,9.719267186530605,9.918141460632583,10.429906432395118,1.0,0.0,,,HARDWARE_CALIBRATED_MODEL,Bootstrap resample of Stuart Robinson SX1280 short-range errors,https://stuartsprojects.github.io/2019/04/26/Semtech-SX1280-2-4Ghz-LoRa-ranging-tranceivers.html,"Resampling model built from Stuart Robinson's six published short-range SX1280 ranging observations (0-250 m, one hardware/environment configuration). The model draws errors with replacement from those six values; it does not condition on range, bandwidth, spreading factor, center frequency, LOS/NLOS state, temperature, oscillator, orientation or hardware, because six unrepeated points cannot support fitting any of those dependencies. Treat this as a rough, small-sample stand-in for a real conditional error model, not a validated one. It must not be used to claim SX1280 accuracy at ranges outside 0-250 m.",,,
scenario-000094,SX1280_RANGING,Semtech SX1280,20x20x6m,5,10,20,20,-0.5443634793927994,2.1033719855808113,3.670089087065976,7.021664012094152,7.922961529992361,7.3033533600834355,10.908029223138255,11.18425577768878,11.825743014354067,1.0,0.0,,,HARDWARE_CALIBRATED_MODEL,Bootstrap resample of Stuart Robinson SX1280 short-range errors,https://stuartsprojects.github.io/2019/04/26/Semtech-SX1280-2-4Ghz-LoRa-ranging-tranceivers.html,"Resampling model built from Stuart Robinson's six published short-range SX1280 ranging observations (0-250 m, one hardware/environment configuration). The model draws errors with replacement from those six values; it does not condition on range, bandwidth, spreading factor, center frequency, LOS/NLOS state, temperature, oscillator, orientation or hardware, because six unrepeated points cannot support fitting any of those dependencies. Treat this as a rough, small-sample stand-in for a real conditional error model, not a validated one. It must not be used to claim SX1280 accuracy at ranges outside 0-250 m.",,,
scenario-000094,SX1280_RANGING,Semtech SX1280,20x20x6m,10,20,60,60,-0.13731836582352733,2.226219490395143,2.916802176536679,7.0149915501645195,7.59722590067774,7.5239126129099985,9.63113525966014,10.274657450659578,11.275486577371076,1.0,0.0,,,HARDWARE_CALIBRATED_MODEL,Bootstrap resample of Stuart Robinson SX1280 short-range errors,https://stuartsprojects.github.io/2019/04/26/Semtech-SX1280-2-4Ghz-LoRa-ranging-tranceivers.html,"Resampling model built from Stuart Robinson's six published short-range SX1280 ranging observations (0-250 m, one hardware/environment configuration). The model draws errors with replacement from those six values; it does not condition on range, bandwidth, spreading factor, center frequency, LOS/NLOS state, temperature, oscillator, orientation or hardware, because six unrepeated points cannot support fitting any of those dependencies. Treat this as a rough, small-sample stand-in for a real conditional error model, not a validated one. It must not be used to claim SX1280 accuracy at ranges outside 0-250 m.",,,
scenario-000094,SX1280_RANGING,Semtech SX1280,20x20x6m,20,30,20,20,1.0310742071029848,1.968776884879903,2.9149566791508654,7.007889737907487,7.589959882634118,7.498815829677389,9.719267186530605,9.918141460632583,10.429906432395118,1.0,0.0,,,HARDWARE_CALIBRATED_MODEL,Bootstrap resample of Stuart Robinson SX1280 short-range errors,https://stuartsprojects.github.io/2019/04/26/Semtech-SX1280-2-4Ghz-LoRa-ranging-tranceivers.html,"Resampling model built from Stuart Robinson's six published short-range SX1280 ranging observations (0-250 m, one hardware/environment configuration). The model draws errors with replacement from those six values; it does not condition on range, bandwidth, spreading factor, center frequency, LOS/NLOS state, temperature, oscillator, orientation or hardware, because six unrepeated points cannot support fitting any of those dependencies. Treat this as a rough, small-sample stand-in for a real conditional error model, not a validated one. It must not be used to claim SX1280 accuracy at ranges outside 0-250 m.",,,
scenario-000095,SX1280_RANGING,Semtech SX1280,20x20x6m,5,10,20,20,-0.5443634793927994,2.1033719855808113,3.670089087065976,7.021664012094152,7.922961529992361,7.3033533600834355,10.908029223138255,11.18425577768878,11.825743014354067,1.0,0.0,,,HARDWARE_CALIBRATED_MODEL,Bootstrap resample of Stuart Robinson SX1280 short-range errors,https://stuartsprojects.github.io/2019/04/26/Semtech-SX1280-2-4Ghz-LoRa-ranging-tranceivers.html,"Resampling model built from Stuart Robinson's six published short-range SX1280 ranging observations (0-250 m, one hardware/environment configuration). The model draws errors with replacement from those six values; it does not condition on range, bandwidth, spreading factor, center frequency, LOS/NLOS state, temperature, oscillator, orientation or hardware, because six unrepeated points cannot support fitting any of those dependencies. Treat this as a rough, small-sample stand-in for a real conditional error model, not a validated one. It must not be used to claim SX1280 accuracy at ranges outside 0-250 m.",,,
scenario-000095,SX1280_RANGING,Semtech SX1280,20x20x6m,10,20,60,60,-0.13731836582352733,2.226219490395143,2.916802176536679,7.0149915501645195,7.59722590067774,7.5239126129099985,9.63113525966014,10.274657450659578,11.275486577371076,1.0,0.0,,,HARDWARE_CALIBRATED_MODEL,Bootstrap resample of Stuart Robinson SX1280 short-range errors,https://stuartsprojects.github.io/2019/04/26/Semtech-SX1280-2-4Ghz-LoRa-ranging-tranceivers.html,"Resampling model built from Stuart Robinson's six published short-range SX1280 ranging observations (0-250 m, one hardware/environment configuration). The model draws errors with replacement from those six values; it does not condition on range, bandwidth, spreading factor, center frequency, LOS/NLOS state, temperature, oscillator, orientation or hardware, because six unrepeated points cannot support fitting any of those dependencies. Treat this as a rough, small-sample stand-in for a real conditional error model, not a validated one. It must not be used to claim SX1280 accuracy at ranges outside 0-250 m.",,,
scenario-000095,SX1280_RANGING,Semtech SX1280,20x20x6m,20,30,20,20,1.0310742071029848,1.968776884879903,2.9149566791508654,7.007889737907487,7.589959882634118,7.498815829677389,9.719267186530605,9.918141460632583,10.429906432395118,1.0,0.0,,,HARDWARE_CALIBRATED_MODEL,Bootstrap resample of Stuart Robinson SX1280 short-range errors,https://stuartsprojects.github.io/2019/04/26/Semtech-SX1280-2-4Ghz-LoRa-ranging-tranceivers.html,"Resampling model built from Stuart Robinson's six published short-range SX1280 ranging observations (0-250 m, one hardware/environment configuration). The model draws errors with replacement from those six values; it does not condition on range, bandwidth, spreading factor, center frequency, LOS/NLOS state, temperature, oscillator, orientation or hardware, because six unrepeated points cannot support fitting any of those dependencies. Treat this as a rough, small-sample stand-in for a real conditional error model, not a validated one. It must not be used to claim SX1280 accuracy at ranges outside 0-250 m.",,,
